period,threshold,direction,n,gross_mean_bp,net_mean_bp,net_median_bp,net_hit_rate
BUILD,P80,UP,162,-2.5620462111111104,-5.1088549058743755,-9.527125067707486,0.4074074074074074
BUILD,P80,DOWN,175,3.718418857142858,1.1007226724696522,-3.419383373742364,0.45714285714285713
BUILD,P90,UP,73,-3.0206090164383554,-5.449133127240454,-11.84661868147494,0.3835616438356164
BUILD,P90,DOWN,96,7.687865947916666,5.14959536884649,0.020016334243702638,0.5
BUILD,P95,UP,26,-9.491321576923077,-12.077799740712774,-14.114846877715264,0.3076923076923077
BUILD,P95,DOWN,59,15.291162355932201,12.87181473993488,3.2625297694945155,0.5423728813559322
2019_2021,P80,UP,40,9.726204510000002,8.405152570425573,7.767558878640854,0.55
2019_2021,P80,DOWN,58,-1.9515184689655167,-3.249687611240609,2.563563294775204,0.5344827586206896
2019_2021,P90,UP,19,17.511422526315787,15.915818320892514,13.492696564407494,0.631578947368421
2019_2021,P90,DOWN,33,-10.036837212121213,-11.400355184277823,1.5061480116180648,0.5151515151515151
2019_2021,P95,UP,10,20.8886216,19.1454065039947,11.582283092536816,0.6
2019_2021,P95,DOWN,18,-36.69382344444445,-38.22300494119847,-23.310136503673462,0.4444444444444444
2022_2024,P80,UP,82,0.5378006534146352,-0.21641025014651538,-0.7055541363998459,0.47560975609756095
2022_2024,P80,DOWN,79,-0.7419320088607608,-1.4716509901165045,-1.6873147787231768,0.46835443037974683
2022_2024,P90,UP,32,6.418136750000002,5.666847075065316,5.14734148145252,0.5
2022_2024,P90,DOWN,43,5.995849339534882,5.3038440286291095,-2.1093958347317243,0.46511627906976744
2022_2024,P95,UP,13,9.383906153846157,8.641389967217616,17.396053543529206,0.5384615384615384
2022_2024,P95,DOWN,21,8.688810552380952,8.013451544874654,12.314980417324673,0.5238095238095238
2025_2026,P80,UP,31,-9.060117838709678,-9.527560654014483,-7.053952113663594,0.41935483870967744
2025_2026,P80,DOWN,37,13.51802952162162,12.990896565515369,14.662054923662568,0.5945945945945946
2025_2026,P90,UP,11,-4.987961545454546,-5.441805397979784,-2.6771814345046643,0.45454545454545453
2025_2026,P90,DOWN,18,22.076061238888887,21.561842215530397,15.814788152291449,0.6111111111111112
2025_2026,P95,UP,3,35.728147666666665,35.326960121685254,22.954567487341,0.6666666666666666
2025_2026,P95,DOWN,10,23.09730993,22.555802687474653,4.636166778922988,0.5
HOLDOUT,P80,UP,153,0.995321444313726,0.1510201439905864,-0.8426035498342949,0.48366013071895425
HOLDOUT,P80,DOWN,174,1.887163174712643,1.0110394439822386,1.3643255580023599,0.5172413793103449
HOLDOUT,P90,UP,62,7.794029467741935,6.836770889052746,10.873666568072656,0.532258064516129
HOLDOUT,P90,DOWN,94,3.446542509574469,2.552837574781178,1.0208925951490946,0.5106382978723404
HOLDOUT,P95,UP,26,16.848516884615385,15.76050057610891,15.44437505396835,0.5769230769230769
HOLDOUT,P95,DOWN,49,-5.041851042857148,-6.003542441315469,-1.2258435122111506,0.4897959183673469
ALL,P80,UP,315,-0.834181921333333,-2.554058453082823,-4.545828438040399,0.4444444444444444
ALL,P80,DOWN,349,2.805414591404011,1.056009544226643,-0.9182796359666425,0.4871060171919771
ALL,P90,UP,135,1.9461138429629625,0.19328205061272002,-4.295509361764566,0.45185185185185184
ALL,P90,DOWN,190,5.589526983684212,3.8648836180983883,0.2389488540235024,0.5052631578947369
ALL,P95,UP,52,3.6785976538461536,1.8413504176980704,-7.682737481921927,0.4423076923076923
ALL,P95,DOWN,108,6.065998869444441,4.307995278071297,2.2455400383066673,0.5185185185185185
CURRENT_2022_2026,P80,UP,113,-2.095256632035397,-2.770796644127994,-2.6771814345046643,0.46017699115044247
CURRENT_2022_2026,P80,DOWN,116,3.806503996551723,3.141402971593663,0.41271395951846546,0.5086206896551724
CURRENT_2022_2026,P90,UP,43,3.500297651162793,2.825098768007266,-2.6771814345046643,0.4883720930232558
CURRENT_2022_2026,P90,DOWN,61,10.7408299,10.101286116567195,0.5356371786801245,0.5081967213114754
CURRENT_2022_2026,P95,UP,16,14.323451437500001,13.644934371180295,20.1753105154351,0.5625
CURRENT_2022_2026,P95,DOWN,31,13.336713577419353,12.704532558616593,10.498177070057126,0.5161290322580645