period,threshold,entry,cost,sizing,n,gross_mean_bp,gross_median_bp,gross_hit_rate,net_mean_bp,net_median_bp,net_hit_rate,ending_equity_gbp,pnl_gbp,max_drawdown,margin_p95,margin_max
BUILD,P80,0931,BASE,ONE_X_NOTIONAL,337,0.543393325519288,-0.3741115,0.4836795252225519,-1.564180730294618,-2.511891415557694,0.456973293768546,1894.0136126449413,-105.9863873550587,-0.08321510377494579,0.05025784267099403,0.0503637412895794
BUILD,P80,0931,BASE,LIVE_MIN_0p01,337,0.543393325519288,-0.3741115,0.4836795252225519,-1.564180730294618,-2.511891415557694,0.456973293768546,1999.1603001750632,-0.8396998249368153,-0.0008229154357216606,0.0006896168592124975,0.0007263999925846222
BUILD,P80,0931,STRESS2X,ONE_X_NOTIONAL,337,0.543393325519288,-0.3741115,0.4836795252225519,-3.671754786108525,-4.657695766169119,0.41543026706231456,1763.492111894882,-236.5078881051179,-0.13442031991797676,0.05026150852979421,0.05039325986954003
BUILD,P80,0931,STRESS2X,LIVE_MIN_0p01,337,0.543393325519288,-0.3741115,0.4836795252225519,-3.671754786108525,-4.657695766169119,0.41543026706231456,1997.764300175062,-2.2356998249379103,-0.0013575692502468817,0.0006900139159707605,0.0007268647438625513
BUILD,P90,0931,BASE,ONE_X_NOTIONAL,168,-0.03891763690476155,0.012188499999999991,0.5,-2.1049865442277005,-2.1666852782833623,0.47619047619047616,1928.4409190735348,-71.55908092646519,-0.0680153570738894,0.05026617874729735,0.05034666033671635
BUILD,P90,0931,BASE,LIVE_MIN_0p01,168,-0.03891763690476155,0.012188499999999991,0.5,-2.1049865442277005,-2.1666852782833623,0.47619047619047616,1999.6321002317925,-0.3678997682075078,-0.0006056220234893495,0.0006940141357921495,0.0007168684260972311
BUILD,P90,0931,STRESS2X,ONE_X_NOTIONAL,168,-0.03891763690476155,0.012188499999999991,0.5,-4.171055451550639,-3.7494320235239282,0.4523809523809524,1862.3135185794667,-137.68648142053326,-0.09169980201222283,0.05023689237403678,0.05034236135161283
BUILD,P90,0931,STRESS2X,LIVE_MIN_0p01,168,-0.03891763690476155,0.012188499999999991,0.5,-4.171055451550639,-3.7494320235239282,0.4523809523809524,1998.9401002317925,-1.059899768207515,-0.000842970890562067,0.000694227944192429,0.0007170441965514054
BUILD,P95,0931,BASE,ONE_X_NOTIONAL,85,4.807682670588236,4.794001,0.5294117647058824,2.793216654935892,3.155026178750691,0.5058823529411764,2046.0309202322703,46.03092023227032,-0.025794463984418092,0.05029523811712943,0.050319748303193655
BUILD,P95,0931,BASE,LIVE_MIN_0p01,85,4.807682670588236,4.794001,0.5294117647058824,2.793216654935892,3.155026178750691,0.5058823529411764,2000.7468002347537,0.746800234753664,-0.00025821690876126624,0.0006939611226247516,0.0007085846713745759
BUILD,P95,0931,STRESS2X,ONE_X_NOTIONAL,85,4.807682670588236,4.794001,0.5294117647058824,0.7787506392835499,0.9643384824972516,0.5058823529411764,2011.3194200268813,11.31942002688129,-0.02998748676618035,0.050248278239454984,0.0503211227805839
BUILD,P95,0931,STRESS2X,LIVE_MIN_0p01,85,4.807682670588236,4.794001,0.5294117647058824,0.7787506392835499,0.9643384824972516,0.5058823529411764,2000.3948002347536,0.39480023475357484,-0.00031122754418988485,0.000694065493939307,0.0007086605076459726
2019_2021,P80,0931,BASE,ONE_X_NOTIONAL,104,1.4918127086538462,7.033385,0.5961538461538461,0.06694726075504129,5.345615470920761,0.5865384615384616,1997.5242908499297,-2.4757091500703154,-0.06685376060471226,0.05039612186459695,0.05050713073836018
2019_2021,P80,0931,BASE,LIVE_MIN_0p01,104,1.4918127086538462,7.033385,0.5961538461538461,0.06694726075504129,5.345615470920761,0.5865384615384616,2000.2217998263204,0.22179982632042083,-0.0009634173975250349,0.0011609662297439086,0.0011986675285048992
2019_2021,P80,0931,STRESS2X,ONE_X_NOTIONAL,104,1.4918127086538462,7.033385,0.5961538461538461,-1.3579181871437638,4.200647941841521,0.5865384615384616,1968.0810908903104,-31.918909109689594,-0.073833235132989,0.05034314466708606,0.05052430166965388
2019_2021,P80,0931,STRESS2X,LIVE_MIN_0p01,104,1.4918127086538462,7.033385,0.5961538461538461,-1.3579181871437638,4.200647941841521,0.5865384615384616,1999.7677998263205,-0.23220017367953005,-0.0010634128642412755,0.0011612144364847275,0.0011989372472015394
2019_2021,P90,0931,BASE,ONE_X_NOTIONAL,52,-5.428011,7.580245,0.6153846153846154,-7.000518951854513,6.376685528346924,0.6153846153846154,1925.6957089650193,-74.30429103498068,-0.07502283626478712,0.05031200809342428,0.05039905143299229
2019_2021,P90,0931,BASE,LIVE_MIN_0p01,52,-5.428011,7.580245,0.6153846153846154,-7.000518951854513,6.376685528346924,0.6153846153846154,1999.35940009794,-0.640599902060103,-0.0010480763999688447,0.0011510666050609938,0.0011729293533039177
2019_2021,P90,0931,STRESS2X,ONE_X_NOTIONAL,52,-5.428011,7.580245,0.6153846153846154,-8.573026903709025,4.87384773188894,0.6153846153846154,1910.168608883355,-89.83139111664491,-0.0798190983325694,0.05034145348648539,0.050496690481510405
2019_2021,P90,0931,STRESS2X,LIVE_MIN_0p01,52,-5.428011,7.580245,0.6153846153846154,-8.573026903709025,4.87384773188894,0.6153846153846154,1999.1214000979387,-0.8785999020612962,-0.001120086652917185,0.0011511975456193482,0.0011730642904233771
2019_2021,P95,0931,BASE,ONE_X_NOTIONAL,34,-11.984543764705881,6.575597,0.6176470588235294,-13.665141707324992,4.729402803982004,0.6176470588235294,1906.4822131557005,-93.51778684429951,-0.06852955435954744,0.05032620601496386,0.050554310615437796
2019_2021,P95,0931,BASE,LIVE_MIN_0p01,34,-11.984543764705881,6.575597,0.6176470588235294,-13.665141707324992,4.729402803982004,0.6176470588235294,1998.9493001609292,-1.0506998390708304,-0.0008929905940340266,0.0010774526657265986,0.0011555247703270478
2019_2021,P95,0931,STRESS2X,ONE_X_NOTIONAL,34,-11.984543764705881,6.575597,0.6176470588235294,-15.345739649944091,2.8000286079640078,0.6176470588235294,1896.147613212844,-103.85238678715609,-0.07167652868779717,0.05028435502758615,0.0503431889514944
2019_2021,P95,0931,STRESS2X,LIVE_MIN_0p01,34,-11.984543764705881,6.575597,0.6176470588235294,-15.345739649944091,2.8000286079640078,0.6176470588235294,1998.7893001609286,-1.210699839071367,-0.0009419969232561387,0.0010775332202139056,0.0011556149558845184
2022_2024,P80,0931,BASE,ONE_X_NOTIONAL,157,-0.2522308384076429,-0.9495199,0.49044585987261147,-1.1856583857398066,-1.7576219309624292,0.4840764331210191,1960.1453997050241,-39.85460029497585,-0.04900791351699296,0.05051171776269572,0.05060461905599929
2022_2024,P80,0931,BASE,LIVE_MIN_0p01,157,-0.2522308384076429,-0.9495199,0.49044585987261147,-1.1856583857398066,-1.7576219309624292,0.4840764331210191,1999.1902000612174,-0.8097999387825894,-0.0011603751654704064,0.0014313450672267783,0.0015008649616365167
2022_2024,P80,0931,STRESS2X,ONE_X_NOTIONAL,157,-0.2522308384076429,-0.9495199,0.49044585987261147,-2.119085933071971,-2.5381960400489922,0.4840764331210191,1932.2004998888262,-67.79950011117376,-0.060009695866408586,0.050529958595037124,0.050724130158341214
2022_2024,P80,0931,STRESS2X,LIVE_MIN_0p01,157,-0.2522308384076429,-0.9495199,0.49044585987261147,-2.119085933071971,-2.5381960400489922,0.4840764331210191,1998.5382000612176,-1.4617999387824057,-0.0014133741889759133,0.0014317859513044164,0.0015013485561589867
2022_2024,P90,0931,BASE,ONE_X_NOTIONAL,73,2.1568847123287664,-1.175406,0.4794520547945205,1.2406159437303235,-1.8568010200244962,0.4794520547945205,2016.1154000310967,16.11540003109667,-0.0283800059395396,0.05044340761687139,0.05065851358157907
2022_2024,P90,0931,BASE,LIVE_MIN_0p01,73,2.1568847123287664,-1.175406,0.4794520547945205,1.2406159437303235,-1.8568010200244962,0.4794520547945205,2000.3813000427442,0.3813000427442148,-0.0006221436198230457,0.001446306428135875,0.0014868127388936218
2022_2024,P90,0931,STRESS2X,ONE_X_NOTIONAL,73,2.1568847123287664,-1.175406,0.4794520547945205,0.3243471751318761,-2.5381960400489922,0.4794520547945205,2003.5640999345467,3.5640999345466753,-0.030195829951675912,0.0505075835065086,0.05069498377161953
2022_2024,P90,0931,STRESS2X,LIVE_MIN_0p01,73,2.1568847123287664,-1.175406,0.4794520547945205,0.3243471751318761,-2.5381960400489922,0.4794520547945205,2000.0833000427453,0.08330004274534986,-0.0006631791023027356,0.001446508911982309,0.0014870223237926149
2022_2024,P95,0931,BASE,ONE_X_NOTIONAL,39,3.137616692307692,-0.241627,0.48717948717948717,2.2210527987192927,-1.2081350787994038,0.48717948717948717,2016.847005799804,16.847005799804037,-0.02577365236283624,0.05052794361904078,0.05060045098868194
2022_2024,P95,0931,BASE,LIVE_MIN_0p01,39,3.137616692307692,-0.241627,0.48717948717948717,2.2210527987192927,-1.2081350787994038,0.48717948717948717,2000.3723001332569,0.3723001332568856,-0.0005431465161799265,0.0013955325802704188,0.0014870010652604738
2022_2024,P95,0931,STRESS2X,ONE_X_NOTIONAL,39,3.137616692307692,-0.241627,0.48717948717948717,1.30448890513089,-2.1746431575988074,0.48717948717948717,2009.409305806632,9.409305806631892,-0.027216197683202603,0.050487706379497614,0.05056677999999999
2022_2024,P95,0931,STRESS2X,LIVE_MIN_0p01,39,3.137616692307692,-0.241627,0.48717948717948717,1.30448890513089,-2.1746431575988074,0.48717948717948717,2000.2143001332577,0.21430013325766595,-0.0005741457624368618,0.0013956225803473526,0.0014871125674768317
2025_2026,P80,0931,BASE,ONE_X_NOTIONAL,60,6.077415598333334,4.0087756500000005,0.5166666666666667,5.368721788072316,3.2088307638981934,0.5,2064.488395410788,64.48839541078814,-0.023723440297505838,0.05075077193616895,0.050897983677889495
2025_2026,P80,0931,BASE,LIVE_MIN_0p01,60,6.077415598333334,4.0087756500000005,0.5166666666666667,5.368721788072316,3.2088307638981934,0.5,2001.3909998824713,1.3909998824713057,-0.0008159157815623708,0.0018627590266655457,0.001887193725715972
2025_2026,P80,0931,STRESS2X,ONE_X_NOTIONAL,60,6.077415598333334,4.0087756500000005,0.5166666666666667,4.660027977811299,2.4088858777963864,0.5,2055.789395535385,55.78939553538521,-0.02472860329692772,0.05063832335277398,0.05073009006455194
2025_2026,P80,0931,STRESS2X,LIVE_MIN_0p01,60,6.077415598333334,4.0087756500000005,0.5166666666666667,4.660027977811299,2.4088858777963864,0.5,2001.1309998824715,1.1309998824715422,-0.0008509436363265399,0.0018629719605577726,0.0018874200028388291
2025_2026,P90,0931,BASE,ONE_X_NOTIONAL,31,9.064484851612901,11.59298,0.5806451612903226,8.36605287157716,10.837737198879976,0.5483870967741935,2052.578998098354,52.57899809835408,-0.016443020677753717,0.05060546282124029,0.05064605603711068
2025_2026,P90,0931,BASE,LIVE_MIN_0p01,31,9.064484851612901,11.59298,0.5806451612903226,8.36605287157716,10.837737198879976,0.5483870967741935,2001.1831999688677,1.1831999688677115,-0.0004816640346596568,0.0018686743494722574,0.0018875107174069628
2025_2026,P90,0931,STRESS2X,ONE_X_NOTIONAL,31,9.064484851612901,11.59298,0.5806451612903226,7.667620891541412,10.08249439775995,0.5483870967741935,2047.352398034873,47.35239803487298,-0.01724147227722017,0.05066394148806959,0.05075566681222133
2025_2026,P90,0931,STRESS2X,LIVE_MIN_0p01,31,9.064484851612901,11.59298,0.5806451612903226,7.667620891541412,10.08249439775995,0.5483870967741935,2001.0531999688676,1.0531999688676024,-0.0005046619481798853,0.001868777077669738,0.0018876182283841087
2025_2026,P95,0931,BASE,ONE_X_NOTIONAL,15,21.63403276,11.59298,0.6,20.909364756121075,10.837737198879976,0.5333333333333333,2063.364496735159,63.36449673515881,-0.00855634055000265,0.05064049137365859,0.05064633957886195
2025_2026,P95,0931,BASE,LIVE_MIN_0p01,15,21.63403276,11.59298,0.6,20.909364756121075,10.837737198879976,0.5333333333333333,2001.5248999241462,1.5248999241462116,-0.00028718989592391164,0.0018543920545456899,0.0018623693154460486
2025_2026,P95,0931,STRESS2X,ONE_X_NOTIONAL,15,21.63403276,11.59298,0.6,20.184696752242154,10.08249439775995,0.5333333333333333,2061.156496735159,61.15649673515918,-0.008744973848949789,0.05064152196951133,0.05064977489837106
2025_2026,P95,0931,STRESS2X,LIVE_MIN_0p01,15,21.63403276,11.59298,0.6,20.184696752242154,10.08249439775995,0.5333333333333333,2001.4628999241465,1.4628999241465408,-0.00029319120423698664,0.0018544446809116357,0.0018624195612307716
HOLDOUT,P80,0931,BASE,ONE_X_NOTIONAL,321,1.4959290217133956,4.097685,0.5295950155763239,0.4452880244290141,3.0982496809552607,0.5202492211838006,2020.3588860369903,20.35888603699027,-0.0955086990364078,0.050550503460221025,0.050877840446686834
HOLDOUT,P80,0931,BASE,LIVE_MIN_0p01,321,1.4959290217133956,4.097685,0.5295950155763239,0.4452880244290141,3.0982496809552607,0.5202492211838006,2000.8029997700091,0.8029997700091371,-0.0017186148022185765,0.0016912872679656476,0.001887748201172473
HOLDOUT,P80,0931,STRESS2X,ONE_X_NOTIONAL,321,1.4959290217133956,4.097685,0.5295950155763239,-0.6053529728553674,1.8585469818563731,0.5202492211838006,1953.364086453412,-46.63591354658797,-0.11589141255957647,0.05057741962625728,0.05088717996394482
HOLDOUT,P80,0931,STRESS2X,LIVE_MIN_0p01,321,1.4959290217133956,4.097685,0.5295950155763239,-0.6053529728553674,1.8585469818563731,0.5202492211838006,1999.4369997700096,-0.5630002299903936,-0.002155403295691083,0.0016923948614272072,0.0018890186867754147
HOLDOUT,P90,0931,BASE,ONE_X_NOTIONAL,156,1.0012502717948706,6.593915,0.5448717948717948,-0.09047681144377642,5.12690177572453,0.5384615384615384,1991.4302071015113,-8.569792898488686,-0.07502283626478712,0.05049803661077464,0.050740726976566154
HOLDOUT,P90,0931,BASE,LIVE_MIN_0p01,156,1.0012502717948706,6.593915,0.5448717948717948,-0.09047681144377642,5.12690177572453,0.5384615384615384,2000.9239001095518,0.9239001095518233,-0.0010480763999688447,0.0016950573850605792,0.0018877552753477364
HOLDOUT,P90,0931,STRESS2X,ONE_X_NOTIONAL,156,1.0012502717948706,6.593915,0.5448717948717948,-1.1822038946824251,4.1308554687333,0.5384615384615384,1959.6241070238195,-40.37589297618047,-0.0798190983325694,0.050596122373672184,0.0508000022461452
HOLDOUT,P90,0931,STRESS2X,LIVE_MIN_0p01,156,1.0012502717948706,6.593915,0.5448717948717948,-1.1822038946824251,4.1308554687333,0.5384615384615384,2000.2579001095517,0.257900109551656,-0.001120086652917185,0.0016955928507802385,0.001888368599671089
HOLDOUT,P95,0931,BASE,ONE_X_NOTIONAL,88,0.44776198181818183,5.9296335,0.5568181818181818,-0.7312873586043303,4.726563461303893,0.5454545454545454,1983.2841156747902,-16.7158843252098,-0.0791665631353401,0.05055520777137127,0.0507190624214058
HOLDOUT,P95,0931,BASE,LIVE_MIN_0p01,88,0.44776198181818183,5.9296335,0.5568181818181818,-0.7312873586043303,4.726563461303893,0.5454545454545454,2000.8465002183323,0.8465002183322667,-0.0011483450061388067,0.0014852377093935141,0.0018630007480883093
HOLDOUT,P95,0931,STRESS2X,ONE_X_NOTIONAL,88,0.44776198181818183,5.9296335,0.5568181818181818,-1.9103366990268427,2.8000286079640078,0.5454545454545454,1963.1904156133303,-36.80958438666971,-0.08459378582260535,0.050452024469805304,0.050714929075274646
HOLDOUT,P95,0931,STRESS2X,LIVE_MIN_0p01,88,0.44776198181818183,5.9296335,0.5568181818181818,-1.9103366990268427,2.8000286079640078,0.5454545454545454,2000.4665002183328,0.4665002183328397,-0.001247347301686963,0.0014854690538623552,0.0018633471755327153
ALL,P80,0931,BASE,ONE_X_NOTIONAL,658,1.0080801925075986,0.59873405,0.506079027355623,-0.5838775839932716,-0.9760226543809795,0.4878419452887538,1913.9188992272377,-86.08110077276228,-0.09785396052457918,0.05045450099982193,0.05098003369448972
ALL,P80,0931,BASE,LIVE_MIN_0p01,658,1.0080801925075986,0.59873405,0.506079027355623,-0.5838775839932716,-0.9760226543809795,0.4878419452887538,1999.9632999450723,-0.03670005492767814,-0.0017193360420099113,0.0014886306010221018,0.0018885405908700172
ALL,P80,0931,STRESS2X,ONE_X_NOTIONAL,658,1.0080801925075986,0.59873405,0.506079027355623,-2.1758353604941423,-2.270823382742438,0.46656534954407297,1724.0921998604852,-275.90780013951485,-0.18039493487800784,0.05051198790905474,0.051008015917473594
ALL,P80,0931,STRESS2X,LIVE_MIN_0p01,658,1.0080801925075986,0.59873405,0.506079027355623,-2.1758353604941423,-2.270823382742438,0.46656534954407297,1997.2012999450717,-2.798700054928304,-0.0025103431572410795,0.00149048248637003,0.0018911327410333731
ALL,P90,0931,BASE,ONE_X_NOTIONAL,324,0.46190394876543134,4.1409375,0.5216049382716049,-1.1350374136280332,1.5933786351020618,0.5061728395061729,1921.5380258245118,-78.4619741754882,-0.0952221358446087,0.05040191360445014,0.050867021596999164
ALL,P90,0931,BASE,LIVE_MIN_0p01,324,0.46190394876543134,4.1409375,0.5216049382716049,-1.1350374136280332,1.5933786351020618,0.5061728395061729,2000.5560003413443,0.5560003413443155,-0.0010482691694532198,0.0014739624817895166,0.0018881023677542678
ALL,P90,0931,STRESS2X,ONE_X_NOTIONAL,324,0.46190394876543134,4.1409375,0.5216049382716049,-2.7319787760214993,-0.5002461316732245,0.49382716049382713,1824.0890251321898,-175.91097486781018,-0.1310585280308466,0.05051091402005952,0.05086457170539523
ALL,P90,0931,STRESS2X,LIVE_MIN_0p01,324,0.46190394876543134,4.1409375,0.5216049382716049,-2.7319787760214993,-0.5002461316732245,0.49382716049382713,1999.1980003413441,-0.8019996586558591,-0.001405101352450533,0.0014748643875731938,0.0018893695507413543
ALL,P95,0931,BASE,ONE_X_NOTIONAL,173,2.5899195456647397,5.607119,0.5433526011560693,1.000405364811386,3.857354741248626,0.5260115606936416,2029.1144363426777,29.114436342677664,-0.07912980411777049,0.05042410351257962,0.050665786215994865
ALL,P95,0931,BASE,LIVE_MIN_0p01,173,2.5899195456647397,5.607119,0.5433526011560693,1.000405364811386,3.857354741248626,0.5260115606936416,2001.593300453086,1.5933004530859307,-0.0011479164504557549,0.0014134011963486933,0.0018623056741851368
ALL,P95,0931,STRESS2X,ONE_X_NOTIONAL,173,2.5899195456647397,5.607119,0.5433526011560693,-0.5891088160419673,1.933930260725421,0.5260115606936416,1974.169035645659,-25.83096435434095,-0.08484773942766066,0.05043672188988866,0.05085938416817499
ALL,P95,0931,STRESS2X,LIVE_MIN_0p01,173,2.5899195456647397,5.607119,0.5433526011560693,-0.5891088160419673,1.933930260725421,0.5260115606936416,2000.8613004530864,0.8613004530864146,-0.0012471011637436025,0.001413882184858814,0.0018629795194093214
CURRENT_2022_2026,P80,0931,BASE,ONE_X_NOTIONAL,217,1.4979018169124427,-0.1827229,0.4976958525345622,0.6266126300607802,-0.9935341869603607,0.48847926267281105,2022.8369951999205,22.836995199920466,-0.04900791351699296,0.05053735178696099,0.05081600422984043
CURRENT_2022_2026,P80,0931,BASE,LIVE_MIN_0p01,217,1.4979018169124427,-0.1827229,0.4976958525345622,0.6266126300607802,-0.9935341869603607,0.48847926267281105,2000.5811999436887,0.5811999436887163,-0.0011603751654704064,0.0018109879576632742,0.001887957439786922
CURRENT_2022_2026,P80,0931,STRESS2X,ONE_X_NOTIONAL,217,1.4979018169124427,-0.1827229,0.4976958525345622,-0.24467655679088227,-2.0243620151337653,0.48847926267281105,1985.0514954999283,-14.94850450007175,-0.060009695866408586,0.05059675059107374,0.05093143746108164
CURRENT_2022_2026,P80,0931,STRESS2X,LIVE_MIN_0p01,217,1.4979018169124427,-0.1827229,0.4976958525345622,-0.24467655679088227,-2.0243620151337653,0.48847926267281105,1999.6691999436891,-0.3308000563108635,-0.0014133741889759133,0.0018117738349105812,0.001888799391640225
CURRENT_2022_2026,P90,0931,BASE,ONE_X_NOTIONAL,104,4.215880907692307,3.44251015,0.5096153846153846,3.364544258761592,2.463696197485179,0.5,2068.0387979647007,68.03879796470073,-0.0283800059395396,0.050523893036604865,0.05089908078876369
CURRENT_2022_2026,P90,0931,BASE,LIVE_MIN_0p01,104,4.215880907692307,3.44251015,0.5096153846153846,3.364544258761592,2.463696197485179,0.5,2001.564500011612,1.5645000116119263,-0.0006221436198230457,0.0018393838065950314,0.0018871512104085453
CURRENT_2022_2026,P90,0931,STRESS2X,ONE_X_NOTIONAL,104,4.215880907692307,3.44251015,0.5096153846153846,2.513207609830874,1.4684216423298975,0.5,2051.394898008363,51.394898008362816,-0.030195829951675912,0.05059222265711445,0.05071447105340611
CURRENT_2022_2026,P90,0931,STRESS2X,LIVE_MIN_0p01,104,4.215880907692307,3.44251015,0.5096153846153846,2.513207609830874,1.4684216423298975,0.5,2001.136500011613,1.1365000116129522,-0.0006631791023027356,0.0018397676504203688,0.0018875396686792232
CURRENT_2022_2026,P95,0931,BASE,ONE_X_NOTIONAL,54,8.275510044444443,3.54859065,0.5185185185185185,7.412250564664233,2.5085061461649487,0.5,2080.5216025582145,80.52160255821445,-0.02577365236283624,0.050578564846038676,0.05063015842012867
CURRENT_2022_2026,P95,0931,BASE,LIVE_MIN_0p01,54,8.275510044444443,3.54859065,0.5185185185185185,7.412250564664233,2.5085061461649487,0.5,2001.897200057403,1.8972000574030972,-0.0005431465161799265,0.0015419792916448525,0.0018620229723177119
CURRENT_2022_2026,P95,0931,STRESS2X,ONE_X_NOTIONAL,54,8.275510044444443,3.54859065,0.5185185185185185,6.548991084884021,1.4684216423298975,0.5,2070.3205025614634,70.3205025614634,-0.027216197683202603,0.0505445527031906,0.05070766587016423
CURRENT_2022_2026,P95,0931,STRESS2X,LIVE_MIN_0p01,54,8.275510044444443,3.54859065,0.5185185185185185,6.548991084884021,1.4684216423298975,0.5,2001.6772000574042,1.6772000574042067,-0.0005741457624368618,0.0015421153998232326,0.0018622201757478192