date,svix_aum,uvix_aum,vs_convexity_scale_usd,proshares_convexity_scale_usd,total_convexity_scale_usd,vs_share_total,vs_to_proshares_ratio,uvxy_component_usd,svxy_component_usd
2022-04-30,25970200.0,17668108.0,87276616.0,1122658267.7322092,1209934883.7322092,0.07213331657219715,0.07774103528075414,830295151.2218539,292363116.5103553
2022-05-31,71507811.0,34362245.0,211740112.0,931851452.8789451,1143591564.878945,0.18515361471944203,0.22722517773174167,587354263.4000965,344497189.47884864
2022-06-30,46889371.0,60436455.0,214651652.0,1035276270.0593555,1249927922.0593555,0.17173122402637775,0.20733755636811166,732190548.2348772,303085721.8244783
2022-07-31,47295509.0,112690160.0,319971338.0,1280077504.6680398,1600048842.6680398,0.1999759816496952,0.24996247245433595,976918423.0965679,303159081.57147205
2022-08-31,37730961.0,139811684.0,355085290.0,1171222105.7178795,1526307395.7178795,0.2326433659407056,0.3031750239911642,905278812.0250057,265943293.6928739
2022-09-30,55614526.0,93782658.0,298794368.0,988282971.6957803,1287077339.6957803,0.2321495055383575,0.3023368575169348,746774375.9416434,241508595.75413698
2022-10-31,55638775.0,72645595.0,256568740.0,805419497.75703,1061988237.75703,0.24159282643458035,0.31855292889544473,518637711.63114476,286781786.1258852
2022-11-30,49678036.0,116091144.0,331538360.0,915389856.9515822,1246928216.9515822,0.2658840785643024,0.36218268913759233,550542343.4968182,364847513.45476395
2022-12-31,46378603.0,125488766.0,343734738.0,734179599.0227816,1077914337.0227816,0.3188887337275812,0.4681888988164787,479493566.7275385,254686032.29524308
2023-01-31,39797984.0,90451276.0,260498520.0,621822174.9070307,882320694.9070307,0.29524244586312065,0.418927678220783,445936398.6046716,175885776.3023591
2023-02-28,50318768.0,84858722.0,270354980.0,547715525.7009752,818070505.7009752,0.3304788256219341,0.4936047406251545,425075541.2504398,122639984.45053539
2023-03-31,74641462.0,107037859.0,363358642.0,623503515.6908339,986862157.6908339,0.3681959422278645,0.5827691951302043,401992082.851779,221511432.83905494
2023-04-30,67906404.0,159533776.0,454880360.0,641802319.997118,1096682679.997118,0.4147784662754001,0.7087546208964197,484223169.56526,157579150.431858
2023-05-31,59108001.0,133827261.0,385870524.0,629040231.9903259,1014910755.9903259,0.3802014332023476,0.6134274158889321,434964511.05005395,194075720.94027203
2023-06-30,72302412.0,85338802.0,315282428.0,502590270.2999897,817872698.2999897,0.3854908332987987,0.6273150250437836,290828783.2323415,211761487.06764817
2023-07-31,71843922.0,76419893.0,296527630.0,440456535.73697585,736984165.7369759,0.40235278284910736,0.6732279031887841,238669364.93034518,201787170.80663067
2023-08-31,99048841.0,83487985.0,365073652.0,446454687.9646096,811528339.9646096,0.44985939987742224,0.8177171431761051,257713636.97956687,188741050.98504275
2023-09-30,110456098.0,88203146.0,397318488.0,408553911.30956984,805872399.3095698,0.4930290308247337,0.9724995331128857,212283093.993351,196270817.31621882
2023-10-31,171367349.0,80873289.0,504481276.0,460831823.54008776,965313099.5400877,0.5226089610100125,1.0947188328371058,268945109.9991873,191886713.54090047
2023-11-30,129433245.0,77529338.0,413925166.0,532697512.77119464,946622678.7711947,0.4372652116652369,0.7770360402973948,290950766.24637353,241746746.5248211
2023-12-31,125057419.0,69664996.0,389444830.0,461813298.5045946,851258128.5045946,0.457493229091554,0.8432949663014638,261426950.798478,200386347.70611662
2024-01-31,138662367.0,70457552.0,418239838.0,454645650.74240506,872885488.742405,0.4791462836695475,0.9199248630599306,228418466.3854098,226227184.35699528
2024-02-29,130767629.0,70139878.0,401815014.0,433631347.9843349,835446361.984335,0.48095848193726914,0.9266281505425565,186529720.97928166,247101627.00505322
2024-03-31,91385835.0,77969885.0,338711440.0,444191644.5310724,782903084.5310724,0.4326352095072848,0.7625344694575997,208688070.26261282,235503574.26845956
2024-04-30,182440884.0,70960342.0,506802452.0,383556448.79166657,890358900.7916665,0.5692114174962191,1.3213242890234287,162834015.17573568,220722433.61593089
2024-05-31,203519486.0,72405472.0,551849916.0,390496036.195795,942345952.195795,0.5856128683039538,1.4132023499549737,171077514.59627488,219418521.59952012
2024-06-30,186683075.0,82382210.0,538130570.0,398144982.9149842,936275552.9149842,0.5747566176694388,1.3515945022341442,174106640.73077035,224038342.18421388
2024-07-31,271043368.0,54402890.0,650892516.0,349992046.3687048,1000884562.3687048,0.6503172698154025,1.8597351647080194,120743811.2144419,229248235.1542629
2024-08-31,407692196.0,110971996.0,1037328384.0,798446988.7339048,1835775372.7339048,0.5650628063798308,1.2991825363946687,204134875.17239916,594312113.5615057
2024-09-30,317664757.0,166997854.0,969325222.0,487430029.47938246,1456755251.4793825,0.6654001906055383,1.9886448584945071,214023111.3571958,273406918.12218666
2024-10-31,255253602.0,202852052.0,916211308.0,457759202.83623123,1373970510.8362312,0.6668347688498583,2.00151368300898,247005954.0801062,210753248.75612506
2024-11-30,337687823.0,214614159.0,1104603964.0,468205562.44078994,1572809526.44079,0.7023126102877048,2.359228622235111,242043937.6776191,226161624.7631708
2024-12-31,300123822.0,187711258.0,975670160.0,412893211.31216836,1388563371.3121684,0.7026471964891372,2.36300848081114,213329378.45192587,199563832.86024246
2025-01-31,202756246.0,217555784.0,840624060.0,463209939.5183263,1303833999.5183263,0.644732427832493,1.8147798401608821,295446519.8542092,167763419.66411707
2025-02-28,246532964.0,130243734.0,753553396.0,373251234.00679564,1126804630.0067956,0.6687524846214515,2.018890568453634,218060582.423112,155190651.58368367
2025-03-31,287886599.0,173411287.0,922595772.0,416629113.1701794,1339224885.1701794,0.6889027990864752,2.2144294357632894,242545960.11012563,174083153.0600538
2025-04-30,585146618.0,176576862.0,1523446960.0,629502217.3876175,2152949177.3876176,0.7076093462868205,2.420081959873279,234150817.4743998,395351399.91321766
2025-05-31,323210546.0,379871043.0,1406163178.0,513343702.4647565,1919506880.4647565,0.7325648020910119,2.739223586942785,282097942.6166905,231245759.848066
2025-06-30,268947185.0,596989784.0,1731873938.0,644494485.421082,2376368423.421082,0.7287901660916488,2.687181934331798,434545656.42570364,209948828.99537838
2025-08-31,182896666.0,549815159.0,1465423650.0,691888306.2948399,2157311956.29484,0.6792822177265682,2.1180060953010633,508586460.04596114,183301846.2488787
2025-09-30,165140058.0,534186908.0,1398653932.0,668568547.2134838,2067222479.2134838,0.6765860695033395,2.0920127604408365,486092445.31030405,182476101.9031798
2025-10-31,208366170.0,452920222.0,1322572784.0,618894803.7482982,1941467587.7482982,0.681223210908152,2.1369912560097766,456462651.59714794,162432152.1511503
2025-11-30,248988222.0,406326057.0,1310628558.0,510297094.4916831,1820925652.491683,0.7197595114367176,2.5683637476038204,348612420.4365456,161684674.05513752
2025-12-31,212031300.0,331291100.0,1086644800.0,482067313.26390666,1568712113.2639067,0.6926986735246763,2.2541349933948305,300307997.9659356,181759315.29797107
2026-02-28,144914441.0,386822247.0,1063473376.0,411946043.637912,1475419419.637912,0.7207939395707499,2.581584147788929,267941482.6632247,144004560.97468728
2026-03-31,334930074.0,288946912.0,1247753972.0,359449787.5883533,1607203759.5883532,0.776350829542349,3.471288661405316,221467601.47780564,137982186.11054763
2026-04-30,224696208.0,514776836.0,1478946088.0,451931196.25741035,1930877284.2574103,0.7659451483830486,3.272502762030227,278526495.1445148,173404701.11289555
2026-05-31,166563733.0,405193950.0,1143515366.0,486585099.5559632,1630100465.5559633,0.7014999321590843,2.350082990711231,299242479.61396086,187342619.94200236
2026-06-30,200341972.0,295142944.0,990969832.0,351668749.7311578,1342638581.7311578,0.738076385919339,2.8179070012833733,185502900.1844731,166165849.54668468
2026-07-31,164724873.0,225606859.0,780663464.0,338072356.01326877,1118735820.0132687,0.6978085889756717,2.309160894448762,186985975.0315115,151086380.98175728
2026-08-31,141161728.0,180407909.0,643139274.0,416502025.43770444,1059641299.4377044,0.6069405508649767,1.5441444091997418,223998273.8453058,192503751.59239867
