date,label,svix_aum,uvix_aum,parse_status,source_url,snippet
2022-04-30,April 2022,25970200.0,17668108.0,OK,https://www.volatilityshares.com/uploads/filling_doc/33-72-1-1-VS-Trust-Monthly-Statement-04302022.pdf," 7,407,298 Total increase in net assets 20,590,990$ 13,673,797 $ NET ASSETS Beginning of Period 5,379,210 $ 3,994,311 $ End of Period 25,970,200 $ 17,668,108 $ To the Shareholders of the VS Trust Funds: Pursuant to Rule 4.22(h) under the Commodity Exchange Act, the undersigned represents that, to the best of his knowledge and belief, the information contained in the Account Statement for the month ended April 30, 2022 is accurate and co"
2022-05-31,May 2022,71507811.0,34362245.0,OK,https://www.volatilityshares.com/uploads/filling_doc/34-73-2-2-VS-Trust-Monthly-Statement-53122.pdf," 25,880,443 Total increase in net assets 45,537,611$ 16,694,137$ NET ASSETS Beginning of Period 25,970,200$ 17,668,108$ End of Period 71,507,811$ 34,362,245$ To the Shareholders of the VS Trust Funds: Pursuant to Rule 4.22(h) under the Commodity Exchange Act, the undersigned represents that, to the best of his knowledge and belief, the information contained in the Account Statement for the month ended May 31, 2022 is accurate and comple"
2022-06-30,June 2022,46889371.0,60436455.0,OK,https://www.volatilityshares.com/uploads/filling_doc/35-74-4-4-VS-Trust-Monthly-Statement-63022-1.pdf,"63,509 Total increase in net assets (24,618,440)$ 26,074,210 $ NET ASSETS Beginning of Period 71,507,811 $ 34,362,245 $ End of Period 46,889,371 $ 60,436,455 $ To the Shareholders of the VS Trust Funds: Pursuant to Rule 4.22(h) under the Commodity Exchange Act, the undersigned represents that, to the best of his knowledge and belief, the information contained in the Account Statement for the month ended June 30, 2022 is accurate and com"
2022-07-31,July 2022,47295509.0,112690160.0,OK,https://www.volatilityshares.com/uploads/filling_doc/36-75-5-5-VS-Trust-Monthly-Statement-July-2022.pdf,") 94,945,694 Total increase in net assets 406,138$ 52,253,704$ NET ASSETS Beginning of Period 46,889,371 $ 60,436,455 $ End of Period 47,295,509 $ 112,690,160 $ To the Shareholders of the VS Trust Funds: Pursuant to Rule 4.22(h) under the Commodity Exchange Act, the undersigned represents that, to the best of his knowledge and belief, the information contained in the Account Statement for the month ended July 31, 2022 is accurate and co"
2022-08-31,August 2022,37730961.0,139811684.0,OK,https://www.volatilityshares.com/uploads/filling_doc/37-76-6-6-VS-Trust-Monthly-Statement-August-2022.pdf,"l increase (decrease) in net assets (9,564,548)$ 27,121,524 $ NET ASSETS Beginning of Period 47,295,509 $ 112,690,160 $ End of Period 37,730,961 $ 139,811,684 $ To the Shareholders of the VS Trust Funds: Pursuant to Rule 4.22(h) under the Commodity Exchange Act, the undersigned represents that, to the best of his knowledge and belief, the information contained in the Account Statement for the month ended August 31, 2022 is accurate and "
2022-09-30,September 2022,55614526.0,93782658.0,OK,https://www.volatilityshares.com/uploads/filling_doc/38-77-7-8-VS-Trust-Monthly-Statement-93022.pdf," increase (decrease) in net assets 17,883,565$ (46,029,026) $ NET ASSETS Beginning of Period 37,730,961 $ 139,811,684 $ End of Period 55,614,526 $ 93,782,658 $ To the Shareholders of the VS Trust Funds: Pursuant to Rule 4.22(h) under the Commodity Exchange Act, the undersigned represents that, to the best of his knowledge and belief, the information contained in the Account Statement for the month ended September 30, 2022 is accurate an"
2022-10-31,October 2022,55638775.0,72645595.0,OK,https://www.volatilityshares.com/uploads/filling_doc/39-78-8-9-VS-Trust-Monthly-Statement-103122.pdf," Total increase (decrease) in net assets 24,249$ (21,137,063)$ NET ASSETS Beginning of Period 55,614,526 $ 93,782,658 $ End of Period 55,638,775 $ 72,645,595 $ To the Shareholders of the VS Trust Funds: Pursuant to Rule 4.22(h) under the Commodity Exchange Act, the undersigned represents that, to the best of his knowledge and belief, the information contained in the Account Statement for the month ended October 31, 2022 is accurate and "
2022-11-30,November 2022,49678036.0,116091144.0,OK,https://www.volatilityshares.com/uploads/filling_doc/40-79-9-10-November-2022-Monthly-Statement.pdf,"al increase (decrease) in net assets (5,960,739)$ 43,445,549 $ NET ASSETS Beginning of Period 55,638,775 $ 72,645,595 $ End of Period 49,678,036 $ 116,091,144 $ To the Shareholders of the VS Trust Funds: Pursuant to Rule 4.22(h) under the Commodity Exchange Act, the undersigned represents that, to the best of his knowledge and belief, the information contained in the Account Statement for the month ended November 30, 2022 is accurate an"
2022-12-31,December 2022,46378603.0,125488766.0,OK,https://www.volatilityshares.com/uploads/filling_doc/41-80-10-11-VS-Trust-Monthly-Statement-123122.pdf,"al increase (decrease) in net assets (3,299,433)$ 9,397,622 $ NET ASSETS Beginning of Period 49,678,036 $ 116,091,144 $ End of Period 46,378,603 $ 125,488,766 $ To the Shareholders of the VS Trust Funds: Pursuant to Rule 4.22(h) under the Commodity Exchange Act, the undersigned represents that, to the best of his knowledge and belief, the information contained in the Account Statement for the month ended December 31, 2022 is accurate an"
2023-01-31,January 2023,39797984.0,90451276.0,OK,https://www.volatilityshares.com/uploads/filling_doc/42-81-11-12-VS-Trust-Monthly-Statement-13123.pdf,"al increase (decrease) in net assets (6,580,619)$ (35,037,490)$ NET ASSETS Beginning of Period 46,378,603$ 125,488,766$ End of Period 39,797,984$ 90,451,276$ To the Shareholders of the VS Trust Funds: Pursuant to Rule 4.22(h) under the Commodity Exchange Act, the undersigned represents that, to the best of his knowledge and belief, the information contained in the Account Statement for the month ended January 31, 2023 is accurate and co"
2023-02-28,February 2023,50318768.0,84858722.0,OK,https://www.volatilityshares.com/uploads/filling_doc/43-82-27-32-February-2023-Monthly-Statement.pdf,"Total increase (decrease) in net assets 10,520,784$ (5,592,554)$ NET ASSETS Beginning of Period 39,797,984$ 90,451,276$ End of Period 50,318,768$ 84,858,722$ To the Shareholders of the VS Trust Funds: Pursuant to Rule 4.22(h) under the Commodity Exchange Act, the undersigned represents that, to the best of his knowledge and belief, the information contained in the Account Statement for the month ended February 28, 2023 is accurate and c"
2023-03-31,March 2023,74641462.0,107037859.0,OK,https://www.volatilityshares.com/uploads/filling_doc/44-83-13-35-VS-Trust-Monthly-Statement-33123.pdf," Total increase (decrease) in net assets 24,322,694$ 22,179,137$ NET ASSETS Beginning of Period 50,318,768$ 84,858,722$ End of Period 74,641,462$ 107,037,859$ To the Shareholders of the VS Trust Funds: Pursuant to Rule 4.22(h) under the Commodity Exchange Act, the undersigned represents that, to the best of his knowledge and belief, the information contained in the Account Statement for the month ended March 31, 2023 is accurate and com"
2023-04-30,April 2023,67906404.0,159533776.0,OK,https://www.volatilityshares.com/uploads/filling_doc/45-84-30-40-VS-Trust-Monthly-Statement-43023-.pdf,"otal increase (decrease) in net assets (6,735,058)$ 52,495,917$ NET ASSETS Beginning of Period 74,641,462$ 107,037,859$ End of Period 67,906,404$ 159,533,776$ To the Shareholders of the VS Trust Funds: Pursuant to Rule 4.22(h) under the Commodity Exchange Act, the undersigned represents that, to the best of his knowledge and belief, the information contained in the Account Statement for the month ended April 30, 2023 is accurate and com"
2023-05-31,May 2023,59108001.0,133827261.0,OK,https://www.volatilityshares.com/uploads/filling_doc/46-85-34-44-VS-Trust-Monthly-Statement-53123.pdf,"al increase (decrease) in net assets (8,798,403)$ (25,706,515)$ NET ASSETS Beginning of Period 67,906,404$ 159,533,776$ End of Period 59,108,001$ 133,827,261$ To the Shareholders of the VS Trust Funds: Pursuant to Rule 4.22(h) under the Commodity Exchange Act, the undersigned represents that, to the best of his knowledge and belief, the information contained in the Account Statement for the month ended May 31, 2023 is accurate and compl"
2023-06-30,June 2023,72302412.0,85338802.0,OK,https://www.volatilityshares.com/uploads/filling_doc/47-86-35-45-VS-Trust-Monthly-Statement-63023.pdf,"tal increase (decrease) in net assets 13,194,411$ (48,488,459)$ NET ASSETS Beginning of Period 59,108,001$ 133,827,261$ End of Period 72,302,412$ 85,338,802$ To the Shareholders of the VS Trust Funds: Pursuant to Rule 4.22(h) under the Commodity Exchange Act, the undersigned represents that, to the best of his knowledge and belief, the information contained in the Account Statement for the month ended June 30, 2023 is accurate and compl"
2023-07-31,July 2023,71843922.0,76419893.0,OK,https://www.volatilityshares.com/uploads/filling_doc/48-87-37-47-VS-Trust-Monthly-Statement-73123.pdf," Total increase (decrease) in net assets (458,490)$ (8,918,909)$ NET ASSETS Beginning of Period 72,302,412$ 85,338,802$ End of Period 71,843,922$ 76,419,893$ To the Shareholders of the VS Trust Funds: Pursuant to Rule 4.22(h) under the Commodity Exchange Act, the undersigned represents that, to the best of his knowledge and belief, the information contained in the Account Statement for the month ended July 31, 2023 is accurate and compl"
2023-08-31,August 2023,99048841.0,83487985.0,OK,https://www.volatilityshares.com/uploads/filling_doc/49-88-43-54-VS-Trust-Monthly-Statement-83123.pdf,"3 Total increase (decrease) in net assets 27,204,919$ 7,068,092$ NET ASSETS Beginning of Period 71,843,922$ 76,419,893$ End of Period 99,048,841$ 83,487,985$ To the Shareholders of the VS Trust Funds: Pursuant to Rule 4.22(h) under the Commodity Exchange Act, the undersigned represents that, to the best of his knowledge and belief, the information contained in the Account Statement for the month ended August 31, 2023 is accurate and com"
2023-09-30,September 2023,110456098.0,88203146.0,OK,https://www.volatilityshares.com/uploads/filling_doc/50-89-40-59-VS-Trust-Monthly-Statement-93023.pdf,") Total increase (decrease) in net assets 11,407,257$ 4,715,161$ NET ASSETS Beginning of Period 99,048,841$ 83,487,985$ End of Period 110,456,098$ 88,203,146$ To the Shareholders of the VS Trust Funds: Pursuant to Rule 4.22(h) under the Commodity Exchange Act, the undersigned represents that, to the best of his knowledge and belief, the information contained in the Account Statement for the month ended September 29, 2023 is accurate and"
2023-10-31,October 2023,171367349.0,80873289.0,OK,https://www.volatilityshares.com/uploads/filling_doc/51-90-45-61-VS-Trust-Monthly-Statement-103123.pdf,"otal increase (decrease) in net assets 60,911,251$ (7,329,857)$ NET ASSETS Beginning of Period 110,456,098$ 88,203,146$ End of Period 171,367,349$ 80,873,289$ To the Shareholders of the VS Trust Funds: Pursuant to Rule 4.22(h) under the Commodity Exchange Act, the undersigned represents that, to the best of his knowledge and belief, the information contained in the Account Statement for the month ended October 31, 2023 is accurate and c"
2023-11-30,November 2023,129433245.0,77529338.0,OK,https://www.volatilityshares.com/uploads/filling_doc/52-94-50-65-VS-Trust-Monthly-Statement-113023.pdf,"al increase (decrease) in net assets (41,974,277)$ (6,974,066)$ NET ASSETS Beginning of Period 171,407,522$ 84,503,404$ End of Period 129,433,245$ 77,529,338$ To the Shareholders of the VS Trust Funds: Pursuant to Rule 4.22(h) under the Commodity Exchange Act, the undersigned represents that, to the best of his knowledge and belief, the information contained in the Account Statement for the month ended Nov 30 2023 is accurate and comple"
2023-12-31,December 2023,125057419.0,69664996.0,OK,https://www.volatilityshares.com/uploads/filling_doc/53-92-49-67-VS-Trust-Monthly-Statement-123123.pdf,"tal increase (decrease) in net assets (4,375,826)$ (7,864,342)$ NET ASSETS Beginning of Period 129,433,245$ 77,529,338$ End of Period 125,057,419$ 69,664,996$ To the Shareholders of the VS Trust Funds: Pursuant to Rule 4.22(h) under the Commodity Exchange Act, the undersigned represents that, to the best of his knowledge and belief, the information contained in the Account Statement for the month ended December 31, 2023 is accurate and "
2024-01-31,January 2024,138662367.0,70457552.0,OK,https://www.volatilityshares.com/uploads/filling_doc/54-93-56-73-VS-Trust-Monthly-Statement-13124.pdf,"22 Total increase (decrease) in net assets 13,604,948$ 792,556$ NET ASSETS Beginning of Period 125,057,419$ 69,664,996$ End of Period 138,662,367$ 70,457,552$ To the Shareholders of the VS Trust Funds: Pursuant to Rule 4.22(h) under the Commodity Exchange Act, the undersigned represents that, to the best of his knowledge and belief, the information contained in the Account Statement for the month ended January 31, 2024 is accurate and c"
2024-02-29,February 2024,130767629.0,70139878.0,OK,https://www.volatilityshares.com/uploads/filling_doc/55-95-54-78-VS-Trust-Monthly-Statement-22924.pdf,"Total increase (decrease) in net assets (7,894,738)$ (317,674)$ NET ASSETS Beginning of Period 138,662,367$ 70,457,552$ End of Period 130,767,629$ 70,139,878$ To the Shareholders of the VS Trust Funds: Pursuant to Rule 4.22(h) under the Commodity Exchange Act, the undersigned represents that, to the best of his knowledge and belief, the information contained in the Account Statement for the month ended February 29, 2024 is accurate and "
2024-03-31,March 2024,91385835.0,77969885.0,OK,https://www.volatilityshares.com/uploads/filling_doc/56-96-77-103-VS-Trust-Monthly-Statement-33124-Confidential.pdf,"al increase (decrease) in net assets (39,381,794)$ 7,830,007 $ NET ASSETS Beginning of Period 130,767,629$ 70,139,878 $ End of Period 91,385,835$ 77,969,885 $ To the Shareholders of the VS Trust Funds: Pursuant to Rule 4.22(h) under the Commodity Exchange Act, the undersigned represents that, to the best of his knowledge and belief, the information contained in the Account Statement for the month ended March 31, 2024 is accurate and com"
2024-04-30,April 2024,182440884.0,70960342.0,OK,https://www.volatilityshares.com/uploads/filling_doc/57-97-65-86-VS-Trust-Monthly-Statement-43024.pdf,"tal increase (decrease) in net assets 91,055,049$ (7,009,543) $ NET ASSETS Beginning of Period 91,385,835$ 77,969,885 $ End of Period 182,440,884$ 70,960,342 $ To the Shareholders of the VS Trust Funds: Pursuant to Rule 4.22(h) under the Commodity Exchange Act, the undersigned represents that, to the best of his knowledge and belief, the information contained in the Account Statement for the month ended March 31, 2024 is accurate and co"
2024-05-31,May 2024,203519486.0,72405472.0,OK,https://www.volatilityshares.com/uploads/filling_doc/58-98-64-89-Monthly-Statement-53124.pdf," Total increase (decrease) in net assets 21,078,602$ 1,445,130$ NET ASSETS Beginning of Period 182,440,884$ 70,960,342$ End of Period 203,519,486$ 72,405,472$ To the Shareholders of the VS Trust Funds: Pursuant to Rule 4.22(h) under the Commodity Exchange Act, the undersigned represents that, to the best of his knowledge and belief, the information contained in the Account Statement for the month ended May 31, 2024 is accurate and compl"
2024-06-30,June 2024,186683075.0,82382210.0,OK,https://www.volatilityshares.com/uploads/filling_doc/59-99-69-92-VS-Trust-Monthly-Statement-63024.pdf,"otal increase (decrease) in net assets (16,836,411)$ 9,976,738$ NET ASSETS Beginning of Period 203,519,486$ 72,405,472$ End of Period 186,683,075$ 82,382,210$ To the Shareholders of the VS Trust Funds: Pursuant to Rule 4.22(h) under the Commodity Exchange Act, the undersigned represents that, to the best of his knowledge and belief, the information contained in the Account Statement for the month ended June 30, 2024 is accurate and comp"
2024-07-31,July 2024,271043368.0,54402890.0,OK,https://www.volatilityshares.com/uploads/filling_doc/60-100-72-95-July-2024-Monthly-Statement.pdf,"tal increase (decrease) in net assets 84,360,293$ (27,979,320)$ NET ASSETS Beginning of Period 186,683,075$ 82,382,210$ End of Period 271,043,368$ 54,402,890$ To the Shareholders of the VS Trust Funds: Pursuant to Rule 4.22(h) under the Commodity Exchange Act, the undersigned represents that, to the best of his knowledge and belief, the information contained in the Account Statement for the month ended July 31, 2024 is accurate and comp"
2024-08-31,August 2024,407692196.0,110971996.0,OK,https://www.volatilityshares.com/uploads/filling_doc/61-101-70-122-VS-Trust-Monthly-Statement-83124-Confidential-Signed.pdf,"5,204,212 Total increase in net assets 136,648,828$ 56,569,106$ NET ASSETS Beginning of Period 271,043,368$ 54,402,890$ End of Period 407,692,196$ 110,971,996$ To the Shareholders of the VS Trust Funds: Pursuant to Rule 4.22(h) under the Commodity Exchange Act, the undersigned represents that, to the best of his knowledge and belief, the information contained in the Account Statement for the month ended August 31, 2024 is accurate and c"
2024-09-30,September 2024,317664757.0,166997854.0,OK,https://www.volatilityshares.com/uploads/filling_doc/62-102-78-124-VS-Trust-Monthly-Statement-93024-Confidential-Signed.pdf,"996,776 Total increase in net assets (90,027,439)$ 56,025,858$ NET ASSETS Beginning of Period 407,692,196$ 110,971,996$ End of Period 317,664,757$ 166,997,854$ To the Shareholders of the VS Trust Funds: Pursuant to Rule 4.22(h) under the Commodity Exchange Act, the undersigned represents that, to the best of his knowledge and belief, the information contained in the Account Statement for the month ended September 30, 2024 is accurate an"
2024-10-31,October 2024,255253602.0,202852052.0,OK,https://www.volatilityshares.com/uploads/filling_doc/63-103-88-136-VS-Trust-Monthly-Statement-103124-Confidential-v2-Signed.pdf,",133) Total increase in net assets (62,411,155)$ 35,854,198 $ NET ASSETS Beginning of Period 317,664,757$ 166,997,854 $ End of Period 255,253,602$ 202,852,052 $ To the Shareholders of the VS Trust Funds: Pursuant to Rule 4.22(h) under the Commodity Exchange Act, the undersigned represents that, to the best of his knowledge and belief, the information contained in the Account Statement for the month ended October 31, 2024 is accurate and"
2024-11-30,November 2024,337687823.0,214614159.0,OK,https://www.volatilityshares.com/uploads/filling_doc/64-104-86-138-VS-Trust-Monthly-Statement-113024-Confidential-Signed.pdf,"273,015 Total increase in net assets 82,434,221$ 11,762,107 $ NET ASSETS Beginning of Period 255,253,602$ 202,852,052 $ End of Period 337,687,823$ 214,614,159 $ To the Shareholders of the VS Trust Funds: Pursuant to Rule 4.22(h) under the Commodity Exchange Act, the undersigned represents that, to the best of his knowledge and belief, the information contained in the Account Statement for the month ended November 30, 2024 is accurate an"
2024-12-31,December 2024,300123822.0,187711258.0,OK,https://www.volatilityshares.com/uploads/filling_doc/65-105-113-163-VSTrust-MonthlyStatement-123124-Confidential-Signed.pdf,",480) Total increase in net assets (37,564,001)$ (26,902,901)$ NET ASSETS Beginning of Period 337,687,823$ 214,614,159$ End of Period 300,123,822$ 187,711,258$ To the Shareholders of the VS Trust Funds: Pursuant to Rule 4.22(h) under the Commodity Exchange Act, the undersigned represents that, to the best of his knowledge and belief, the information contained in the Account Statement for the month ended December 31, 2024 is accurate and"
2025-01-31,January 2025,202756246.0,217555784.0,OK,https://www.volatilityshares.com/uploads/filling_doc/66-106-125-177-VSTrust-MonthlyStatement-13125-ConfidentialDraft2.pdf,"4,165 Total increase in net assets (97,367,576)$ 29,844,526 $ NET ASSETS Beginning of Period 300,123,822$ 187,711,258 $ End of Period 202,756,246$ 217,555,784 $ To the Shareholders of the VS Trust Funds: Pursuant to Rule 4.22(h) under the Commodity Exchange Act, the undersigned represents that, to the best of his knowledge and belief, the information contained in the Account Statement for the month ended January 31, 2025 is accurate and"
2025-02-28,February 2025,246532964.0,130243734.0,OK,https://www.volatilityshares.com/uploads/filling_doc/67-107-126-180-VSTrust-MonthlyStatement-22825-Confidential.pdf,"54,959) Total increase in net assets 43,776,718$ (87,312,050)$ NET ASSETS Beginning of Period 202,756,246$ 217,555,784$ End of Period 246,532,964$ 130,243,734$ To the Shareholders of the VS Trust Funds: Pursuant to Rule 4.22(h) under the Commodity Exchange Act, the undersigned represents that, to the best of his knowledge and belief, the information contained in the Account Statement for the month ended February 28, 2025 is accurate and"
2025-03-31,March 2025,287886599.0,173411287.0,OK,https://www.volatilityshares.com/uploads/filling_doc/68-108-137-193-VS-Trust-Monthly-Statement-33125-Confidential-Signed.pdf,"1 322,013 Total increase in net assets 41,353,635$ 43,167,553$ NET ASSETS Beginning of Period 246,532,964$ 130,243,734$ End of Period 287,886,599$ 173,411,287$ To the Shareholders of the VS Trust Funds: Pursuant to Rule 4.22(h) under the Commodity Exchange Act, the undersigned represents that, to the best of his knowledge and belief, the information contained in the Account Statement for the month ended March 31, 2025 is accurate and co"
2025-04-30,April 2025,585146618.0,176576862.0,OK,https://www.volatilityshares.com/uploads/filling_doc/69-109-135-228-VSTrust-MonthlyStatement-43025-Confidential.pdf,",456,070) Total increase in net assets 297,260,019$ 3,165,575$ NET ASSETS Beginning of Period 287,886,599$ 173,411,287$ End of Period 585,146,618$ 176,576,862$ To the Shareholders of the VS Trust Funds: Pursuant to Rule 4.22(h) under the Commodity Exchange Act, the undersigned represents that, to the best of his knowledge and belief, the information contained in the Account Statement for the month ended April 30, 2025 is accurate and co"
2025-05-31,May 2025,323210546.0,379871043.0,OK,https://www.volatilityshares.com/uploads/filling_doc/70-0-70-151-166-243-VS-Trust-Monthly-Statement-53125-Confidential-Signed-1.pdf,"1,549 Total increase in net assets (261,936,072)$ 203,294,181$ NET ASSETS Beginning of Period 585,146,618$ 176,576,862$ End of Period 323,210,546$ 379,871,043$ To the Shareholders of the VS Trust Funds: Pursuant to Rule 4.22(h) under the Commodity Exchange Act, the undersigned represents that, to the best of his knowledge and belief, the information contained in the Account Statement for the month ended May 31, 2025 is accurate and comp"
2025-06-30,June 2025,268947185.0,596989784.0,OK,https://www.volatilityshares.com/uploads/filling_doc/111-0-VSTrust-MonthlyStatement-63025-Confidential.pdf,"61,441 Total increase in net assets (54,263,361)$ 217,118,741$ NET ASSETS Beginning of Period 323,210,546$ 379,871,043$ End of Period 268,947,185$ 596,989,784$ To the Shareholders of the VS Trust Funds: Pursuant to Rule 4.22(h) under the Commodity Exchange Act, the undersigned represents that, to the best of his knowledge and belief, the information contained in the Account Statement for the month ended June 30, 2025 is accurate and com"
2025-07-31,July 2025,,,ERROR_HTTPError,https://www.volatilityshares.com/uploads/filling_doc/177-0-177-220-VSTrust-MonthlyStatement-73125-Confidential-Signed.pdf,404 Client Error: Not Found for url: https://www.volatilityshares.com/uploads/filling_doc/177-0-177-220-VSTrust-MonthlyStatement-73125-Confidential-Signed.pdf
2025-08-31,August 2025,182896666.0,549815159.0,OK,https://www.volatilityshares.com/uploads/filling_doc/188-231-VS-Trust-Monthly-Statement-83125-Confidential-Signed.pdf,"6,602 Total increase in net assets (6,502,468)$ (118,576,337)$ NET ASSETS Beginning of Period 189,399,134$ 668,391,496$ End of Period 182,896,666$ 549,815,159$ To the Shareholders of the VS Trust Funds: Pursuant to Rule 4.22(h) under the Commodity Exchange Act, the undersigned represents that, to the best of his knowledge and belief, the information contained in the Account Statement for the month ended August 31, 2025 is accurate and c"
2025-09-30,September 2025,165140058.0,534186908.0,OK,https://www.volatilityshares.com/uploads/filling_doc/199-242-VS-Trust-Monthly-Statement-93025-Confidential-Signed.pdf,"6,017 Total increase in net assets (17,756,608)$ (15,628,251)$ NET ASSETS Beginning of Period 182,896,666$ 549,815,159$ End of Period 165,140,058$ 534,186,908$ To the Shareholders of the VS Trust Funds: Pursuant to Rule 4.22(h) under the Commodity Exchange Act, the undersigned represents that, to the best of his knowledge and belief, the information contained in the Account Statement for the month ended September 30, 2025 is accurate an"
2025-10-31,October 2025,208366170.0,452920222.0,OK,https://www.volatilityshares.com/uploads/filling_doc/210-253-VS-Trust-Monthly-Statement-103125-Confidential-Signed.pdf,"83,137) Total increase in net assets 43,226,112$ (81,266,686)$ NET ASSETS Beginning of Period 165,140,058$ 534,186,908$ End of Period 208,366,170$ 452,920,222$ To the Shareholders of the VS Trust Funds: Pursuant to Rule 4.22(h) under the Commodity Exchange Act, the undersigned represents that, to the best of his knowledge and belief, the information contained in the Account Statement for the month ended October 31, 2025 is accurate and "
2025-11-30,November 2025,248988222.0,406326057.0,OK,https://www.volatilityshares.com/uploads/filling_doc/240-279-VS-Trust-Monthly-Statement-113025-Confidential-Signed.pdf,"99,100) Total increase in net assets 40,622,052$ (46,594,165)$ NET ASSETS Beginning of Period 208,366,170$ 452,920,222$ End of Period 248,988,222$ 406,326,057$ To the Shareholders of the VS Trust Funds: Pursuant to Rule 4.22(h) under the Commodity Exchange Act, the undersigned represents that, to the best of his knowledge and belief, the information contained in the Account Statement for the month ended November 30, 2025 is accurate and"
2025-12-31,December 2025,212031300.0,331291100.0,OK,https://www.volatilityshares.com/uploads/filling_doc/242-281-VS-Trust-Monthly-Statement-123125-Confidential-Signed.pdf,"5,139 Total increase in net assets (36,956,922)$ (75,034,957)$ NET ASSETS Beginning of Period 248,988,222$ 406,326,057$ End of Period 212,031,300$ 331,291,100$ To the Shareholders of the VS Trust Funds: Pursuant to Rule 4.22(h) under the Commodity Exchange Act, the undersigned represents that, to the best of his knowledge and belief, the information contained in the Account Statement for the month ended December 31, 2025 is accurate and"
2026-01-31,January 2026,,,ERROR_HTTPError,https://www.volatilityshares.com/uploads/filling_doc/253-0-253-292-VSTrustMonthlyStatement20260131.pdf,404 Client Error: Not Found for url: https://www.volatilityshares.com/uploads/filling_doc/253-0-253-292-VSTrustMonthlyStatement20260131.pdf
2026-02-28,February 2026,144914441.0,386822247.0,OK,https://www.volatilityshares.com/uploads/filling_doc/264-303-VSTrustMonthlyStatement20260228.pdf,"03,708) Total increase in net assets (17,862,175)$ 14,859,834$ NET ASSETS Beginning of Period 162,776,616$ 371,962,413$ End of Period 144,914,441$ 386,822,247$ To the Shareholders of the VS Trust Funds: Pursuant to Rule 4.22(h) under the Commodity Exchange Act, the undersigned represents that, to the best of his knowledge and belief, the information contained in the Account Statement for the month ended February 28, 2026 is accurate and"
2026-03-31,March 2026,334930074.0,288946912.0,OK,https://www.volatilityshares.com/uploads/filling_doc/275-314-VSTrustMonthlyStatement20260331.pdf,"0,398,368) Total increase in net assets 190,015,633 (97,875,335) NET ASSETS Beginning of Period 144,914,441 386,822,247 End of Period 334,930,074$ 288,946,912$ To the Shareholders of the VS Trust Funds: Pursuant to Rule 4.22(h) under the Commodity Exchange Act, the undersigned represents that, to the best of his knowledge and belief, the information contained in the Account Statement for the month ended March 31, 2026 is accurate and co"
2026-04-30,April 2026,224696208.0,514776836.0,OK,https://www.volatilityshares.com/uploads/filling_doc/303-342-VSTrustMonthlyStatement20260430.pdf,"9,154,923 Total increase in net assets (110,233,866) 225,829,924 NET ASSETS Beginning of Period 334,930,074 288,946,912 End of Period 224,696,208$ 514,776,836$ To the Shareholders of the VS Trust Funds: Pursuant to Rule 4.22(h) under the Commodity Exchange Act, the undersigned represents that, to the best of his knowledge and belief, the information contained in the Account Statement for the month ended April 30, 2026 is accurate and co"
2026-05-31,May 2026,166563733.0,405193950.0,OK,https://www.volatilityshares.com/uploads/filling_doc/323-369-VSTrustMonthlyStatement20260531.pdf,",011,041 Total increase in net assets (58,132,475) (109,582,886) NET ASSETS Beginning of Period 224,696,208 514,776,836 End of Period 166,563,733$ 405,193,950$ To the Shareholders of the VS Trust Funds: Pursuant to Rule 4.22(h) under the Commodity Exchange Act, the undersigned represents that, to the best of his knowledge and belief, the information contained in the Account Statement for the month ended May 31, 2026 is accurate and comp"
2026-06-30,June 2026,200341972.0,295142944.0,OK,https://www.volatilityshares.com/uploads/filling_doc/325-371-VSTrustMonthlyStatement20260630.pdf,"7,140,792) Total increase in net assets 33,778,239 (110,051,006) NET ASSETS Beginning of Period 166,563,733 405,193,950 End of Period 200,341,972$ 295,142,944$ To the Shareholders of the VS Trust Funds: Pursuant to Rule 4.22(h) under the Commodity Exchange Act, the undersigned represents that, to the best of his knowledge and belief, the information contained in the Account Statement for the month ended June 30, 2026 is accurate and com"
2026-07-31,July 2026,164724873.0,225606859.0,OK,https://www.volatilityshares.com/uploads/filling_doc/357-403-VSTrustMonthlyStatement20260731.pdf,",853,330) Total Increase in Net Assets (35,617,099) (69,536,085) NET ASSETS Beginning of Period 200,341,972 295,142,944 End of Period 164,724,873$ 225,606,859 $ To the Shareholders of the VS Trust Funds: Pursuant to Rule 4.22(h) under the Commodity Exchange Act, the undersigned represents that, to the best of his knowledge and belief, the information contained in the Account Statement for the month ended July 31, 2026 is accurate and co"
2026-08-31,August 2026,141161728.0,180407909.0,OK,https://www.volatilityshares.com/uploads/filling_doc/375-421-VSTrustMonthlyStatement20260831.pdf,"9,979,977 Total Increase in Net Assets (23,563,145) (45,198,950) NET ASSETS Beginning of Period 164,724,873 225,606,859 End of Period 141,161,728$ 180,407,909$ To the Shareholders of the VS Trust Funds: Pursuant to Rule 4.22(h) under the Commodity Exchange Act, the undersigned represents that, to the best of his knowledge and belief, the information contained in the Account Statement for the month ended August 31, 2026 is accurate and c"
