ticker,label,url,quality
SVIX,August 2026,https://www.volatilityshares.com/uploads/filling_doc/375-421-VSTrustMonthlyStatement20260831.pdf,OFFICIAL_VS_MONTHLY_STATEMENT_INDEX
UVIX,August 2026,https://www.volatilityshares.com/uploads/filling_doc/376-422-VSTrustMonthlyStatement20260831.pdf,OFFICIAL_VS_MONTHLY_STATEMENT_INDEX
SVIX,July 2026,https://www.volatilityshares.com/uploads/filling_doc/357-403-VSTrustMonthlyStatement20260731.pdf,OFFICIAL_VS_MONTHLY_STATEMENT_INDEX
UVIX,July 2026,https://www.volatilityshares.com/uploads/filling_doc/358-404-VSTrustMonthlyStatement20260731.pdf,OFFICIAL_VS_MONTHLY_STATEMENT_INDEX
SVIX,June 2026,https://www.volatilityshares.com/uploads/filling_doc/325-371-VSTrustMonthlyStatement20260630.pdf,OFFICIAL_VS_MONTHLY_STATEMENT_INDEX
UVIX,June 2026,https://www.volatilityshares.com/uploads/filling_doc/326-372-VSTrustMonthlyStatement20260630.pdf,OFFICIAL_VS_MONTHLY_STATEMENT_INDEX
SVIX,May 2026,https://www.volatilityshares.com/uploads/filling_doc/323-369-VSTrustMonthlyStatement20260531.pdf,OFFICIAL_VS_MONTHLY_STATEMENT_INDEX
UVIX,May 2026,https://www.volatilityshares.com/uploads/filling_doc/324-370-VSTrustMonthlyStatement20260531.pdf,OFFICIAL_VS_MONTHLY_STATEMENT_INDEX
SVIX,April 2026,https://www.volatilityshares.com/uploads/filling_doc/303-342-VSTrustMonthlyStatement20260430.pdf,OFFICIAL_VS_MONTHLY_STATEMENT_INDEX
UVIX,April 2026,https://www.volatilityshares.com/uploads/filling_doc/304-343-VSTrustMonthlyStatement20260430.pdf,OFFICIAL_VS_MONTHLY_STATEMENT_INDEX
SVIX,March 2026,https://www.volatilityshares.com/uploads/filling_doc/275-314-VSTrustMonthlyStatement20260331.pdf,OFFICIAL_VS_MONTHLY_STATEMENT_INDEX
UVIX,March 2026,https://www.volatilityshares.com/uploads/filling_doc/276-315-VSTrustMonthlyStatement20260331.pdf,OFFICIAL_VS_MONTHLY_STATEMENT_INDEX
SVIX,February 2026,https://www.volatilityshares.com/uploads/filling_doc/264-303-VSTrustMonthlyStatement20260228.pdf,OFFICIAL_VS_MONTHLY_STATEMENT_INDEX
UVIX,February 2026,https://www.volatilityshares.com/uploads/filling_doc/265-304-VSTrustMonthlyStatement20260228.pdf,OFFICIAL_VS_MONTHLY_STATEMENT_INDEX
SVIX,January 2026,https://www.volatilityshares.com/uploads/filling_doc/253-0-253-292-VSTrustMonthlyStatement20260131.pdf,OFFICIAL_VS_MONTHLY_STATEMENT_INDEX
UVIX,January 2026,https://www.volatilityshares.com/uploads/filling_doc/254-0-254-293-VSTrustMonthlyStatement20260131.pdf,OFFICIAL_VS_MONTHLY_STATEMENT_INDEX
SVIX,December 2025,https://www.volatilityshares.com/uploads/filling_doc/242-281-VS-Trust-Monthly-Statement-123125-Confidential-Signed.pdf,OFFICIAL_VS_MONTHLY_STATEMENT_INDEX
UVIX,December 2025,https://www.volatilityshares.com/uploads/filling_doc/243-282-VS-Trust-Monthly-Statement-123125-Confidential-Signed.pdf,OFFICIAL_VS_MONTHLY_STATEMENT_INDEX
SVIX,November 2025,https://www.volatilityshares.com/uploads/filling_doc/240-279-VS-Trust-Monthly-Statement-113025-Confidential-Signed.pdf,OFFICIAL_VS_MONTHLY_STATEMENT_INDEX
UVIX,November 2025,https://www.volatilityshares.com/uploads/filling_doc/241-280-VS-Trust-Monthly-Statement-113025-Confidential-Signed.pdf,OFFICIAL_VS_MONTHLY_STATEMENT_INDEX
SVIX,October 2025,https://www.volatilityshares.com/uploads/filling_doc/210-253-VS-Trust-Monthly-Statement-103125-Confidential-Signed.pdf,OFFICIAL_VS_MONTHLY_STATEMENT_INDEX
UVIX,October 2025,https://www.volatilityshares.com/uploads/filling_doc/211-254-VS-Trust-Monthly-Statement-103125-Confidential-Signed.pdf,OFFICIAL_VS_MONTHLY_STATEMENT_INDEX
SVIX,September 2025,https://www.volatilityshares.com/uploads/filling_doc/199-242-VS-Trust-Monthly-Statement-93025-Confidential-Signed.pdf,OFFICIAL_VS_MONTHLY_STATEMENT_INDEX
UVIX,September 2025,https://www.volatilityshares.com/uploads/filling_doc/200-243-VS-Trust-Monthly-Statement-93025-Confidential-Signed.pdf,OFFICIAL_VS_MONTHLY_STATEMENT_INDEX
SVIX,August 2025,https://www.volatilityshares.com/uploads/filling_doc/188-231-VS-Trust-Monthly-Statement-83125-Confidential-Signed.pdf,OFFICIAL_VS_MONTHLY_STATEMENT_INDEX
UVIX,August 2025,https://www.volatilityshares.com/uploads/filling_doc/189-232-VS-Trust-Monthly-Statement-83125-Confidential-Signed.pdf,OFFICIAL_VS_MONTHLY_STATEMENT_INDEX
SVIX,July 2025,https://www.volatilityshares.com/uploads/filling_doc/177-0-177-220-VSTrust-MonthlyStatement-73125-Confidential-Signed.pdf,OFFICIAL_VS_MONTHLY_STATEMENT_INDEX
UVIX,July 2025,https://www.volatilityshares.com/uploads/filling_doc/178-0-178-221-VSTrust-MonthlyStatement-73125-Confidential-Signed.pdf,OFFICIAL_VS_MONTHLY_STATEMENT_INDEX
SVIX,June 2025,https://www.volatilityshares.com/uploads/filling_doc/111-0-VSTrust-MonthlyStatement-63025-Confidential.pdf,OFFICIAL_VS_MONTHLY_STATEMENT_INDEX
UVIX,June 2025,https://www.volatilityshares.com/uploads/filling_doc/112-155-VSTrust-MonthlyStatement-63025-Confidential.pdf,OFFICIAL_VS_MONTHLY_STATEMENT_INDEX
SVIX,May 2025,https://www.volatilityshares.com/uploads/filling_doc/70-0-70-151-166-243-VS-Trust-Monthly-Statement-53125-Confidential-Signed-1.pdf,OFFICIAL_VS_MONTHLY_STATEMENT_INDEX
UVIX,May 2025,https://www.volatilityshares.com/uploads/filling_doc/108-148-167-244-VS-Trust-Monthly-Statement-53125-Confidential-Signed.pdf,OFFICIAL_VS_MONTHLY_STATEMENT_INDEX
SVIX,April 2025,https://www.volatilityshares.com/uploads/filling_doc/69-109-135-228-VSTrust-MonthlyStatement-43025-Confidential.pdf,OFFICIAL_VS_MONTHLY_STATEMENT_INDEX
UVIX,April 2025,https://www.volatilityshares.com/uploads/filling_doc/107-147-136-229-VSTrust-MonthlyStatement-43025-Confidential.pdf,OFFICIAL_VS_MONTHLY_STATEMENT_INDEX
SVIX,March 2025,https://www.volatilityshares.com/uploads/filling_doc/68-108-137-193-VS-Trust-Monthly-Statement-33125-Confidential-Signed.pdf,OFFICIAL_VS_MONTHLY_STATEMENT_INDEX
UVIX,March 2025,https://www.volatilityshares.com/uploads/filling_doc/106-146-138-194-VS-Trust-Monthly-Statement-33125-Confidential-Signed.pdf,OFFICIAL_VS_MONTHLY_STATEMENT_INDEX
SVIX,February 2025,https://www.volatilityshares.com/uploads/filling_doc/67-107-126-180-VSTrust-MonthlyStatement-22825-Confidential.pdf,OFFICIAL_VS_MONTHLY_STATEMENT_INDEX
UVIX,February 2025,https://www.volatilityshares.com/uploads/filling_doc/105-145-127-181-VSTrust-MonthlyStatement-22825-Confidential.pdf,OFFICIAL_VS_MONTHLY_STATEMENT_INDEX
SVIX,January 2025,https://www.volatilityshares.com/uploads/filling_doc/66-106-125-177-VSTrust-MonthlyStatement-13125-ConfidentialDraft2.pdf,OFFICIAL_VS_MONTHLY_STATEMENT_INDEX
UVIX,January 2025,https://www.volatilityshares.com/uploads/filling_doc/104-144-111-176-VSTrust-MonthlyStatement-13125-ConfidentialDraft2.pdf,OFFICIAL_VS_MONTHLY_STATEMENT_INDEX
SVIX,December 2024,https://www.volatilityshares.com/uploads/filling_doc/65-105-113-163-VSTrust-MonthlyStatement-123124-Confidential-Signed.pdf,OFFICIAL_VS_MONTHLY_STATEMENT_INDEX
UVIX,December 2024,https://www.volatilityshares.com/uploads/filling_doc/103-143-114-164-VSTrust-MonthlyStatement-123124-Confidential-Signed.pdf,OFFICIAL_VS_MONTHLY_STATEMENT_INDEX
SVIX,November 2024,https://www.volatilityshares.com/uploads/filling_doc/64-104-86-138-VS-Trust-Monthly-Statement-113024-Confidential-Signed.pdf,OFFICIAL_VS_MONTHLY_STATEMENT_INDEX
UVIX,November 2024,https://www.volatilityshares.com/uploads/filling_doc/102-142-87-139-VS-Trust-Monthly-Statement-113024-Confidential-Signed.pdf,OFFICIAL_VS_MONTHLY_STATEMENT_INDEX
SVIX,October 2024,https://www.volatilityshares.com/uploads/filling_doc/63-103-88-136-VS-Trust-Monthly-Statement-103124-Confidential-v2-Signed.pdf,OFFICIAL_VS_MONTHLY_STATEMENT_INDEX
UVIX,October 2024,https://www.volatilityshares.com/uploads/filling_doc/101-141-89-137-VS-Trust-Monthly-Statement-103124-Confidential-v2-Signed.pdf,OFFICIAL_VS_MONTHLY_STATEMENT_INDEX
SVIX,September 2024,https://www.volatilityshares.com/uploads/filling_doc/62-102-78-124-VS-Trust-Monthly-Statement-93024-Confidential-Signed.pdf,OFFICIAL_VS_MONTHLY_STATEMENT_INDEX
UVIX,September 2024,https://www.volatilityshares.com/uploads/filling_doc/100-140-79-125-VS-Trust-Monthly-Statement-93024-Confidential-Signed.pdf,OFFICIAL_VS_MONTHLY_STATEMENT_INDEX
SVIX,August 2024,https://www.volatilityshares.com/uploads/filling_doc/61-101-70-122-VS-Trust-Monthly-Statement-83124-Confidential-Signed.pdf,OFFICIAL_VS_MONTHLY_STATEMENT_INDEX
UVIX,August 2024,https://www.volatilityshares.com/uploads/filling_doc/99-139-71-123-VS-Trust-Monthly-Statement-83124-Confidential-Signed.pdf,OFFICIAL_VS_MONTHLY_STATEMENT_INDEX
SVIX,July 2024,https://www.volatilityshares.com/uploads/filling_doc/60-100-72-95-July-2024-Monthly-Statement.pdf,OFFICIAL_VS_MONTHLY_STATEMENT_INDEX
UVIX,July 2024,https://www.volatilityshares.com/uploads/filling_doc/98-138-73-96-July-2024-Monthly-Statement.pdf,OFFICIAL_VS_MONTHLY_STATEMENT_INDEX
SVIX,June 2024,https://www.volatilityshares.com/uploads/filling_doc/59-99-69-92-VS-Trust-Monthly-Statement-63024.pdf,OFFICIAL_VS_MONTHLY_STATEMENT_INDEX
UVIX,June 2024,https://www.volatilityshares.com/uploads/filling_doc/97-137-68-91-VS-Trust-Monthly-Statement-63024.pdf,OFFICIAL_VS_MONTHLY_STATEMENT_INDEX
SVIX,May 2024,https://www.volatilityshares.com/uploads/filling_doc/58-98-64-89-Monthly-Statement-53124.pdf,OFFICIAL_VS_MONTHLY_STATEMENT_INDEX
UVIX,May 2024,https://www.volatilityshares.com/uploads/filling_doc/96-136-63-88-Monthly-Statement-53124.pdf,OFFICIAL_VS_MONTHLY_STATEMENT_INDEX
SVIX,April 2024,https://www.volatilityshares.com/uploads/filling_doc/57-97-65-86-VS-Trust-Monthly-Statement-43024.pdf,OFFICIAL_VS_MONTHLY_STATEMENT_INDEX
UVIX,April 2024,https://www.volatilityshares.com/uploads/filling_doc/95-135-66-87-VS-Trust-Monthly-Statement-43024.pdf,OFFICIAL_VS_MONTHLY_STATEMENT_INDEX
SVIX,March 2024,https://www.volatilityshares.com/uploads/filling_doc/56-96-77-103-VS-Trust-Monthly-Statement-33124-Confidential.pdf,OFFICIAL_VS_MONTHLY_STATEMENT_INDEX
UVIX,March 2024,https://www.volatilityshares.com/uploads/filling_doc/94-134-76-102-VS-Trust-Monthly-Statement-33124-Confidential.pdf,OFFICIAL_VS_MONTHLY_STATEMENT_INDEX
SVIX,February 2024,https://www.volatilityshares.com/uploads/filling_doc/55-95-54-78-VS-Trust-Monthly-Statement-22924.pdf,OFFICIAL_VS_MONTHLY_STATEMENT_INDEX
UVIX,February 2024,https://www.volatilityshares.com/uploads/filling_doc/93-133-53-79-VS-Trust-Monthly-Statement-22924.pdf,OFFICIAL_VS_MONTHLY_STATEMENT_INDEX
SVIX,January 2024,https://www.volatilityshares.com/uploads/filling_doc/54-93-56-73-VS-Trust-Monthly-Statement-13124.pdf,OFFICIAL_VS_MONTHLY_STATEMENT_INDEX
UVIX,January 2024,https://www.volatilityshares.com/uploads/filling_doc/92-132-55-72-VS-Trust-Monthly-Statement-13124.pdf,OFFICIAL_VS_MONTHLY_STATEMENT_INDEX
SVIX,December 2023,https://www.volatilityshares.com/uploads/filling_doc/53-92-49-67-VS-Trust-Monthly-Statement-123123.pdf,OFFICIAL_VS_MONTHLY_STATEMENT_INDEX
UVIX,December 2023,https://www.volatilityshares.com/uploads/filling_doc/91-131-48-68-VS-Trust-Monthly-Statement-123123.pdf,OFFICIAL_VS_MONTHLY_STATEMENT_INDEX
SVIX,November 2023,https://www.volatilityshares.com/uploads/filling_doc/52-94-50-65-VS-Trust-Monthly-Statement-113023.pdf,OFFICIAL_VS_MONTHLY_STATEMENT_INDEX
UVIX,November 2023,https://www.volatilityshares.com/uploads/filling_doc/90-130-51-66-VS-Trust-Monthly-Statement-113023.pdf,OFFICIAL_VS_MONTHLY_STATEMENT_INDEX
SVIX,October 2023,https://www.volatilityshares.com/uploads/filling_doc/51-90-45-61-VS-Trust-Monthly-Statement-103123.pdf,OFFICIAL_VS_MONTHLY_STATEMENT_INDEX
UVIX,October 2023,https://www.volatilityshares.com/uploads/filling_doc/89-129-44-62-VS-Trust-Monthly-Statement-103123.pdf,OFFICIAL_VS_MONTHLY_STATEMENT_INDEX
SVIX,September 2023,https://www.volatilityshares.com/uploads/filling_doc/50-89-40-59-VS-Trust-Monthly-Statement-93023.pdf,OFFICIAL_VS_MONTHLY_STATEMENT_INDEX
UVIX,September 2023,https://www.volatilityshares.com/uploads/filling_doc/88-128-41-60-VS-Trust-Monthly-Statement-93023.pdf,OFFICIAL_VS_MONTHLY_STATEMENT_INDEX
SVIX,August 2023,https://www.volatilityshares.com/uploads/filling_doc/49-88-43-54-VS-Trust-Monthly-Statement-83123.pdf,OFFICIAL_VS_MONTHLY_STATEMENT_INDEX
UVIX,August 2023,https://www.volatilityshares.com/uploads/filling_doc/87-127-42-53-VS-Trust-Monthly-Statement-83123.pdf,OFFICIAL_VS_MONTHLY_STATEMENT_INDEX
SVIX,July 2023,https://www.volatilityshares.com/uploads/filling_doc/48-87-37-47-VS-Trust-Monthly-Statement-73123.pdf,OFFICIAL_VS_MONTHLY_STATEMENT_INDEX
UVIX,July 2023,https://www.volatilityshares.com/uploads/filling_doc/86-126-38-48-VS-Trust-Monthly-Statement-73123.pdf,OFFICIAL_VS_MONTHLY_STATEMENT_INDEX
SVIX,June 2023,https://www.volatilityshares.com/uploads/filling_doc/47-86-35-45-VS-Trust-Monthly-Statement-63023.pdf,OFFICIAL_VS_MONTHLY_STATEMENT_INDEX
UVIX,June 2023,https://www.volatilityshares.com/uploads/filling_doc/85-125-36-46-VS-Trust-Monthly-Statement-63023.pdf,OFFICIAL_VS_MONTHLY_STATEMENT_INDEX
SVIX,May 2023,https://www.volatilityshares.com/uploads/filling_doc/46-85-34-44-VS-Trust-Monthly-Statement-53123.pdf,OFFICIAL_VS_MONTHLY_STATEMENT_INDEX
UVIX,May 2023,https://www.volatilityshares.com/uploads/filling_doc/84-124-33-43-VS-Trust-Monthly-Statement-53123.pdf,OFFICIAL_VS_MONTHLY_STATEMENT_INDEX
SVIX,April 2023,https://www.volatilityshares.com/uploads/filling_doc/45-84-30-40-VS-Trust-Monthly-Statement-43023-.pdf,OFFICIAL_VS_MONTHLY_STATEMENT_INDEX
UVIX,April 2023,https://www.volatilityshares.com/uploads/filling_doc/83-123-29-39-VS-Trust-Monthly-Statement-43023-.pdf,OFFICIAL_VS_MONTHLY_STATEMENT_INDEX
SVIX,March 2023,https://www.volatilityshares.com/uploads/filling_doc/44-83-13-35-VS-Trust-Monthly-Statement-33123.pdf,OFFICIAL_VS_MONTHLY_STATEMENT_INDEX
UVIX,March 2023,https://www.volatilityshares.com/uploads/filling_doc/82-122-25-36-VS-Trust-Monthly-Statement-33123.pdf,OFFICIAL_VS_MONTHLY_STATEMENT_INDEX
SVIX,February 2023,https://www.volatilityshares.com/uploads/filling_doc/43-82-27-32-February-2023-Monthly-Statement.pdf,OFFICIAL_VS_MONTHLY_STATEMENT_INDEX
UVIX,February 2023,https://www.volatilityshares.com/uploads/filling_doc/81-121-26-33-February-2023-Monthly-Statement.pdf,OFFICIAL_VS_MONTHLY_STATEMENT_INDEX
SVIX,January 2023,https://www.volatilityshares.com/uploads/filling_doc/42-81-11-12-VS-Trust-Monthly-Statement-13123.pdf,OFFICIAL_VS_MONTHLY_STATEMENT_INDEX
UVIX,January 2023,https://www.volatilityshares.com/uploads/filling_doc/80-120-23-26-VS-Trust-Monthly-Statement-13123.pdf,OFFICIAL_VS_MONTHLY_STATEMENT_INDEX
SVIX,December 2022,https://www.volatilityshares.com/uploads/filling_doc/41-80-10-11-VS-Trust-Monthly-Statement-123122.pdf,OFFICIAL_VS_MONTHLY_STATEMENT_INDEX
UVIX,December 2022,https://www.volatilityshares.com/uploads/filling_doc/79-119-22-25-VS-Trust-Monthly-Statement-123122.pdf,OFFICIAL_VS_MONTHLY_STATEMENT_INDEX
SVIX,November 2022,https://www.volatilityshares.com/uploads/filling_doc/40-79-9-10-November-2022-Monthly-Statement.pdf,OFFICIAL_VS_MONTHLY_STATEMENT_INDEX
UVIX,November 2022,https://www.volatilityshares.com/uploads/filling_doc/78-118-21-24-November-2022-Monthly-Statement.pdf,OFFICIAL_VS_MONTHLY_STATEMENT_INDEX
SVIX,October 2022,https://www.volatilityshares.com/uploads/filling_doc/39-78-8-9-VS-Trust-Monthly-Statement-103122.pdf,OFFICIAL_VS_MONTHLY_STATEMENT_INDEX
UVIX,October 2022,https://www.volatilityshares.com/uploads/filling_doc/77-117-20-23-VS-Trust-Monthly-Statement-103122.pdf,OFFICIAL_VS_MONTHLY_STATEMENT_INDEX
SVIX,September 2022,https://www.volatilityshares.com/uploads/filling_doc/38-77-7-8-VS-Trust-Monthly-Statement-93022.pdf,OFFICIAL_VS_MONTHLY_STATEMENT_INDEX
UVIX,September 2022,https://www.volatilityshares.com/uploads/filling_doc/76-116-19-22-VS-Trust-Monthly-Statement-93022.pdf,OFFICIAL_VS_MONTHLY_STATEMENT_INDEX
SVIX,August 2022,https://www.volatilityshares.com/uploads/filling_doc/37-76-6-6-VS-Trust-Monthly-Statement-August-2022.pdf,OFFICIAL_VS_MONTHLY_STATEMENT_INDEX
UVIX,August 2022,https://www.volatilityshares.com/uploads/filling_doc/75-115-18-20-VS-Trust-Monthly-Statement-August-2022.pdf,OFFICIAL_VS_MONTHLY_STATEMENT_INDEX
SVIX,July 2022,https://www.volatilityshares.com/uploads/filling_doc/36-75-5-5-VS-Trust-Monthly-Statement-July-2022.pdf,OFFICIAL_VS_MONTHLY_STATEMENT_INDEX
UVIX,July 2022,https://www.volatilityshares.com/uploads/filling_doc/74-114-17-19-VS-Trust-Monthly-Statement-July-2022.pdf,OFFICIAL_VS_MONTHLY_STATEMENT_INDEX
SVIX,June 2022,https://www.volatilityshares.com/uploads/filling_doc/35-74-4-4-VS-Trust-Monthly-Statement-63022-1.pdf,OFFICIAL_VS_MONTHLY_STATEMENT_INDEX
UVIX,June 2022,https://www.volatilityshares.com/uploads/filling_doc/73-113-16-18-VS-Trust-Monthly-Statement-63022.pdf,OFFICIAL_VS_MONTHLY_STATEMENT_INDEX
SVIX,May 2022,https://www.volatilityshares.com/uploads/filling_doc/34-73-2-2-VS-Trust-Monthly-Statement-53122.pdf,OFFICIAL_VS_MONTHLY_STATEMENT_INDEX
UVIX,May 2022,https://www.volatilityshares.com/uploads/filling_doc/72-112-15-17-VS-Trust-Monthly-Statement-53122.pdf,OFFICIAL_VS_MONTHLY_STATEMENT_INDEX
SVIX,April 2022,https://www.volatilityshares.com/uploads/filling_doc/33-72-1-1-VS-Trust-Monthly-Statement-04302022.pdf,OFFICIAL_VS_MONTHLY_STATEMENT_INDEX
UVIX,April 2022,https://www.volatilityshares.com/uploads/filling_doc/71-111-14-16-VS-Trust-Monthly-Statement-04302022.pdf,OFFICIAL_VS_MONTHLY_STATEMENT_INDEX
UNASSIGNED,,https://www.volatilityshares.com/uploads/filling_doc/13-71-74-98-ZIVB-N-PX-06302024.pdf,OFFICIAL_VS_DOCUMENT_INDEX
UNASSIGNED,,https://www.volatilityshares.com/uploads/filling_doc/12-63-10K-2025-VSTrust.pdf,OFFICIAL_VS_DOCUMENT_INDEX
UNASSIGNED,,https://www.volatilityshares.com/uploads/filling_doc/12-64-VSTrust10QAsFiled20260630.pdf,OFFICIAL_VS_DOCUMENT_INDEX
UNASSIGNED,,https://www.volatilityshares.com/uploads/filling_doc/12-65-114-179-ea022634501-8kvstrustEDGAR2.pdf,OFFICIAL_VS_DOCUMENT_INDEX
UNASSIGNED,,https://www.volatilityshares.com/uploads/filling_doc/12-66-QualifiedNoticeNoECIandNoDistribution20260915.pdf,OFFICIAL_VS_DOCUMENT_INDEX
UNASSIGNED,,https://www.volatilityshares.com/uploads/filling_doc/11-60-10K-2025-VSTrust.pdf,OFFICIAL_VS_DOCUMENT_INDEX
UNASSIGNED,,https://www.volatilityshares.com/uploads/filling_doc/11-61-VSTrust10QAsFiled20260630.pdf,OFFICIAL_VS_DOCUMENT_INDEX
UNASSIGNED,,https://www.volatilityshares.com/uploads/filling_doc/11-62-78-108-ea0214432-8kvstrustAsFiled-VS-Trust-91624.pdf,OFFICIAL_VS_DOCUMENT_INDEX
UNASSIGNED,,https://www.volatilityshares.com/uploads/filling_doc/11-59-QualifiedNoticeNoECIandNoDistribution20260915.pdf,OFFICIAL_VS_DOCUMENT_INDEX
UNASSIGNED,,https://www.volatilityshares.com/uploads/filling_doc/15-55-67-97-ETHU-N-PX-06302024.pdf,OFFICIAL_VS_DOCUMENT_INDEX
UNASSIGNED,,https://www.volatilityshares.com/uploads/filling_doc/14-52-75-99-BITX-N-PX-06302024.pdf,OFFICIAL_VS_DOCUMENT_INDEX
UNASSIGNED,,https://www.volatilityshares.com/uploads/filling_doc/377-423-2xAvalancheETF19a1Notice202609.pdf,OFFICIAL_VS_DOCUMENT_INDEX
UNASSIGNED,,https://www.volatilityshares.com/uploads/filling_doc/378-424-2xBitcoinETF19a1Notice202609.pdf,OFFICIAL_VS_DOCUMENT_INDEX
UNASSIGNED,,https://www.volatilityshares.com/uploads/filling_doc/391-437-ChainlinkETF19a1Notice202609.pdf,OFFICIAL_VS_DOCUMENT_INDEX
UNASSIGNED,,https://www.volatilityshares.com/uploads/filling_doc/380-426-2xChainlinkETF19a1Notice202609.pdf,OFFICIAL_VS_DOCUMENT_INDEX
UNASSIGNED,,https://www.volatilityshares.com/uploads/filling_doc/386-432-CardanoETF19a1Notice202609.pdf,OFFICIAL_VS_DOCUMENT_INDEX
UNASSIGNED,,https://www.volatilityshares.com/uploads/filling_doc/379-425-2xCardanoETF19a1Notice202609.pdf,OFFICIAL_VS_DOCUMENT_INDEX
UNASSIGNED,,https://www.volatilityshares.com/uploads/filling_doc/381-427-2xEtherETF19a1Notice202609.pdf,OFFICIAL_VS_DOCUMENT_INDEX
UNASSIGNED,,https://www.volatilityshares.com/uploads/filling_doc/382-428-2xSolanaETF19a1Notice202609.pdf,OFFICIAL_VS_DOCUMENT_INDEX
UNASSIGNED,,https://www.volatilityshares.com/uploads/filling_doc/387-433-SolanaETF19a1Notice202609.pdf,OFFICIAL_VS_DOCUMENT_INDEX
UNASSIGNED,,https://www.volatilityshares.com/uploads/filling_doc/388-434-StellarETF19a1Notice202609.pdf,OFFICIAL_VS_DOCUMENT_INDEX
UNASSIGNED,,https://www.volatilityshares.com/uploads/filling_doc/383-429-2xStellarETF19a1Notice202609.pdf,OFFICIAL_VS_DOCUMENT_INDEX
UNASSIGNED,,https://www.volatilityshares.com/uploads/filling_doc/384-430-2xSuiETF19a1Notice202609.pdf,OFFICIAL_VS_DOCUMENT_INDEX
UNASSIGNED,,https://www.volatilityshares.com/uploads/filling_doc/390-436-XRPETF19a1Notice202609.pdf,OFFICIAL_VS_DOCUMENT_INDEX
UNASSIGNED,,https://www.volatilityshares.com/uploads/filling_doc/385-431-2xXRPETF19a1Notice202609.pdf,OFFICIAL_VS_DOCUMENT_INDEX
UNASSIGNED,,https://www.volatilityshares.com/uploads/filling_doc/389-435-VolatilityPremiumPlusETF19a1Notice202609.pdf,OFFICIAL_VS_DOCUMENT_INDEX
UNASSIGNED,,https://www.volatilityshares.com/uploads/filling_doc/359-405-2xAvalancheETF19a1Notice202608.pdf,OFFICIAL_VS_DOCUMENT_INDEX
UNASSIGNED,,https://www.volatilityshares.com/uploads/filling_doc/360-406-2xBitcoinETF19a1Notice202608.pdf,OFFICIAL_VS_DOCUMENT_INDEX
UNASSIGNED,,https://www.volatilityshares.com/uploads/filling_doc/370-416-ChainlinkETF19a1Notice202608.pdf,OFFICIAL_VS_DOCUMENT_INDEX
UNASSIGNED,,https://www.volatilityshares.com/uploads/filling_doc/362-408-2xChainlinkETF19a1Notice202608.pdf,OFFICIAL_VS_DOCUMENT_INDEX
UNASSIGNED,,https://www.volatilityshares.com/uploads/filling_doc/369-415-CardanoETF19a1Notice202608.pdf,OFFICIAL_VS_DOCUMENT_INDEX
UNASSIGNED,,https://www.volatilityshares.com/uploads/filling_doc/361-407-2xCardanoETF19a1Notice202608.pdf,OFFICIAL_VS_DOCUMENT_INDEX
UNASSIGNED,,https://www.volatilityshares.com/uploads/filling_doc/363-409-2xEtherETF19a1Notice202608.pdf,OFFICIAL_VS_DOCUMENT_INDEX
UNASSIGNED,,https://www.volatilityshares.com/uploads/filling_doc/364-410-2xSolanaETF19a1Notice202608.pdf,OFFICIAL_VS_DOCUMENT_INDEX
UNASSIGNED,,https://www.volatilityshares.com/uploads/filling_doc/371-417-SolanaETF19a1Notice202608.pdf,OFFICIAL_VS_DOCUMENT_INDEX
UNASSIGNED,,https://www.volatilityshares.com/uploads/filling_doc/372-418-StellarETF19a1Notice202608.pdf,OFFICIAL_VS_DOCUMENT_INDEX
UNASSIGNED,,https://www.volatilityshares.com/uploads/filling_doc/365-411-2xStellarETF19a1Notice202608.pdf,OFFICIAL_VS_DOCUMENT_INDEX
UNASSIGNED,,https://www.volatilityshares.com/uploads/filling_doc/367-413-2xSuiETF19a1Notice202608.pdf,OFFICIAL_VS_DOCUMENT_INDEX
UNASSIGNED,,https://www.volatilityshares.com/uploads/filling_doc/374-420-XRPETF19a1Notice202608.pdf,OFFICIAL_VS_DOCUMENT_INDEX
UNASSIGNED,,https://www.volatilityshares.com/uploads/filling_doc/368-414-2xXRPETF19a1Notice202608.pdf,OFFICIAL_VS_DOCUMENT_INDEX
UNASSIGNED,,https://www.volatilityshares.com/uploads/filling_doc/373-0-VolatilityPremiumPlusETF19a1Notice202608.pdf,OFFICIAL_VS_DOCUMENT_INDEX
UNASSIGNED,,https://www.volatilityshares.com/uploads/filling_doc/327-373-2xAvalancheETF19a1Notice202607.pdf,OFFICIAL_VS_DOCUMENT_INDEX
UNASSIGNED,,https://www.volatilityshares.com/uploads/filling_doc/328-374-2xBitcoinETF19a1Notice202607.pdf,OFFICIAL_VS_DOCUMENT_INDEX
UNASSIGNED,,https://www.volatilityshares.com/uploads/filling_doc/337-383-ChainlinkETF19a1Notice202607.pdf,OFFICIAL_VS_DOCUMENT_INDEX
UNASSIGNED,,https://www.volatilityshares.com/uploads/filling_doc/330-376-2xChainlinkETF19a1Notice202607.pdf,OFFICIAL_VS_DOCUMENT_INDEX
UNASSIGNED,,https://www.volatilityshares.com/uploads/filling_doc/336-382-CardanoETF19a1Notice202607.pdf,OFFICIAL_VS_DOCUMENT_INDEX
UNASSIGNED,,https://www.volatilityshares.com/uploads/filling_doc/329-375-2xCardanoETF19a1Notice202607.pdf,OFFICIAL_VS_DOCUMENT_INDEX
UNASSIGNED,,https://www.volatilityshares.com/uploads/filling_doc/331-377-2xEtherETF19a1Notice202607.pdf,OFFICIAL_VS_DOCUMENT_INDEX
UNASSIGNED,,https://www.volatilityshares.com/uploads/filling_doc/332-378-2xSolanaETF19a1Notice202607.pdf,OFFICIAL_VS_DOCUMENT_INDEX
UNASSIGNED,,https://www.volatilityshares.com/uploads/filling_doc/338-384-SolanaETF19a1Notice202607.pdf,OFFICIAL_VS_DOCUMENT_INDEX
UNASSIGNED,,https://www.volatilityshares.com/uploads/filling_doc/339-385-StellarETF19a1Notice202607.pdf,OFFICIAL_VS_DOCUMENT_INDEX
UNASSIGNED,,https://www.volatilityshares.com/uploads/filling_doc/333-379-2xStellarETF19a1Notice202607.pdf,OFFICIAL_VS_DOCUMENT_INDEX
UNASSIGNED,,https://www.volatilityshares.com/uploads/filling_doc/334-380-2xSuiETF19a1Notice202607.pdf,OFFICIAL_VS_DOCUMENT_INDEX
UNASSIGNED,,https://www.volatilityshares.com/uploads/filling_doc/341-387-XRPETF19a1Notice202607.pdf,OFFICIAL_VS_DOCUMENT_INDEX
UNASSIGNED,,https://www.volatilityshares.com/uploads/filling_doc/335-381-2xXRPETF19a1Notice202607.pdf,OFFICIAL_VS_DOCUMENT_INDEX
UNASSIGNED,,https://www.volatilityshares.com/uploads/filling_doc/340-386-VolatilityPremiumPlusETF19a1Notice202607.pdf,OFFICIAL_VS_DOCUMENT_INDEX
UNASSIGNED,,https://www.volatilityshares.com/uploads/filling_doc/307-346-2xAvalancheETF19a1Notice202606.pdf,OFFICIAL_VS_DOCUMENT_INDEX
UNASSIGNED,,https://www.volatilityshares.com/uploads/filling_doc/308-347-2xBitcoinStrategyETF19a1Notice202606.pdf,OFFICIAL_VS_DOCUMENT_INDEX
UNASSIGNED,,https://www.volatilityshares.com/uploads/filling_doc/317-356-ChainlinkETF19a1Notice202606.pdf,OFFICIAL_VS_DOCUMENT_INDEX
UNASSIGNED,,https://www.volatilityshares.com/uploads/filling_doc/322-361-2xChainlinkETF19a1Notice202606.pdf,OFFICIAL_VS_DOCUMENT_INDEX
UNASSIGNED,,https://www.volatilityshares.com/uploads/filling_doc/316-355-CardanoETF19a1Notice202606.pdf,OFFICIAL_VS_DOCUMENT_INDEX
UNASSIGNED,,https://www.volatilityshares.com/uploads/filling_doc/309-348-2xCardanoETF19a1Notice202606.pdf,OFFICIAL_VS_DOCUMENT_INDEX
UNASSIGNED,,https://www.volatilityshares.com/uploads/filling_doc/311-350-2xEtherETF19a1Notice202606.pdf,OFFICIAL_VS_DOCUMENT_INDEX
UNASSIGNED,,https://www.volatilityshares.com/uploads/filling_doc/312-351-2xSolanaETF19a1Notice202606.pdf,OFFICIAL_VS_DOCUMENT_INDEX
UNASSIGNED,,https://www.volatilityshares.com/uploads/filling_doc/318-357-SolanaETF19a1Notice202606.pdf,OFFICIAL_VS_DOCUMENT_INDEX
UNASSIGNED,,https://www.volatilityshares.com/uploads/filling_doc/319-358-StellarETF19a1Notice202606.pdf,OFFICIAL_VS_DOCUMENT_INDEX
UNASSIGNED,,https://www.volatilityshares.com/uploads/filling_doc/313-352-2xStellarETF19a1Notice202606.pdf,OFFICIAL_VS_DOCUMENT_INDEX
UNASSIGNED,,https://www.volatilityshares.com/uploads/filling_doc/314-353-2xSuiETF19a1Notice202606.pdf,OFFICIAL_VS_DOCUMENT_INDEX
UNASSIGNED,,https://www.volatilityshares.com/uploads/filling_doc/321-360-XRPETF19a1Notice202606.pdf,OFFICIAL_VS_DOCUMENT_INDEX
UNASSIGNED,,https://www.volatilityshares.com/uploads/filling_doc/315-354-2xXRPETF19a1Notice202606.pdf,OFFICIAL_VS_DOCUMENT_INDEX
UNASSIGNED,,https://www.volatilityshares.com/uploads/filling_doc/320-359-VolatilityPremiumPlusETF19a1Notice202606.pdf,OFFICIAL_VS_DOCUMENT_INDEX
UNASSIGNED,,https://www.volatilityshares.com/uploads/filling_doc/290-329-2xBitcoinStrategyETF19a1Notice202605.pdf,OFFICIAL_VS_DOCUMENT_INDEX
UNASSIGNED,,https://www.volatilityshares.com/uploads/filling_doc/298-337-ChainlinkETF19a1Notice202605.pdf,OFFICIAL_VS_DOCUMENT_INDEX
UNASSIGNED,,https://www.volatilityshares.com/uploads/filling_doc/292-331-2xChainlinkETF19a1Notice202605.pdf,OFFICIAL_VS_DOCUMENT_INDEX
UNASSIGNED,,https://www.volatilityshares.com/uploads/filling_doc/297-336-CardanoETF19a1Notice202605.pdf,OFFICIAL_VS_DOCUMENT_INDEX
UNASSIGNED,,https://www.volatilityshares.com/uploads/filling_doc/291-330-2xCardanoETF19a1Notice202605.pdf,OFFICIAL_VS_DOCUMENT_INDEX
UNASSIGNED,,https://www.volatilityshares.com/uploads/filling_doc/293-332-2xEtherETF19a1Notice202605.pdf,OFFICIAL_VS_DOCUMENT_INDEX
UNASSIGNED,,https://www.volatilityshares.com/uploads/filling_doc/294-333-2xSolanaETF19a1Notice202605.pdf,OFFICIAL_VS_DOCUMENT_INDEX
UNASSIGNED,,https://www.volatilityshares.com/uploads/filling_doc/299-338-SolanaETF19a1Notice202605.pdf,OFFICIAL_VS_DOCUMENT_INDEX
UNASSIGNED,,https://www.volatilityshares.com/uploads/filling_doc/300-339-StellarETF19a1Notice202605.pdf,OFFICIAL_VS_DOCUMENT_INDEX
UNASSIGNED,,https://www.volatilityshares.com/uploads/filling_doc/295-334-2xStellarETF19a1Notice202605.pdf,OFFICIAL_VS_DOCUMENT_INDEX
UNASSIGNED,,https://www.volatilityshares.com/uploads/filling_doc/302-341-XRPETF19a1Notice202605.pdf,OFFICIAL_VS_DOCUMENT_INDEX
UNASSIGNED,,https://www.volatilityshares.com/uploads/filling_doc/296-335-2xXRPETF19a1Notice202605.pdf,OFFICIAL_VS_DOCUMENT_INDEX
UNASSIGNED,,https://www.volatilityshares.com/uploads/filling_doc/301-340-VolatilityPremiumPlusETF19a1Notice202605.pdf,OFFICIAL_VS_DOCUMENT_INDEX
UNASSIGNED,,https://www.volatilityshares.com/uploads/filling_doc/278-317-2xBitcoinStrategyETF19a1Notice202604.pdf,OFFICIAL_VS_DOCUMENT_INDEX
UNASSIGNED,,https://www.volatilityshares.com/uploads/filling_doc/286-325-ChainlinkETF19a1Notice202604.pdf,OFFICIAL_VS_DOCUMENT_INDEX
UNASSIGNED,,https://www.volatilityshares.com/uploads/filling_doc/280-319-2xChainlinkETF19a1Notice202604.pdf,OFFICIAL_VS_DOCUMENT_INDEX
UNASSIGNED,,https://www.volatilityshares.com/uploads/filling_doc/285-324-CardanoETF19a1Notice202604.pdf,OFFICIAL_VS_DOCUMENT_INDEX
UNASSIGNED,,https://www.volatilityshares.com/uploads/filling_doc/279-318-2xCardanoETF19a1Notice202604.pdf,OFFICIAL_VS_DOCUMENT_INDEX
UNASSIGNED,,https://www.volatilityshares.com/uploads/filling_doc/281-320-2xEtherETF19a1Notice202604.pdf,OFFICIAL_VS_DOCUMENT_INDEX
UNASSIGNED,,https://www.volatilityshares.com/uploads/filling_doc/282-321-2xSolanaETF19a1Notice202604.pdf,OFFICIAL_VS_DOCUMENT_INDEX
UNASSIGNED,,https://www.volatilityshares.com/uploads/filling_doc/287-326-SolanaETF19a1Notice202604.pdf,OFFICIAL_VS_DOCUMENT_INDEX
UNASSIGNED,,https://www.volatilityshares.com/uploads/filling_doc/288-327-StellarETF19a1Notice202604.pdf,OFFICIAL_VS_DOCUMENT_INDEX
UNASSIGNED,,https://www.volatilityshares.com/uploads/filling_doc/283-322-2xStellarETF19a1Notice202604.pdf,OFFICIAL_VS_DOCUMENT_INDEX
UNASSIGNED,,https://www.volatilityshares.com/uploads/filling_doc/277-316-XRPETF19a1Notice202604.pdf,OFFICIAL_VS_DOCUMENT_INDEX
UNASSIGNED,,https://www.volatilityshares.com/uploads/filling_doc/284-0-2xXRPETF19a1Notice202604.pdf,OFFICIAL_VS_DOCUMENT_INDEX
UNASSIGNED,,https://www.volatilityshares.com/uploads/filling_doc/289-328-VolatilityPremiumPlusETF19a1Notice202604.pdf,OFFICIAL_VS_DOCUMENT_INDEX
UNASSIGNED,,https://www.volatilityshares.com/uploads/filling_doc/266-305-2xBitcoinStrategyETF19a1Notice202603.pdf,OFFICIAL_VS_DOCUMENT_INDEX
UNASSIGNED,,https://www.volatilityshares.com/uploads/filling_doc/267-306-2xEtherETF19a1Notice202603.pdf,OFFICIAL_VS_DOCUMENT_INDEX
UNASSIGNED,,https://www.volatilityshares.com/uploads/filling_doc/268-307-OnePlusOneNasdaq100andBitcoinETF19a1Notice202603.pdf,OFFICIAL_VS_DOCUMENT_INDEX
UNASSIGNED,,https://www.volatilityshares.com/uploads/filling_doc/269-308-OnePlusOneSP500andBitcoinETF19a1Notice202603.pdf,OFFICIAL_VS_DOCUMENT_INDEX
UNASSIGNED,,https://www.volatilityshares.com/uploads/filling_doc/270-309-2xSolanaETF19a1Notice202603.pdf,OFFICIAL_VS_DOCUMENT_INDEX
UNASSIGNED,,https://www.volatilityshares.com/uploads/filling_doc/271-310-SolanaETF19a1Notice202603.pdf,OFFICIAL_VS_DOCUMENT_INDEX
UNASSIGNED,,https://www.volatilityshares.com/uploads/filling_doc/272-311-XRPETF19a1Notice202603.pdf,OFFICIAL_VS_DOCUMENT_INDEX
UNASSIGNED,,https://www.volatilityshares.com/uploads/filling_doc/273-312-2xXRPETF19a1Notice202603.pdf,OFFICIAL_VS_DOCUMENT_INDEX
UNASSIGNED,,https://www.volatilityshares.com/uploads/filling_doc/274-313-VolatilityPremiumPlusETF19a1Notice202603.pdf,OFFICIAL_VS_DOCUMENT_INDEX
UNASSIGNED,,https://www.volatilityshares.com/uploads/filling_doc/255-294-2xBitcoinStrategyETF19a1Notice202602.pdf,OFFICIAL_VS_DOCUMENT_INDEX
UNASSIGNED,,https://www.volatilityshares.com/uploads/filling_doc/256-295-2xEtherETF19a1Notice202602.pdf,OFFICIAL_VS_DOCUMENT_INDEX
UNASSIGNED,,https://www.volatilityshares.com/uploads/filling_doc/257-296-OnePlusOneNasdaq100andBitcoinETF19a1Notice202602.pdf,OFFICIAL_VS_DOCUMENT_INDEX
UNASSIGNED,,https://www.volatilityshares.com/uploads/filling_doc/258-297-OnePlusOneSP500andBitcoinETF19a1Notice202602.pdf,OFFICIAL_VS_DOCUMENT_INDEX
UNASSIGNED,,https://www.volatilityshares.com/uploads/filling_doc/259-298-2xSolanaETF19a1Notice202602.pdf,OFFICIAL_VS_DOCUMENT_INDEX
UNASSIGNED,,https://www.volatilityshares.com/uploads/filling_doc/260-299-SolanaETF19a1Notice202602.pdf,OFFICIAL_VS_DOCUMENT_INDEX
UNASSIGNED,,https://www.volatilityshares.com/uploads/filling_doc/261-300-XRPETF19a1Notice202602.pdf,OFFICIAL_VS_DOCUMENT_INDEX
UNASSIGNED,,https://www.volatilityshares.com/uploads/filling_doc/262-301-2xXRPETF19a1Notice202602.pdf,OFFICIAL_VS_DOCUMENT_INDEX
UNASSIGNED,,https://www.volatilityshares.com/uploads/filling_doc/263-302-VolatilityPremiumPlusETF19a1Notice202602.pdf,OFFICIAL_VS_DOCUMENT_INDEX
UNASSIGNED,,https://www.volatilityshares.com/uploads/filling_doc/244-283-BITX19a1202601.pdf,OFFICIAL_VS_DOCUMENT_INDEX
UNASSIGNED,,https://www.volatilityshares.com/uploads/filling_doc/245-284-ETHU19a1202601.pdf,OFFICIAL_VS_DOCUMENT_INDEX
UNASSIGNED,,https://www.volatilityshares.com/uploads/filling_doc/246-285-OOQB19a1202601.pdf,OFFICIAL_VS_DOCUMENT_INDEX
UNASSIGNED,,https://www.volatilityshares.com/uploads/filling_doc/247-286-OOSB19a1202601.pdf,OFFICIAL_VS_DOCUMENT_INDEX
UNASSIGNED,,https://www.volatilityshares.com/uploads/filling_doc/248-287-SOLT19a1202601.pdf,OFFICIAL_VS_DOCUMENT_INDEX
UNASSIGNED,,https://www.volatilityshares.com/uploads/filling_doc/249-288-SOLZ19a1202601.pdf,OFFICIAL_VS_DOCUMENT_INDEX
UNASSIGNED,,https://www.volatilityshares.com/uploads/filling_doc/250-289-XRPI19a1202601.pdf,OFFICIAL_VS_DOCUMENT_INDEX
UNASSIGNED,,https://www.volatilityshares.com/uploads/filling_doc/251-290-XRPT19a1202601.pdf,OFFICIAL_VS_DOCUMENT_INDEX
UNASSIGNED,,https://www.volatilityshares.com/uploads/filling_doc/252-291-ZVOL19a1202601.pdf,OFFICIAL_VS_DOCUMENT_INDEX
UNASSIGNED,,https://www.volatilityshares.com/uploads/filling_doc/223-0-2x-Ether-ETF-19a1-Notice-NEW-202512-Confidential.pdf,OFFICIAL_VS_DOCUMENT_INDEX
UNASSIGNED,,https://www.volatilityshares.com/uploads/filling_doc/227-275-OneOne-Nasdaq-100-Bitcoin-ETF-19a1-Notice-NEW-202512-Confidential.pdf,OFFICIAL_VS_DOCUMENT_INDEX
UNASSIGNED,,https://www.volatilityshares.com/uploads/filling_doc/228-276-OneOne-SP-500-Bitcoin-ETF-19a1-Notice-NEW-202512-Confidential.pdf,OFFICIAL_VS_DOCUMENT_INDEX
UNASSIGNED,,https://www.volatilityshares.com/uploads/filling_doc/224-272-2x-Solana-ETF-19a1-NoticeNEW-202512-Confidential.pdf,OFFICIAL_VS_DOCUMENT_INDEX
UNASSIGNED,,https://www.volatilityshares.com/uploads/filling_doc/229-277-Solana-ETF-19a1-Notice-NEW-202512-Confidential.pdf,OFFICIAL_VS_DOCUMENT_INDEX
UNASSIGNED,,https://www.volatilityshares.com/uploads/filling_doc/225-273-2x-Wheat-ETF-19a1-Notice-NEW-202512-Confidential.pdf,OFFICIAL_VS_DOCUMENT_INDEX
UNASSIGNED,,https://www.volatilityshares.com/uploads/filling_doc/231-278-XRP-ETF-19a1-Notice-NEW-202512-Confidential.pdf,OFFICIAL_VS_DOCUMENT_INDEX
UNASSIGNED,,https://www.volatilityshares.com/uploads/filling_doc/226-274-2x-XRP-ETF-19a1-Notice-NEW-202512-Confidential.pdf,OFFICIAL_VS_DOCUMENT_INDEX
UNASSIGNED,,https://www.volatilityshares.com/uploads/filling_doc/236-0-Volatility-Premium-Plus-ETF-19a1-Notice-NEW-202512-Confidential.pdf,OFFICIAL_VS_DOCUMENT_INDEX
UNASSIGNED,,https://www.volatilityshares.com/uploads/filling_doc/212-255-2x-Ether-ETF-19A-1-Notice-202511-Confidential.pdf,OFFICIAL_VS_DOCUMENT_INDEX
UNASSIGNED,,https://www.volatilityshares.com/uploads/filling_doc/216-259-OneOne-Nasdaq-Bitcoin-ETF-19A-1-Notice-202511-Confidential.pdf,OFFICIAL_VS_DOCUMENT_INDEX
UNASSIGNED,,https://www.volatilityshares.com/uploads/filling_doc/217-260-OneOne-SP-500-Bitcoin-ETF-19A-1-Notice-202511-Confidential.pdf,OFFICIAL_VS_DOCUMENT_INDEX
UNASSIGNED,,https://www.volatilityshares.com/uploads/filling_doc/213-256-2x-Solana-ETF-19A-1-Notice-202511-Confidential.pdf,OFFICIAL_VS_DOCUMENT_INDEX
UNASSIGNED,,https://www.volatilityshares.com/uploads/filling_doc/218-261-Solana-ETF-19A-1-Notice-202511-Confidential.pdf,OFFICIAL_VS_DOCUMENT_INDEX
UNASSIGNED,,https://www.volatilityshares.com/uploads/filling_doc/214-257-2x-Wheat-ETF-19A-1-Notice-202511-Confidential.pdf,OFFICIAL_VS_DOCUMENT_INDEX
UNASSIGNED,,https://www.volatilityshares.com/uploads/filling_doc/220-263-XRP-ETF-19A-1-Notice-202511-Confidential.pdf,OFFICIAL_VS_DOCUMENT_INDEX
UNASSIGNED,,https://www.volatilityshares.com/uploads/filling_doc/215-258-2x-XRP-ETF-19A-1-Notice-202511-Confidential.pdf,OFFICIAL_VS_DOCUMENT_INDEX
UNASSIGNED,,https://www.volatilityshares.com/uploads/filling_doc/219-262-Volatility-Premium-Plus-ETF-19A-1-Notice-202511-Confidential.pdf,OFFICIAL_VS_DOCUMENT_INDEX
UNASSIGNED,,https://www.volatilityshares.com/uploads/filling_doc/201-244-2x-Ether-ETF-19A-1-Notice-202510-Confidential.pdf,OFFICIAL_VS_DOCUMENT_INDEX
UNASSIGNED,,https://www.volatilityshares.com/uploads/filling_doc/205-248-OneOne-Nasdaq-100-and-Bitcoin-ETF-19A-1-WB-202510-Confidential.pdf,OFFICIAL_VS_DOCUMENT_INDEX
UNASSIGNED,,https://www.volatilityshares.com/uploads/filling_doc/206-249-OneOne-SP-500-and-Bitcoin-ETF-19A-1-WB-202510-Confidential.pdf,OFFICIAL_VS_DOCUMENT_INDEX
UNASSIGNED,,https://www.volatilityshares.com/uploads/filling_doc/202-245-2x-Solana-ETF-19A-1-Notice-202510-Confidential.pdf,OFFICIAL_VS_DOCUMENT_INDEX
UNASSIGNED,,https://www.volatilityshares.com/uploads/filling_doc/207-250-Solana-ETF-19A-1-Notice-202510-Confidential.pdf,OFFICIAL_VS_DOCUMENT_INDEX
UNASSIGNED,,https://www.volatilityshares.com/uploads/filling_doc/203-246-2x-Wheat-ETF-19A-1-Notice-202510-Confidential.pdf,OFFICIAL_VS_DOCUMENT_INDEX
UNASSIGNED,,https://www.volatilityshares.com/uploads/filling_doc/209-252-XRP-ETF-19A-1-Notice-202510-Confidential.pdf,OFFICIAL_VS_DOCUMENT_INDEX
UNASSIGNED,,https://www.volatilityshares.com/uploads/filling_doc/204-247-2x-XRP-ETF-19A-1-Notice-202510-Confidential.pdf,OFFICIAL_VS_DOCUMENT_INDEX
UNASSIGNED,,https://www.volatilityshares.com/uploads/filling_doc/208-251-Volatility-Premium-Plus-ETF-19A-1-Notice-202510-Confidential.pdf,OFFICIAL_VS_DOCUMENT_INDEX
UNASSIGNED,,https://www.volatilityshares.com/uploads/filling_doc/190-233-2x-Ether-ETF-19A-1-Notice-202509-Confidential.pdf,OFFICIAL_VS_DOCUMENT_INDEX
UNASSIGNED,,https://www.volatilityshares.com/uploads/filling_doc/195-238-OneOne-Nasdaq-100-and-Bitcoin-ETF-19A-1-Notice-202509-Confidential.pdf,OFFICIAL_VS_DOCUMENT_INDEX
UNASSIGNED,,https://www.volatilityshares.com/uploads/filling_doc/194-237-One-One-S-P-500-and-Bitcoin-ETF-19A-1-Notice-202509-Confidential.pdf,OFFICIAL_VS_DOCUMENT_INDEX
UNASSIGNED,,https://www.volatilityshares.com/uploads/filling_doc/191-234-2x-Solana-ETF-19A-1-WB-202509-Confidential.pdf,OFFICIAL_VS_DOCUMENT_INDEX
UNASSIGNED,,https://www.volatilityshares.com/uploads/filling_doc/196-239-Solana-ETF-19A-1-WB-202509-Confidential.pdf,OFFICIAL_VS_DOCUMENT_INDEX
UNASSIGNED,,https://www.volatilityshares.com/uploads/filling_doc/192-235-2x-Wheat-ETF-19A-1-Notice-202509-Confidential.pdf,OFFICIAL_VS_DOCUMENT_INDEX
UNASSIGNED,,https://www.volatilityshares.com/uploads/filling_doc/198-241-XRP-ETF-19A-1-WB-202509-Confidential.pdf,OFFICIAL_VS_DOCUMENT_INDEX
UNASSIGNED,,https://www.volatilityshares.com/uploads/filling_doc/193-236-2x-XRP-ETF-19A-1-WB-202509-Confidential.pdf,OFFICIAL_VS_DOCUMENT_INDEX
UNASSIGNED,,https://www.volatilityshares.com/uploads/filling_doc/197-240-Volatilty-Premium-Plus-ETF-19A-1-Notice-202509-Confidential.pdf,OFFICIAL_VS_DOCUMENT_INDEX
UNASSIGNED,,https://www.volatilityshares.com/uploads/filling_doc/179-222-2x-Ether-ETF-19A1-Notice-202508-Confidential.pdf,OFFICIAL_VS_DOCUMENT_INDEX
UNASSIGNED,,https://www.volatilityshares.com/uploads/filling_doc/183-226-OneOne-Nasdaq-100-and-Bitcoin-ETF-19A-1-Notice-202508-Confidential.pdf,OFFICIAL_VS_DOCUMENT_INDEX
UNASSIGNED,,https://www.volatilityshares.com/uploads/filling_doc/184-227-OneOne-SP-500-and-Bitcoin-ETF-19A-1-Notice-202508-Confidential.pdf,OFFICIAL_VS_DOCUMENT_INDEX
UNASSIGNED,,https://www.volatilityshares.com/uploads/filling_doc/180-223-2x-Solana-ETF-19A-1-Notice-202508-Confidential.pdf,OFFICIAL_VS_DOCUMENT_INDEX
UNASSIGNED,,https://www.volatilityshares.com/uploads/filling_doc/185-228-Solana-ETF-19A-1-Notice-202508-Confidential.pdf,OFFICIAL_VS_DOCUMENT_INDEX
UNASSIGNED,,https://www.volatilityshares.com/uploads/filling_doc/181-224-2x-Wheat-ETF-19A1-Notice-202508-Confidential.pdf,OFFICIAL_VS_DOCUMENT_INDEX
UNASSIGNED,,https://www.volatilityshares.com/uploads/filling_doc/187-230-XRP-ETF-19A-1-Notice-202508-Confidential.pdf,OFFICIAL_VS_DOCUMENT_INDEX
UNASSIGNED,,https://www.volatilityshares.com/uploads/filling_doc/182-225-2x-XRP-ETF-19A-1-Notice-202508-Confidential.pdf,OFFICIAL_VS_DOCUMENT_INDEX
UNASSIGNED,,https://www.volatilityshares.com/uploads/filling_doc/186-229-Volatility-Premium-Plus-ETF-19A1-Notice-202508-Confidential.pdf,OFFICIAL_VS_DOCUMENT_INDEX
UNASSIGNED,,https://www.volatilityshares.com/uploads/filling_doc/158-201-ETHU-19A-1-WB-202507-Confidential.pdf,OFFICIAL_VS_DOCUMENT_INDEX
UNASSIGNED,,https://www.volatilityshares.com/uploads/filling_doc/159-202-OOQB-19A-1-WB-202507-Confidential.pdf,OFFICIAL_VS_DOCUMENT_INDEX
UNASSIGNED,,https://www.volatilityshares.com/uploads/filling_doc/160-203-OOSB-19A-1-WB-202507-Confidential.pdf,OFFICIAL_VS_DOCUMENT_INDEX
UNASSIGNED,,https://www.volatilityshares.com/uploads/filling_doc/161-204-SOLT-19A-1-WB-202507-Confidential.pdf,OFFICIAL_VS_DOCUMENT_INDEX
UNASSIGNED,,https://www.volatilityshares.com/uploads/filling_doc/162-205-SOLZ-19A-1-WB-202507-Confidential.pdf,OFFICIAL_VS_DOCUMENT_INDEX
UNASSIGNED,,https://www.volatilityshares.com/uploads/filling_doc/163-206-WHTX-19A-1-WB-202507-Confidential.pdf,OFFICIAL_VS_DOCUMENT_INDEX
UNASSIGNED,,https://www.volatilityshares.com/uploads/filling_doc/164-207-XRPI-19A-1-WB-202507-Confidential.pdf,OFFICIAL_VS_DOCUMENT_INDEX
UNASSIGNED,,https://www.volatilityshares.com/uploads/filling_doc/165-208-XRPT-19A-1-WB-202507-Confidential.pdf,OFFICIAL_VS_DOCUMENT_INDEX
UNASSIGNED,,https://www.volatilityshares.com/uploads/filling_doc/166-209-ZVOL-19A-1-202507-Confidential.pdf,OFFICIAL_VS_DOCUMENT_INDEX
UNASSIGNED,,https://www.volatilityshares.com/uploads/filling_doc/167-210-ETHU-19A1-202506.pdf,OFFICIAL_VS_DOCUMENT_INDEX
UNASSIGNED,,https://www.volatilityshares.com/uploads/filling_doc/176-219-OOQB-19A1-202506.pdf,OFFICIAL_VS_DOCUMENT_INDEX
UNASSIGNED,,https://www.volatilityshares.com/uploads/filling_doc/169-212-OOSB-19A1-202506.pdf,OFFICIAL_VS_DOCUMENT_INDEX
UNASSIGNED,,https://www.volatilityshares.com/uploads/filling_doc/170-213-SOLT-19A1-202506.pdf,OFFICIAL_VS_DOCUMENT_INDEX
UNASSIGNED,,https://www.volatilityshares.com/uploads/filling_doc/171-214-SOLZ-19A1-202506.pdf,OFFICIAL_VS_DOCUMENT_INDEX
UNASSIGNED,,https://www.volatilityshares.com/uploads/filling_doc/172-215-WHTX-19A1-202506.pdf,OFFICIAL_VS_DOCUMENT_INDEX
UNASSIGNED,,https://www.volatilityshares.com/uploads/filling_doc/173-216-XRPI-19A1-202506.pdf,OFFICIAL_VS_DOCUMENT_INDEX
UNASSIGNED,,https://www.volatilityshares.com/uploads/filling_doc/174-217-XRPT-19A1-202506.pdf,OFFICIAL_VS_DOCUMENT_INDEX
UNASSIGNED,,https://www.volatilityshares.com/uploads/filling_doc/175-218-ZVOL-19A1-202506.pdf,OFFICIAL_VS_DOCUMENT_INDEX
UNASSIGNED,,https://www.volatilityshares.com/uploads/filling_doc/115-158-157-204-2x-Ether-ETF-19A-1-WB-PM-202505-Confidential.pdf,OFFICIAL_VS_DOCUMENT_INDEX
UNASSIGNED,,https://www.volatilityshares.com/uploads/filling_doc/116-159-160-207-OneOne-Nasdaq-100-and-Bitcoin-ETF-19A1-Notice-202505-Confidential.pdf,OFFICIAL_VS_DOCUMENT_INDEX
UNASSIGNED,,https://www.volatilityshares.com/uploads/filling_doc/117-160-161-208-OneOne-SP500-and-Bitcoin-ETF-19A-1-Notice-202505-Confidential.pdf,OFFICIAL_VS_DOCUMENT_INDEX
UNASSIGNED,,https://www.volatilityshares.com/uploads/filling_doc/118-161-158-205-2x-Solana-ETF-19A-1-Notice-202505-Confidential.pdf,OFFICIAL_VS_DOCUMENT_INDEX
UNASSIGNED,,https://www.volatilityshares.com/uploads/filling_doc/119-162-162-209-Solana-ETF-19A-1-Notice-202505-Confidential.pdf,OFFICIAL_VS_DOCUMENT_INDEX
UNASSIGNED,,https://www.volatilityshares.com/uploads/filling_doc/120-163-159-206-2x-Wheat-ETF-19A-1-Notice-202505-Confidential.pdf,OFFICIAL_VS_DOCUMENT_INDEX
UNASSIGNED,,https://www.volatilityshares.com/uploads/filling_doc/121-164-163-210-Volatility-Premium-Plus-ETF-19A1-Notice-202505-Confidential.pdf,OFFICIAL_VS_DOCUMENT_INDEX
UNASSIGNED,,https://www.volatilityshares.com/uploads/filling_doc/122-165-150-197-2x-Ether-ETF-19A1-Notice-B-202504-Confidential.pdf,OFFICIAL_VS_DOCUMENT_INDEX
UNASSIGNED,,https://www.volatilityshares.com/uploads/filling_doc/123-166-153-200-OneOne-Nasdaq-100-and-Bitcoin-ETF-19A-1-Notice-B-202504-Confidential.pdf,OFFICIAL_VS_DOCUMENT_INDEX
UNASSIGNED,,https://www.volatilityshares.com/uploads/filling_doc/124-167-154-201-OneOne-SP-500-and-Bitcoin-ETF-19A-1-Notice-B-202504-Confidential.pdf,OFFICIAL_VS_DOCUMENT_INDEX
UNASSIGNED,,https://www.volatilityshares.com/uploads/filling_doc/125-168-151-198-2x-Solana-ETF-19A-1-Notice-B-202504-Confidential.pdf,OFFICIAL_VS_DOCUMENT_INDEX
UNASSIGNED,,https://www.volatilityshares.com/uploads/filling_doc/126-169-155-202-Solana-ETF-19A-1-Notice-B-202504-Confidential.pdf,OFFICIAL_VS_DOCUMENT_INDEX
UNASSIGNED,,https://www.volatilityshares.com/uploads/filling_doc/127-170-152-199-2x-Wheat-ETF-19A1-Notice-B-202504-Confidential.pdf,OFFICIAL_VS_DOCUMENT_INDEX
UNASSIGNED,,https://www.volatilityshares.com/uploads/filling_doc/128-171-156-203-Volatility-Premium-Plus-ETF-19A1-Notice-B-202504-Confidential.pdf,OFFICIAL_VS_DOCUMENT_INDEX
UNASSIGNED,,https://www.volatilityshares.com/uploads/filling_doc/129-172-147-194-2x-Ether-ETF-19A1-Notice-B-202503-Confidential.pdf,OFFICIAL_VS_DOCUMENT_INDEX
UNASSIGNED,,https://www.volatilityshares.com/uploads/filling_doc/130-173-148-195-2x-Wheat-ETF-19A1-Notice-B-202503-Confidential.pdf,OFFICIAL_VS_DOCUMENT_INDEX
UNASSIGNED,,https://www.volatilityshares.com/uploads/filling_doc/131-174-149-196-Volatility-Premium-Plus-ETF-19A1-Notice-B-202503-Confidential.pdf,OFFICIAL_VS_DOCUMENT_INDEX
UNASSIGNED,,https://www.volatilityshares.com/uploads/filling_doc/132-175-142-189-2x-Bitcoin-Strategy-ETF-19A-1-Notice-202502-Confidential.pdf,OFFICIAL_VS_DOCUMENT_INDEX
UNASSIGNED,,https://www.volatilityshares.com/uploads/filling_doc/133-176-143-190-2x-Corn-ETF-19A-1-Notice-202502-Confidential.pdf,OFFICIAL_VS_DOCUMENT_INDEX
UNASSIGNED,,https://www.volatilityshares.com/uploads/filling_doc/134-177-144-191-2x-Ether-ETF-19A-1-Notice-202502-Confidential.pdf,OFFICIAL_VS_DOCUMENT_INDEX
UNASSIGNED,,https://www.volatilityshares.com/uploads/filling_doc/135-178-145-192-2x-Wheat-ETF-19A-1-Notice-202502-Confidential.pdf,OFFICIAL_VS_DOCUMENT_INDEX
UNASSIGNED,,https://www.volatilityshares.com/uploads/filling_doc/136-179-146-193-Volatility-Premium-Plus-ETF-19A-1-Notice-202502-Confidential.pdf,OFFICIAL_VS_DOCUMENT_INDEX
UNASSIGNED,,https://www.volatilityshares.com/uploads/filling_doc/137-180-137-184-2x-Bitcoin-Strategy-ETF-19A-1-Notice-Updated-202501-Confidential.pdf,OFFICIAL_VS_DOCUMENT_INDEX
UNASSIGNED,,https://www.volatilityshares.com/uploads/filling_doc/138-181-138-185-2x-Corn-ETF-19A-1-Notice-Updated-202501-Confidential.pdf,OFFICIAL_VS_DOCUMENT_INDEX
UNASSIGNED,,https://www.volatilityshares.com/uploads/filling_doc/139-182-139-186-2x-Ether-ETF-19A-1-Notice-Updated-202501-Confidential.pdf,OFFICIAL_VS_DOCUMENT_INDEX
UNASSIGNED,,https://www.volatilityshares.com/uploads/filling_doc/140-183-140-187-2x-Wheat-ETF-19A-1-Notice-Updated-202501-Confidential.pdf,OFFICIAL_VS_DOCUMENT_INDEX
UNASSIGNED,,https://www.volatilityshares.com/uploads/filling_doc/141-184-141-188-Volatility-Premium-Plus-ETF-19A-1-Notice-Updated-202501-Confidential.pdf,OFFICIAL_VS_DOCUMENT_INDEX
UNASSIGNED,,https://www.volatilityshares.com/uploads/filling_doc/142-185-135-182-2x-Ether-ETF-19A-1-Notice-Updated-202412-Confidential.pdf,OFFICIAL_VS_DOCUMENT_INDEX
UNASSIGNED,,https://www.volatilityshares.com/uploads/filling_doc/143-186-136-183-Volatility-Premium-Plus-ETF-19A-1-Notice-Updated-202412-Confidential.pdf,OFFICIAL_VS_DOCUMENT_INDEX
UNASSIGNED,,https://www.volatilityshares.com/uploads/filling_doc/144-187-133-180-ETHU-19A-1-Notice-202411-Confidential.pdf,OFFICIAL_VS_DOCUMENT_INDEX
UNASSIGNED,,https://www.volatilityshares.com/uploads/filling_doc/145-188-134-181-ZVOL-19A-1-Notice-202411-Confidential.pdf,OFFICIAL_VS_DOCUMENT_INDEX
UNASSIGNED,,https://www.volatilityshares.com/uploads/filling_doc/146-189-131-178-2x-Ether-ETF-19A-1-Notice-Updated-202410-Confidential.pdf,OFFICIAL_VS_DOCUMENT_INDEX
UNASSIGNED,,https://www.volatilityshares.com/uploads/filling_doc/147-190-132-179-ZVOL-19A-1-Notice-202410-Confidential.pdf,OFFICIAL_VS_DOCUMENT_INDEX
UNASSIGNED,,https://www.volatilityshares.com/uploads/filling_doc/148-191-130-177-2x-Ether-ETF-19A-1-Notice-UPDATED-202409-Confidential.pdf,OFFICIAL_VS_DOCUMENT_INDEX
UNASSIGNED,,https://www.volatilityshares.com/uploads/filling_doc/149-192-129-0-1x-Short-VIX-Mid-Term-Futures-Strategy-ETF-19A-1-Notice-UPDATED-202409-Confidential.pdf,OFFICIAL_VS_DOCUMENT_INDEX
UNASSIGNED,,https://www.volatilityshares.com/uploads/filling_doc/150-193-128-175-2x-Ether-ETF-19A-1-Notice-202408-Confidential.pdf,OFFICIAL_VS_DOCUMENT_INDEX
UNASSIGNED,,https://www.volatilityshares.com/uploads/filling_doc/151-194-126-173-2x-Ether-ETF-19A-1-Notice-202407-Confidential.pdf,OFFICIAL_VS_DOCUMENT_INDEX
UNASSIGNED,,https://www.volatilityshares.com/uploads/filling_doc/152-195-127-174-2x-Ether-ETF-19A1-Notice-202406-Confidential.pdf,OFFICIAL_VS_DOCUMENT_INDEX
UNASSIGNED,,https://www.volatilityshares.com/uploads/filling_doc/153-196-124-172-1x-Short-VIX-Mid-Term-Futures-Strategy-ETF-19A-1-Notice-202403-Confidential.pdf,OFFICIAL_VS_DOCUMENT_INDEX
UNASSIGNED,,https://www.volatilityshares.com/uploads/filling_doc/154-197-123-171-1x-Short-VIX-Mid-Term-Futures-Strategy-ETF-19A1-Notice-202402-Confidential.pdf,OFFICIAL_VS_DOCUMENT_INDEX
UNASSIGNED,,https://www.volatilityshares.com/uploads/filling_doc/155-198-122-170-1x-Short-VIX-Mid-Term-Futures-Strategy-ETF-19A1-Notice-202401-Confidential.pdf,OFFICIAL_VS_DOCUMENT_INDEX
UNASSIGNED,Download,https://www.volatilityshares.com/uploads/filling_doc/345-391-306-345-2xBitcoinStrategyETFForm893720260228.pdf,OFFICIAL_VS_DOCUMENT_INDEX
UNASSIGNED,Download,https://www.volatilityshares.com/uploads/filling_doc/346-392-304-343-2xEtherETFForm893720260228.pdf,OFFICIAL_VS_DOCUMENT_INDEX
UNASSIGNED,Download,https://www.volatilityshares.com/uploads/filling_doc/352-398-320-357-OneOneNasdaqandBitcoinETFForm893720260228.pdf,OFFICIAL_VS_DOCUMENT_INDEX
UNASSIGNED,Download,https://www.volatilityshares.com/uploads/filling_doc/351-397-321-358-OneOneSP500andBitcoinETFForm893720260228.pdf,OFFICIAL_VS_DOCUMENT_INDEX
UNASSIGNED,Download,https://www.volatilityshares.com/uploads/filling_doc/353-399-307-346-2xSolanaETFForm893720260228.pdf,OFFICIAL_VS_DOCUMENT_INDEX
UNASSIGNED,Download,https://www.volatilityshares.com/uploads/filling_doc/354-400-309-348-SolanaETFForm893720260228-1.pdf,OFFICIAL_VS_DOCUMENT_INDEX
UNASSIGNED,Download,https://www.volatilityshares.com/uploads/filling_doc/348-394-319-356-2xWheatETFForm893720260228.pdf,OFFICIAL_VS_DOCUMENT_INDEX
UNASSIGNED,Download,https://www.volatilityshares.com/uploads/filling_doc/356-402-310-349-XRPETFForm893720260228.pdf,OFFICIAL_VS_DOCUMENT_INDEX
UNASSIGNED,Download,https://www.volatilityshares.com/uploads/filling_doc/355-401-308-347-2xXRPETFForm893720260228.pdf,OFFICIAL_VS_DOCUMENT_INDEX
UNASSIGNED,Download,https://www.volatilityshares.com/uploads/filling_doc/343-389-305-344-ZVOLForm893720260228.pdf,OFFICIAL_VS_DOCUMENT_INDEX
UNASSIGNED,Download,https://www.volatilityshares.com/uploads/filling_doc/347-393-302-341-ETHUForm893720250228.pdf,OFFICIAL_VS_DOCUMENT_INDEX
UNASSIGNED,Download,https://www.volatilityshares.com/uploads/filling_doc/349-395-318-355-WHTXForm893720250228-1.pdf,OFFICIAL_VS_DOCUMENT_INDEX
UNASSIGNED,Download,https://www.volatilityshares.com/uploads/filling_doc/344-390-303-342-ZVOLForm893720250228.pdf,OFFICIAL_VS_DOCUMENT_INDEX
