provider,ticker,2x Long VIX Futures ETF,Unnamed: 1,Unnamed: 2,source_url,source_holdings_date,-1x Short VIX Futures ETF
Volatility Shares,UVIX,,,,https://www.volatilityshares.com/download-holdings-usbanks-1933.php?fund=uvix,10/02/2026,
Volatility Shares,UVIX,Description,Shares/Contracts,Market Value/Notional,https://www.volatilityshares.com/download-holdings-usbanks-1933.php?fund=uvix,10/02/2026,
Volatility Shares,UVIX,,,,https://www.volatilityshares.com/download-holdings-usbanks-1933.php?fund=uvix,10/02/2026,
Volatility Shares,UVIX,CBOE VIX FUTURE   Oct26,"9,388","169,453,400.00",https://www.volatilityshares.com/download-holdings-usbanks-1933.php?fund=uvix,10/02/2026,
Volatility Shares,UVIX,CBOE VIX FUTURE   Nov26,"8,666","161,187,600.00",https://www.volatilityshares.com/download-holdings-usbanks-1933.php?fund=uvix,10/02/2026,
Volatility Shares,UVIX,Cash & Other,"165,304,413","165,304,413.38",https://www.volatilityshares.com/download-holdings-usbanks-1933.php?fund=uvix,10/02/2026,
Volatility Shares,SVIX,,,,https://www.volatilityshares.com/download-holdings-usbanks-1933.php?fund=svix,10/02/2026,
Volatility Shares,SVIX,,Shares/Contracts,Market Value/Notional,https://www.volatilityshares.com/download-holdings-usbanks-1933.php?fund=svix,10/02/2026,Description
Volatility Shares,SVIX,,,,https://www.volatilityshares.com/download-holdings-usbanks-1933.php?fund=svix,10/02/2026,
Volatility Shares,SVIX,,"5,400","459,000.00",https://www.volatilityshares.com/download-holdings-usbanks-1933.php?fund=svix,10/02/2026,VIX US 11/18/26 C30
Volatility Shares,SVIX,,"-4,210","-75,990,500.00",https://www.volatilityshares.com/download-holdings-usbanks-1933.php?fund=svix,10/02/2026,CBOE VIX FUTURE   Oct26
Volatility Shares,SVIX,,"-3,887","-72,298,200.00",https://www.volatilityshares.com/download-holdings-usbanks-1933.php?fund=svix,10/02/2026,CBOE VIX FUTURE   Nov26
Volatility Shares,SVIX,,"147,817,923","147,817,923.33",https://www.volatilityshares.com/download-holdings-usbanks-1933.php?fund=svix,10/02/2026,Cash & Other
