id,track,branch,status,hypothesis_or_question,data,build,evaluation,headline_result,next_action
MAIN-BASE,Original MAIN futures,research/main-ig-translation,SURVIVES_RESEARCH,T1+Forced+Dip diversified futures edge,QC futures history; 22 markets,various original,holdout,Holdout Sharpe 0.906; return 9.92%,Keep as research directional/state prior
MAIN-IG-V1,Original/Expanded MAIN -> IG,research/main-ig-translation,FAIL_EXECUTION,Translate MAIN to £2k IG with 0.01 stake and observed spreads,IG metadata + QC futures history,build,holdout,Original 22 holdout Sharpe -4.990; Expanded 36 -6.377,Do not deploy broad MAIN on £2k IG
MAIN-PRACTICAL-V2,75-config concentration/risk sweep,research/main-ig-translation,FAIL,Risk 10-30%; caps 3/5/8/12/36; BAND10/BAND20/SIGNAL,QC futures + IG assumptions,build,holdout,0/75 positive holdout; 0/75 positive at 2x,No rescue via concentration/risk/bands
MAIN-DECOMP,MAIN IG diagnostic decomposition,research/main-ig-translation,DIAGNOSTIC_PASS,Separate ideal; rounding and spread effects,QC futures + IG assumptions,build,holdout,Rounded zero-cost still strong; observed spreads destroy,Transaction costs are dominant failure
LC1-A,Liquidity/capacity immediate impact,research/lc1-liquidity-capacity,MECHANISM_PASS_TRADE_FAIL,Same flow displaces more when contra capacity lower,QC tick/quote/trade ES ZN CL,24 dates 2025,12 dates 2026,All 3 markets pass immediate mechanism,Retain as mechanism/filter input
LC1-B,Capacity restoration reversal,research/lc1-liquidity-capacity,MECHANISM_2_OF_3_TRADE_FAIL,Restoration+pressure decay condition reversal,QC tick/quote/trade ES ZN CL,23 usable dates 2024,12 dates 2026,ES/CL mechanism pass; ES executable build -0.225 bp/trade,Do not tune same-sample trade
VIX-ETP,VIX ETP forced flow,research/vix-etp-flow-v2,FAIL_CURRENT,Predict late equity from compelled VIX futures rebalance,ProShares daily; VS monthly; QC SPY/VIXY,2012-18 and 2022-23,2019-26 / 2024-26,Complete modern holdout -3.287 bp/event,Demote current architecture
LETF-V1,Equity leveraged ETF rebalance,research/equity-letf-rebalance,PROMISING_CONFOUNDED,Direct same-index forced rebalance,8 ProShares daily AUM series + QC SPY/QQQ,2012-18,2019-26,NDX raw pressure +4.344 bp/event holdout,Run plain-return ablation
LETF-ABLATION,Pressure vs plain intraday move,research/equity-letf-rebalance,CAUSAL_ATTRIBUTION_FAIL,Does LETF AUM add beyond move magnitude?,Same as LETF-V1,2012-18,2019-26,NDX plain return +4.819 vs pressure +4.344; overlap 0.818,Promote plain large-move pattern
INDEX-ANATOMY,Large move continuation/reversal,research/index-large-move-reversal,ACTIVE_CANDIDATE,Locate late/overnight/open reversal windows,QC SPY/QQQ minute,2012-18,2019-26,NDX 2025-26 morning P90 +11.553bp; P95 +27.290bp,Test IG 09:31-10:00 execution
INDEX-IG-V2,Nasdaq large-move morning fade -> IG,research/index-morning-fade-ig,ACTIVE_FORWARD_CANDIDATE,Can frozen NDX 09:31-10:00 fade survive live IG small-account execution?,QC QQQ/NDX minute + live IG DFB metadata,2012-18,2019-26,P80 weak; P90 holdout +4.26bp net (+3.34bp at 2x spread); current 2022-26 +7.09bp net; P95 +13.02bp but sparse,Run Free-tier manual QC P90 signal checks with automated read-only IG capture; P95 secondary subset

R1-MANDATED,Mandated 60/40 rebalancing,research/r1-mandated-rebalancing,DEPRIORITIZED,Does predictable institutional equity/bond rebalancing forecast next-day ES minus ZN beyond generic reversal?,QC ES/ZN continuous daily futures,2010-01-04 to 2023-03-17,2023-03-20 to 2026-09-30,Threshold sign remained negative but Combined Sharpe 0.158 vs 5d reversal control 0.341; AnnRet 0.80% vs 5.24%,Do not run R1.1; move to new-hypothesis feasibility while V3 runs forward

O1-SPXW-FEAS,Options dealer gamma data feasibility,research/options-dealer-gamma,FROZEN_AWAITING_RUN,Can Free-tier QC Research expose usable SPXW 0DTE chains with OI/Greeks and minute history?,QC SPXW index-option universe + contract history,2025-11-05 probe,2026-09-24 probe,No outcome tested; two-date access gate frozen,Run exact feasibility diagnostic; do not change dates if it fails

O1-GAMMA,SPXW dealer gamma / forced hedging,research/options-dealer-gamma,FAIL_DATA_GATE,Can Free QC Research support a defensible intraday SPXW 0DTE gamma-pressure test?,QC SPXW option-chain snapshots + contract minute-history probe,2025-11-05,2026-09-24,Rich 0DTE chains with OI/Greeks on both dates but selected contracts returned 0 trade and 0 quote minute rows; 0/2 dates passed,Do not change dates or relax gate; no outcome test from this branch
