year,split,action,sign,rank,ticker,event_date,placebo_date
2023,BUILD,addition,1,1,SCWO,2023-06-23,2023-06-16
2023,BUILD,addition,1,2,ETNB,2023-06-23,2023-06-16
2023,BUILD,addition,1,3,ACTG,2023-06-23,2023-06-16
2023,BUILD,addition,1,4,ARAY,2023-06-23,2023-06-16
2023,BUILD,addition,1,5,ATNM,2023-06-23,2023-06-16
2023,BUILD,addition,1,6,AEHR,2023-06-23,2023-06-16
2023,BUILD,addition,1,7,ALDX,2023-06-23,2023-06-16
2023,BUILD,addition,1,8,ALLK,2023-06-23,2023-06-16
2023,BUILD,addition,1,9,PINE,2023-06-23,2023-06-16
2023,BUILD,addition,1,10,ALTI,2023-06-23,2023-06-16
2023,BUILD,addition,1,11,ALT,2023-06-23,2023-06-16
2023,BUILD,addition,1,12,ATLO,2023-06-23,2023-06-16
2023,BUILD,addition,1,13,AMPX,2023-06-23,2023-06-16
2023,BUILD,addition,1,14,ANNX,2023-06-23,2023-06-16
2023,BUILD,addition,1,15,ARDX,2023-06-23,2023-06-16
2023,BUILD,addition,1,16,SPRY,2023-06-23,2023-06-16
2023,BUILD,addition,1,17,ASRT,2023-06-23,2023-06-16
2023,BUILD,addition,1,18,ASTS,2023-06-23,2023-06-16
2023,BUILD,addition,1,19,ATXS,2023-06-23,2023-06-16
2023,BUILD,addition,1,20,ASUR,2023-06-23,2023-06-16
2023,BUILD,addition,1,21,AESI,2023-06-23,2023-06-16
2023,BUILD,addition,1,22,AUR,2023-06-23,2023-06-16
2023,BUILD,addition,1,23,RCEL,2023-06-23,2023-06-16
2023,BUILD,addition,1,24,BSVN,2023-06-23,2023-06-16
2023,BUILD,addition,1,25,BELFB,2023-06-23,2023-06-16
2023,BUILD,addition,1,26,BHRB,2023-06-23,2023-06-16
2023,BUILD,addition,1,27,XAIR,2023-06-23,2023-06-16
2023,BUILD,addition,1,28,BBAI,2023-06-23,2023-06-16
2023,BUILD,addition,1,29,BCAB,2023-06-23,2023-06-16
2023,BUILD,addition,1,30,BMEA,2023-06-23,2023-06-16
2023,BUILD,deletion,-1,1,DIBS,2023-06-23,2023-06-16
2023,BUILD,deletion,-1,2,XXII,2023-06-23,2023-06-16
2023,BUILD,deletion,-1,3,AKA,2023-06-23,2023-06-16
2023,BUILD,deletion,-1,4,ABCL,2023-06-23,2023-06-16
2023,BUILD,deletion,-1,5,ABSI,2023-06-23,2023-06-16
2023,BUILD,deletion,-1,6,ADTH,2023-06-23,2023-06-16
2023,BUILD,deletion,-1,7,AMTX,2023-06-23,2023-06-16
2023,BUILD,deletion,-1,8,LIDR,2023-06-23,2023-06-16
2023,BUILD,deletion,-1,9,AFMD,2023-06-23,2023-06-16
2023,BUILD,deletion,-1,10,TKNO,2023-06-23,2023-06-16
2023,BUILD,deletion,-1,11,ATUS,2023-06-23,2023-06-16
2023,BUILD,deletion,-1,12,ALTO,2023-06-23,2023-06-16
2023,BUILD,deletion,-1,13,APEI,2023-06-23,2023-06-16
2023,BUILD,deletion,-1,14,ANTX,2023-06-23,2023-06-16
2023,BUILD,deletion,-1,15,APPH,2023-06-23,2023-06-16
2023,BUILD,deletion,-1,16,AREN,2023-06-23,2023-06-16
2023,BUILD,deletion,-1,17,AIP,2023-06-23,2023-06-16
2023,BUILD,deletion,-1,18,AHT,2023-06-23,2023-06-16
2023,BUILD,deletion,-1,19,AC,2023-06-23,2023-06-16
2023,BUILD,deletion,-1,20,ASTR,2023-06-23,2023-06-16
2023,BUILD,deletion,-1,21,ATER,2023-06-23,2023-06-16
2023,BUILD,deletion,-1,22,ATHA,2023-06-23,2023-06-16
2023,BUILD,deletion,-1,23,ATIP,2023-06-23,2023-06-16
2023,BUILD,deletion,-1,24,AXTI,2023-06-23,2023-06-16
2023,BUILD,deletion,-1,25,BATL,2023-06-23,2023-06-16
2023,BUILD,deletion,-1,26,BNGO,2023-06-23,2023-06-16
2023,BUILD,deletion,-1,27,BVS,2023-06-23,2023-06-16
2023,BUILD,deletion,-1,28,BRDS,2023-06-23,2023-06-16
2023,BUILD,deletion,-1,29,BLND,2023-06-23,2023-06-16
2023,BUILD,deletion,-1,30,BHM,2023-06-23,2023-06-16
2024,BUILD,addition,1,1,DIBS,2024-06-28,2024-06-21
2024,BUILD,addition,1,2,AKA,2024-06-28,2024-06-21
2024,BUILD,addition,1,3,ABSI,2024-06-28,2024-06-21
2024,BUILD,addition,1,4,ACHV,2024-06-28,2024-06-21
2024,BUILD,addition,1,5,ABOS,2024-06-28,2024-06-21
2024,BUILD,addition,1,6,ADCT,2024-06-28,2024-06-21
2024,BUILD,addition,1,7,ADVM,2024-06-28,2024-06-21
2024,BUILD,addition,1,8,AMTX,2024-06-28,2024-06-21
2024,BUILD,addition,1,9,MITT,2024-06-28,2024-06-21
2024,BUILD,addition,1,10,AISP,2024-06-28,2024-06-21
2024,BUILD,addition,1,11,AKBA,2024-06-28,2024-06-21
2024,BUILD,addition,1,12,ALIM,2024-06-28,2024-06-21
2024,BUILD,addition,1,13,ANRO,2024-06-28,2024-06-21
2024,BUILD,addition,1,14,APEI,2024-06-28,2024-06-21
2024,BUILD,addition,1,15,AS,2024-06-28,2024-06-21
2024,BUILD,addition,1,16,AHR,2024-06-28,2024-06-21
2024,BUILD,addition,1,17,AMSC,2024-06-28,2024-06-21
2024,BUILD,addition,1,18,AAOI,2024-06-28,2024-06-21
2024,BUILD,addition,1,19,APLT,2024-06-28,2024-06-21
2024,BUILD,addition,1,20,AQST,2024-06-28,2024-06-21
2024,BUILD,addition,1,21,ARHS,2024-06-28,2024-06-21
2024,BUILD,addition,1,22,ARQ,2024-06-28,2024-06-21
2024,BUILD,addition,1,23,AIP,2024-06-28,2024-06-21
2024,BUILD,addition,1,24,ASPI,2024-06-28,2024-06-21
2024,BUILD,addition,1,25,ALAB,2024-06-28,2024-06-21
2024,BUILD,addition,1,26,ATOS,2024-06-28,2024-06-21
2024,BUILD,addition,1,27,AEYE,2024-06-28,2024-06-21
2024,BUILD,addition,1,28,AVDL,2024-06-28,2024-06-21
2024,BUILD,addition,1,29,BLZE,2024-06-28,2024-06-21
2024,BUILD,addition,1,30,BELFA,2024-06-28,2024-06-21
2024,BUILD,deletion,-1,1,ME,2024-06-28,2024-06-21
2024,BUILD,deletion,-1,2,TWOU,2024-06-28,2024-06-21
2024,BUILD,deletion,-1,3,FEAM,2024-06-28,2024-06-21
2024,BUILD,deletion,-1,4,AADI,2024-06-28,2024-06-21
2024,BUILD,deletion,-1,5,ACRS,2024-06-28,2024-06-21
2024,BUILD,deletion,-1,6,ACET,2024-06-28,2024-06-21
2024,BUILD,deletion,-1,7,AKTS,2024-06-28,2024-06-21
2024,BUILD,deletion,-1,8,ALLK,2024-06-28,2024-06-21
2024,BUILD,deletion,-1,9,BIRD,2024-06-28,2024-06-21
2024,BUILD,deletion,-1,10,ALVR,2024-06-28,2024-06-21
2024,BUILD,deletion,-1,11,AMWL,2024-06-28,2024-06-21
2024,BUILD,deletion,-1,12,AMLX,2024-06-28,2024-06-21
2024,BUILD,deletion,-1,13,ARTNA,2024-06-28,2024-06-21
2024,BUILD,deletion,-1,14,ASRT,2024-06-28,2024-06-21
2024,BUILD,deletion,-1,15,ATRA,2024-06-28,2024-06-21
2024,BUILD,deletion,-1,16,ATOM,2024-06-28,2024-06-21
2024,BUILD,deletion,-1,17,BW,2024-06-28,2024-06-21
2024,BUILD,deletion,-1,18,BKKT,2024-06-28,2024-06-21
2024,BUILD,deletion,-1,19,BHIL,2024-06-28,2024-06-21
2024,BUILD,deletion,-1,20,XAIR,2024-06-28,2024-06-21
2024,BUILD,deletion,-1,21,BGFV,2024-06-28,2024-06-21
2024,BUILD,deletion,-1,22,BIG,2024-06-28,2024-06-21
2024,BUILD,deletion,-1,23,BCAB,2024-06-28,2024-06-21
2024,BUILD,deletion,-1,24,BIVI,2024-06-28,2024-06-21
2024,BUILD,deletion,-1,25,BTAI,2024-06-28,2024-06-21
2024,BUILD,deletion,-1,26,BRBS,2024-06-28,2024-06-21
2024,BUILD,deletion,-1,27,BOWL,2024-06-28,2024-06-21
2024,BUILD,deletion,-1,28,BGXX,2024-06-28,2024-06-21
2024,BUILD,deletion,-1,29,BCOV,2024-06-28,2024-06-21
2024,BUILD,deletion,-1,30,BFLY,2024-06-28,2024-06-21
2025,HOLDOUT,addition,1,1,AARD,2025-06-27,2025-06-20
2025,HOLDOUT,addition,1,2,ABEO,2025-06-27,2025-06-20
2025,HOLDOUT,addition,1,3,ACRS,2025-06-27,2025-06-20
2025,HOLDOUT,addition,1,4,ACU,2025-06-27,2025-06-20
2025,HOLDOUT,addition,1,5,ACR,2025-06-27,2025-06-20
2025,HOLDOUT,addition,1,6,ACTU,2025-06-27,2025-06-20
2025,HOLDOUT,addition,1,7,TIC,2025-06-27,2025-06-20
2025,HOLDOUT,addition,1,8,ALMU,2025-06-27,2025-06-20
2025,HOLDOUT,addition,1,9,AIRJ,2025-06-27,2025-06-20
2025,HOLDOUT,addition,1,10,TKNO,2025-06-27,2025-06-20
2025,HOLDOUT,addition,1,11,ATUS,2025-06-27,2025-06-20
2025,HOLDOUT,addition,1,12,ABAT,2025-06-27,2025-06-20
2025,HOLDOUT,addition,1,13,AOUT,2025-06-27,2025-06-20
2025,HOLDOUT,addition,1,14,AMLX,2025-06-27,2025-06-20
2025,HOLDOUT,addition,1,15,AU,2025-06-27,2025-06-20
2025,HOLDOUT,addition,1,16,AREN,2025-06-27,2025-06-20
2025,HOLDOUT,addition,1,17,ACNT,2025-06-27,2025-06-20
2025,HOLDOUT,addition,1,18,ATLN,2025-06-27,2025-06-20
2025,HOLDOUT,addition,1,19,ATOM,2025-06-27,2025-06-20
2025,HOLDOUT,addition,1,20,ATYR,2025-06-27,2025-06-20
2025,HOLDOUT,addition,1,21,BKKT,2025-06-27,2025-06-20
2025,HOLDOUT,addition,1,22,BALY,2025-06-27,2025-06-20
2025,HOLDOUT,addition,1,23,BFIN,2025-06-27,2025-06-20
2025,HOLDOUT,addition,1,24,BNED,2025-06-27,2025-06-20
2025,HOLDOUT,addition,1,25,BSET,2025-06-27,2025-06-20
2025,HOLDOUT,addition,1,26,BNTC,2025-06-27,2025-06-20
2025,HOLDOUT,addition,1,27,BETR,2025-06-27,2025-06-20
2025,HOLDOUT,addition,1,28,BTDR,2025-06-27,2025-06-20
2025,HOLDOUT,addition,1,29,BKTI,2025-06-27,2025-06-20
2025,HOLDOUT,addition,1,30,BRBS,2025-06-27,2025-06-20
2025,HOLDOUT,deletion,-1,1,DIBS,2025-06-27,2025-06-20
2025,HOLDOUT,deletion,-1,2,SCWO,2025-06-27,2025-06-20
2025,HOLDOUT,deletion,-1,3,AKA,2025-06-27,2025-06-20
2025,HOLDOUT,deletion,-1,4,ACHV,2025-06-27,2025-06-20
2025,HOLDOUT,deletion,-1,5,ACRV,2025-06-27,2025-06-20
2025,HOLDOUT,deletion,-1,6,ATNM,2025-06-27,2025-06-20
2025,HOLDOUT,deletion,-1,7,ABOS,2025-06-27,2025-06-20
2025,HOLDOUT,deletion,-1,8,ADVM,2025-06-27,2025-06-20
2025,HOLDOUT,deletion,-1,9,AMTX,2025-06-27,2025-06-20
2025,HOLDOUT,deletion,-1,10,AGEN,2025-06-27,2025-06-20
2025,HOLDOUT,deletion,-1,11,AKYA,2025-06-27,2025-06-20
2025,HOLDOUT,deletion,-1,12,ANRO,2025-06-27,2025-06-20
2025,HOLDOUT,deletion,-1,13,ALXO,2025-06-27,2025-06-20
2025,HOLDOUT,deletion,-1,14,AMPY,2025-06-27,2025-06-20
2025,HOLDOUT,deletion,-1,15,APLT,2025-06-27,2025-06-20
2025,HOLDOUT,deletion,-1,16,ARTV,2025-06-27,2025-06-20
2025,HOLDOUT,deletion,-1,17,ATOS,2025-06-27,2025-06-20
2025,HOLDOUT,deletion,-1,18,RILY,2025-06-27,2025-06-20
2025,HOLDOUT,deletion,-1,19,BMEA,2025-06-27,2025-06-20
2025,HOLDOUT,deletion,-1,20,BDTX,2025-06-27,2025-06-20
2025,HOLDOUT,deletion,-1,21,BLNK,2025-06-27,2025-06-20
2025,HOLDOUT,deletion,-1,22,BOLD,2025-06-27,2025-06-20
2025,HOLDOUT,deletion,-1,23,BAER,2025-06-27,2025-06-20
2025,HOLDOUT,deletion,-1,24,CCCC,2025-06-27,2025-06-20
2025,HOLDOUT,deletion,-1,25,CABA,2025-06-27,2025-06-20
2025,HOLDOUT,deletion,-1,26,CSTE,2025-06-27,2025-06-20
2025,HOLDOUT,deletion,-1,27,CAMP,2025-06-27,2025-06-20
2025,HOLDOUT,deletion,-1,28,CDLX,2025-06-27,2025-06-20
2025,HOLDOUT,deletion,-1,29,CRBU,2025-06-27,2025-06-20
2025,HOLDOUT,deletion,-1,30,SAVA,2025-06-27,2025-06-20