rank,symbol,base,avg_oi_usd_m,first_seen,listed_by_2024_03_31,selected
1,ZECUSDT,ZEC,258.5,2024-01-01,True,True
2,HYPEUSDT,HYPE,244.1,2025-05-30,False,False
3,BCHUSDT,BCH,141.6,2024-01-01,True,True
4,SUIUSDT,SUI,108.6,2024-01-01,True,True
5,PAXGUSDT,PAXG,106.1,2025-03-27,False,False
6,TRXUSDT,TRX,104.6,2024-01-01,True,True
7,WLFIUSDT,WLFI,101.3,2025-08-23,False,False
8,ASTERUSDT,ASTER,101.0,2025-09-19,False,False
9,UNIUSDT,UNI,86.9,2024-01-01,True,True
10,ENAUSDT,ENA,85.7,2024-04-02,False,False
11,NEARUSDT,NEAR,77.9,2024-01-01,True,True
12,PUMPUSDT,PUMP,72.2,2025-07-10,False,False
13,TAOUSDT,TAO,59.0,2024-04-11,False,False
14,WLDUSDT,WLD,56.0,2024-01-01,True,True
15,XPLUSDT,XPL,53.9,2025-08-22,False,False
16,AAVEUSDT,AAVE,53.4,2024-01-01,True,True
17,TRUMPUSDT,TRUMP,45.9,2025-01-18,False,False
18,LITUSDT,LIT,44.1,2025-12-23,False,False
19,FILUSDT,FIL,41.1,2024-01-01,True,True
20,DOTUSDT,DOT,41.1,2024-01-01,True,True
21,PONSUSDT,PONS,37.4,2026-09-06,False,False
22,XLMUSDT,XLM,35.1,2024-01-01,True,True
23,APTUSDT,APT,34.7,2024-01-01,True,True
24,XMRUSDT,XMR,30.1,2024-01-01,True,True
25,ONDOUSDT,ONDO,30.0,2024-01-20,True,True
26,ARBUSDT,ARB,29.3,2024-01-01,True,True
27,HBARUSDT,HBAR,27.9,2024-01-01,True,True
28,ICPUSDT,ICP,27.1,2024-01-01,True,True
29,FETUSDT,FET,26.8,2024-01-01,True,True
30,PENGUUSDT,PENGU,24.3,2024-12-17,False,False
31,FARTCOINUSDT,FARTCOIN,24.0,2024-12-20,False,False
32,MONUSDT,MON,22.9,2025-10-10,False,False
33,ETCUSDT,ETC,22.3,2024-01-01,True,True
34,WIFUSDT,WIF,21.5,2024-01-18,True,True
35,CRVUSDT,CRV,21.5,2024-01-01,True,False
36,ATOMUSDT,ATOM,21.2,2024-01-01,True,False
37,DASHUSDT,DASH,19.7,2024-01-01,True,False
38,ZROUSDT,ZRO,18.7,2024-06-20,False,False
39,INJUSDT,INJ,18.3,2024-01-01,True,False
40,ETHFIUSDT,ETHFI,18.1,2024-03-18,True,False
41,OPUSDT,OP,17.9,2024-01-01,True,False
42,GRAMUSDT,GRAM,17.9,2026-08-07,False,False
43,VIRTUALUSDT,VIRTUAL,17.6,2024-12-10,False,False
44,TIAUSDT,TIA,17.6,2024-01-01,True,False
45,POLUSDT,POL,16.6,2024-09-13,False,False
46,KAITOUSDT,KAITO,16.4,2025-02-20,False,False
47,SEIUSDT,SEI,15.9,2024-01-01,True,False
48,LDOUSDT,LDO,15.4,2024-01-01,True,False
49,PENDLEUSDT,PENDLE,15.1,2024-01-01,True,False
50,JUPUSDT,JUP,14.3,2024-01-31,True,False
51,BERAUSDT,BERA,11.7,2025-02-06,False,False
52,CHIPUSDT,CHIP,11.6,2026-04-16,False,False
53,CAKEUSDT,CAKE,11.6,2024-01-01,True,False
54,VVVUSDT,VVV,11.4,2025-01-29,False,False
55,STRKUSDT,STRK,11.2,2024-02-20,True,False
56,RENDERUSDT,RENDER,11.1,2024-07-26,False,False
57,ZENUSDT,ZEN,10.9,2024-01-01,True,False
58,AXSUSDT,AXS,10.8,2024-01-01,True,False
59,AEROUSDT,AERO,10.1,2024-12-04,False,False
60,EIGENUSDT,EIGEN,9.9,2024-10-01,False,False
61,MERLUSDT,MERL,9.6,2025-05-29,False,False
62,ALGOUSDT,ALGO,9.3,2024-01-01,True,False
63,CCUSDT,CC,9.1,2025-10-31,False,False
64,BIOUSDT,BIO,9.0,2025-01-03,False,False
65,SKYUSDT,SKY,8.8,2025-09-09,False,False
66,MORPHOUSDT,MORPHO,8.5,2024-11-27,False,False
67,JTOUSDT,JTO,8.4,2024-01-01,True,False
68,AVNTUSDT,AVNT,8.3,2025-09-09,False,False
69,ORDIUSDT,ORDI,8.1,2024-01-01,True,False
70,STABLEUSDT,STABLE,7.9,2025-11-07,False,False
71,ZKUSDT,ZK,7.7,2024-06-17,False,False
72,GALAUSDT,GALA,7.7,2024-01-01,True,False
73,SANDUSDT,SAND,7.4,2024-01-01,True,False
74,USELESSUSDT,USELESS,7.0,2025-08-15,False,False
75,PYTHUSDT,PYTH,6.9,2024-01-01,True,False
76,APEUSDT,APE,6.8,2024-01-01,True,False
77,LINEAUSDT,LINEA,6.6,2025-09-01,False,False
78,DYDXUSDT,DYDX,6.5,2024-01-01,True,False
79,METUSDT,MET,6.4,2025-10-11,False,False
80,COMPUSDT,COMP,6.3,2024-01-01,True,False
81,SUSDT,S,6.2,2025-01-16,False,False
82,SYRUPUSDT,SYRUP,6.0,2025-05-07,False,False
83,PNUTUSDT,PNUT,5.7,2024-11-11,False,False
84,ENSUSDT,ENS,5.6,2024-01-01,True,False
85,CFXUSDT,CFX,5.6,2024-01-01,True,False
86,TRBUSDT,TRB,5.5,2024-01-01,True,False
87,ARUSDT,AR,5.4,2024-01-01,True,False
88,NXPCUSDT,NXPC,5.2,2025-05-15,False,False
89,GRASSUSDT,GRASS,5.2,2024-11-08,False,False
90,MEGAUSDT,MEGA,5.2,2026-02-10,False,False
91,WUSDT,W,5.2,2024-04-03,False,False
92,STXUSDT,STX,5.0,2024-01-01,True,False
93,SPXUSDT,SPX,5.0,2024-12-10,False,False
94,SNXUSDT,SNX,5.0,2024-01-01,True,False
95,HEMIUSDT,HEMI,4.5,2025-08-29,False,False
96,IMXUSDT,IMX,4.4,2024-01-01,True,False
97,NEOUSDT,NEO,4.4,2024-01-01,True,False
98,BOMEUSDT,BOME,4.3,2024-03-16,True,False
99,MOVEUSDT,MOVE,4.0,2024-12-09,False,False
100,RUNEUSDT,RUNE,4.0,2024-01-01,True,False
101,RESOLVUSDT,RESOLV,3.9,2025-06-10,False,False
102,IOTAUSDT,IOTA,3.8,2024-01-01,True,False
103,PEOPLEUSDT,PEOPLE,3.8,2024-01-01,True,False
104,ZORAUSDT,ZORA,3.7,2025-07-25,False,False
105,MOODENGUSDT,MOODENG,3.7,2024-10-25,False,False
106,TURBOUSDT,TURBO,3.6,2024-05-30,False,False
107,PROVEUSDT,PROVE,3.6,2025-08-05,False,False
108,TNSRUSDT,TNSR,3.5,2024-04-08,False,False
109,SAGAUSDT,SAGA,3.5,2024-04-09,False,False
110,BABYUSDT,BABY,3.5,2025-04-05,False,False
111,KASUSDT,KAS,3.4,2024-01-01,True,False
112,POPCATUSDT,POPCAT,3.4,2024-08-22,False,False
113,IOUSDT,IO,3.4,2024-06-11,False,False
114,NILUSDT,NIL,3.4,2025-03-24,False,False
115,MEUSDT,ME,3.3,2024-12-10,False,False
116,MINAUSDT,MINA,3.3,2024-01-01,True,False
117,SUSHIUSDT,SUSHI,3.2,2024-01-01,True,False
118,SOPHUSDT,SOPH,3.2,2025-05-28,False,False
119,WCTUSDT,WCT,3.2,2025-04-15,False,False
120,MANTAUSDT,MANTA,3.2,2024-01-18,True,False
121,FOGOUSDT,FOGO,3.2,2026-01-10,False,False
122,STBLUSDT,STBL,3.1,2025-09-17,False,False
123,SUPERUSDT,SUPER,3.1,2024-01-01,True,False
124,ALTUSDT,ALT,3.0,2024-01-25,True,False
125,GMTUSDT,GMT,3.0,2024-01-01,True,False
126,LAYERUSDT,LAYER,3.0,2025-02-11,False,False
127,ACEUSDT,ACE,3.0,2024-01-01,True,False
128,MELANIAUSDT,MELANIA,2.9,2025-01-20,False,False
129,MEMEUSDT,MEME,2.8,2024-01-01,True,False
130,AIXBTUSDT,AIXBT,2.8,2024-12-20,False,False
131,YGGUSDT,YGG,2.8,2024-01-01,True,False
132,BLURUSDT,BLUR,2.8,2024-01-01,True,False
133,CELOUSDT,CELO,2.5,2024-01-01,True,False
134,INITUSDT,INIT,2.5,2025-04-16,False,False
135,NOTUSDT,NOT,2.5,2024-05-16,False,False
136,AZTECUSDT,AZTEC,2.4,2026-02-11,False,False
137,SKRUSDT,SKR,2.4,2026-02-10,False,False
138,HYPERUSDT,HYPER,2.4,2025-04-22,False,False
139,ANIMEUSDT,ANIME,2.4,2025-01-23,False,False
140,DYMUSDT,DYM,2.3,2024-02-07,True,False
141,REZUSDT,REZ,2.3,2024-04-30,False,False
142,USUALUSDT,USUAL,2.3,2024-12-18,False,False
143,HMSTRUSDT,HMSTR,2.3,2024-09-26,False,False
144,RSRUSDT,RSR,2.1,2024-01-01,True,False
145,UMAUSDT,UMA,2.1,2024-01-01,True,False
146,GRIFFAINUSDT,GRIFFAIN,2.1,2025-01-02,False,False
147,BSVUSDT,BSV,2.0,2024-01-01,True,False
148,BANANAUSDT,BANANA,1.9,2024-08-15,False,False
149,GASUSDT,GAS,1.9,2024-01-01,True,False
150,POLYXUSDT,POLYX,1.8,2024-01-01,True,False
151,GMXUSDT,GMX,1.8,2024-01-01,True,False
152,XAIUSDT,XAI,1.8,2024-01-09,True,False
153,BIGTIMEUSDT,BIGTIME,1.7,2024-01-01,True,False
154,GOATUSDT,GOAT,1.7,2024-10-24,False,False
155,BRETTUSDT,BRETT,1.4,2024-08-20,False,False
156,ZETAUSDT,ZETA,1.4,2024-02-02,True,False
