t,symbol,l,s
1790380800,LINKUSDT.6,0,1279.3772
1790380800,LINKUSDT_PERP.A,0,222.18315
1790381040,DOGEUSDT_PERP.A,5.03166,0
1790381040,LTCUSDT_PERP.3,2618.252,0
1790381040,XRPUSDT_PERP.A,391.65675,0
1790381220,DOGEUSDT_PERP.A,155.41675999999998,0
1790381220,LINKUSDT_PERP.A,0,238.87270999999998
1790381280,BTCUSDT_PERP.3,0,1563.8563800000002
1790381280,LINKUSDT_PERP.A,0,100.13976000000001
1790381340,BTCUSDT_PERP.3,0,4974.86608
1790381400,LTCUSDT_PERP.3,0,7.197
1790381520,BTCUSDT_PERP.3,0,1361.0284200000003
1790381520,ETHUSDT_PERP.A,0,554.14
1790381580,XRPUSDT_PERP.A,8.61575,0
1790381640,ETHUSDT_PERP.3,0,99.52962999999998
1790381640,SOLUSDT_PERP.A,0,598.7254
1790381700,ADAUSDT_PERP.A,0,37.4535
1790381700,DOGEUSDT_PERP.A,0,35.52664
1790381700,XRPUSDT_PERP.A,0,39.129999999999995
1790382060,AVAXUSDT.6,0,5310.09
1790382060,LINKUSDT_PERP.A,0,111.59594
1790382060,SOLUSDT.6,0,2212.3630000000003
1790382060,SOLUSDT_PERP.A,0,4332.5028
1790382060,XRPUSDT_PERP.A,0,313.47999999999996
1790382120,AVAXUSDT_PERP.A,0,2454.837
1790382120,DOGEUSDT_PERP.A,0,4359.46455
1790382120,ETHUSDT_PERP.A,0,6550.17435
1790382120,SOLUSDT_PERP.A,0,6403.8002
1790382240,DOGEUSDT_PERP.A,0,43.71633
1790382240,SOLUSDT_PERP.A,0,48.912000000000006
1790382420,BTCUSDT_PERP.3,0,2518.914
1790382420,SOLUSDT_PERP.3,0,5030.534699999999
1790382480,BTCUSDT_PERP.A,83.8936,0
1790382480,ETHUSDT_PERP.A,362.65185,0
1790382540,ETHUSDT_PERP.A,63570.51899999999,0
1790382600,ETHUSDT_PERP.A,1109.2395299999998,0
1790382600,LTCUSDT_PERP.3,10783.5,0
1790382660,ADAUSDT.6,9.7546,0
1790382660,ADAUSDT_PERP.A,72.64609999999999,0
1790382660,BTCUSDT_PERP.3,0,50.279999999999994
1790382660,BTCUSDT_PERP.A,84211.86450000001,0
1790382660,DOGEUSDT_PERP.A,104.46606000000001,0
1790382660,ETHUSDT.6,589.9212,0
1790382660,ETHUSDT_PERP.A,12978.343170000002,0
1790382660,LTCUSDT_PERP.A,1057.3599,0
1790382660,SOLUSDT_PERP.3,1189.9744999999998,0
1790382660,SOLUSDT_PERP.A,55.90840000000001,0
1790382660,XRPUSDT.6,568.9985,0
1790382660,XRPUSDT_PERP.3,537.855,54.565
1790382660,XRPUSDT_PERP.A,1796.4356999999998,0
1790382720,ADAUSDT_PERP.A,37.449,0
1790382720,DOGEUSDT.6,147.585,0
1790382720,DOGEUSDT_PERP.A,1840.1587399999999,0
1790382720,ETHUSDT_PERP.A,1069.8586500000001,0
1790382720,LINKUSDT_PERP.A,804.6363,0
1790382720,LTCUSDT_PERP.3,423.38400000000007,0
1790382720,LTCUSDT_PERP.A,989.5704000000001,0
1790382720,SOLUSDT.6,27842.278,0
1790382720,SOLUSDT_PERP.3,10288.418599999999,0
1790382720,SOLUSDT_PERP.A,4411.9224,0
1790382720,XRPUSDT.6,6533.473,0
1790382720,XRPUSDT_PERP.3,1277.642,0
1790382720,XRPUSDT_PERP.A,2033.8131999999998,0
1790382780,BNBUSDT_PERP.A,108.6106,0
1790382780,BTCUSDT_PERP.A,167.571,0
1790382780,ETHUSDT.6,136599.2992,0
1790382780,ETHUSDT_PERP.A,69.706,0
1790382780,SOLUSDT.6,50594.23,0
1790382780,SOLUSDT_PERP.3,4377.486000000001,0
1790382780,SOLUSDT_PERP.A,999.2648,0
1790382780,XRPUSDT_PERP.A,60.7386,0
1790382840,DOGEUSDT_PERP.3,1640.441,0
1790382840,ETHUSDT_PERP.A,9702.900899999999,0
1790382840,SOLUSDT.6,72.75,0
1790382840,XRPUSDT.6,12.59874,0
1790382840,XRPUSDT_PERP.3,471.3165,0
1790382840,XRPUSDT_PERP.A,8.24415,0
1790382900,BTCUSDT.6,502.68,0
1790382900,DOGEUSDT_PERP.3,7.8512,0
1790382900,DOGEUSDT_PERP.A,1107.0192,0
1790382900,XRPUSDT_PERP.A,389.96892,0
1790382960,BTCUSDT_PERP.A,5864.103,0
1790382960,DOGEUSDT_PERP.3,143.2698,0
1790382960,SOLUSDT_PERP.A,10303.7,0
1790383080,ADAUSDT_PERP.A,235.81539999999998,0
1790383080,BTCUSDT_PERP.A,335.1048,0
1790383560,XRPUSDT_PERP.A,0,41.5891
1790383620,XRPUSDT.6,0,265.06784
1790383620,XRPUSDT_PERP.A,0,5.4712
1790383800,XRPUSDT.6,0,7.358790000000001
1790383860,ETHUSDT_PERP.A,0,24189.21
1790384160,LINKUSDT_PERP.A,0,542.7515000000001
1790384220,BTCUSDT_PERP.A,0,2851.2434000000003
1790384460,BNBUSDT_PERP.A,466.13399999999996,0
1790384460,BTCUSDT_PERP.A,839.238,0
1790384460,ETHUSDT_PERP.A,0,521.6892799999999
1790384460,LINKUSDT.6,0,59.2158
1790384460,LINKUSDT_PERP.A,0,82890.76031999999
1790384460,LTCUSDT_PERP.A,0,365.59712
1790384460,XRPUSDT_PERP.3,0,498.1788
1790384460,XRPUSDT_PERP.A,0,5.95346
1790384520,ETHUSDT_PERP.A,0,72.61542
1790384520,LINKUSDT_PERP.A,0,324.84866999999997
1790384640,BTCUSDT_PERP.A,0,922.5656
1790384640,ETHUSDT.6,0,80.62469999999999
1790384640,LTCUSDT_PERP.A,0,773.6290100000001
1790384640,XRPUSDT_PERP.3,0,1898.7088999999999
1790384700,AVAXUSDT.6,0,198.79680000000002
1790384700,AVAXUSDT_PERP.A,0,1753.816
1790384760,ADAUSDT_PERP.A,0,27.432799999999997
1790384940,BTCUSDT_PERP.A,0,335.492
1790385360,ADAUSDT.6,0,1874.1771
1790385360,SOLUSDT_PERP.3,0,10729.84
1790385360,SOLUSDT_PERP.A,0,35.3597
1790385360,XRPUSDT_PERP.3,0,3687.6774
1790385360,XRPUSDT_PERP.A,0,9564.18477
1790385420,SOLUSDT_PERP.A,0,139.023
1790385480,AVAXUSDT.6,0,33.2258
1790385540,AVAXUSDT_PERP.3,0,151.9116
1790385540,XRPUSDT.6,0,72.49225
1790385600,ADAUSDT_PERP.3,0,4212.333999999999
1790385600,XRPUSDT.6,0,167.5268
1790385600,XRPUSDT_PERP.A,0,685.37985
1790385660,ADAUSDT.6,0,2557.2780000000002
1790385660,ADAUSDT_PERP.3,0,667.904
1790385660,ADAUSDT_PERP.A,0,19258.3335
1790385660,AVAXUSDT_PERP.A,0,1184.37
1790385660,DOGEUSDT_PERP.3,0,370.0906
1790385660,ETHUSDT.6,0,295.9616
1790385660,XRPUSDT.6,0,444.05361000000005
1790385660,XRPUSDT_PERP.3,0,813.9131
1790385660,XRPUSDT_PERP.A,0,207.19104
1790385720,ADAUSDT_PERP.3,0,7.812
1790385720,ADAUSDT_PERP.A,0,130.25
1790385720,LTCUSDT_PERP.3,0,1874.432
1790385720,LTCUSDT_PERP.A,0,765.11771
1790385780,ADAUSDT.6,696.489,0
1790385840,AVAXUSDT.6,0,63.543
1790385840,XRPUSDT_PERP.A,0,98.79702999999999
1790385900,AVAXUSDT_PERP.A,0,1593.368
1790386080,ADAUSDT.6,10054.1168,0
1790386560,XRPUSDT_PERP.3,0,77.2436
1790386560,XRPUSDT_PERP.A,0,2298.2572200000004
1790386680,AVAXUSDT_PERP.A,0,75.78200000000001
1790386680,DOGEUSDT_PERP.3,0,860.1978
1790386680,XRPUSDT.6,0,25.077479999999998
1790386680,XRPUSDT_PERP.3,0,5130.6316
1790386740,AVAXUSDT_PERP.A,0,986.349
1790386800,ADAUSDT_PERP.A,0,93.259
1790386800,AVAXUSDT_PERP.A,0,466.33500000000004
1790386800,BTCUSDT_PERP.A,0,420.038
1790386800,ETHUSDT_PERP.3,0,3234.6292800000006
1790386800,ETHUSDT_PERP.A,0,2841.5686499999997
1790386860,AVAXUSDT.6,0,81.6075
1790386860,AVAXUSDT_PERP.A,0,28758.17
1790386860,BTCUSDT_PERP.A,0,71006.1105
1790386860,SOLUSDT_PERP.3,0,366.27
1790386920,SOLUSDT_PERP.A,0,7.324199999999999
1790387040,BTCUSDT_PERP.A,588.0602,0
1790387040,SOLUSDT_PERP.A,169.6634,0
1790387100,ADAUSDT.6,0,5692.3174
1790387100,ADAUSDT_PERP.3,0,2880.9
1790387100,ADAUSDT_PERP.A,0,5712.999599999999
1790387160,ADAUSDT.6,0,55498.4339
1790387160,ADAUSDT_PERP.3,0,10529.61
1790387160,ADAUSDT_PERP.A,0,81198.0715
1790387160,AVAXUSDT_PERP.A,0,6153.804
1790387160,DOGEUSDT_PERP.A,0,100.80363
1790387160,SOLUSDT_PERP.A,0,323.6445
1790387160,XRPUSDT.6,0,227.99316000000002
1790387160,XRPUSDT_PERP.3,0,60779.7555
1790387160,XRPUSDT_PERP.A,457.852,42124.43644
1790387220,ADAUSDT.6,0,86.3248
1790387220,ADAUSDT_PERP.3,0,46917.263999999996
1790387220,ADAUSDT_PERP.A,0,34312.519199999995
1790387220,AVAXUSDT.6,0,1019.8045
1790387220,AVAXUSDT_PERP.A,0,1243.74
1790387220,DOGEUSDT.6,0,2751.76748
1790387220,DOGEUSDT_PERP.3,0,124.9668
1790387220,DOGEUSDT_PERP.A,0,2034.6978900000001
1790387220,SOLUSDT_PERP.3,0,1706.5752
1790387220,SOLUSDT_PERP.A,0,190.58520000000001
1790387220,XRPUSDT.6,0,7.10415
1790387220,XRPUSDT_PERP.A,13.891680000000001,40520.13624
1790387280,BTCUSDT_PERP.A,0,840.003
1790387280,DOGEUSDT_PERP.A,51.75108,0
1790387280,ETHUSDT_PERP.A,915.2834000000001,6396.21576
1790387280,SOLUSDT_PERP.A,95.1366,0
1790387340,BTCUSDT_PERP.A,3611.957,1343.984
1790387400,BTCUSDT_PERP.A,1680.118,0
1790387400,DOGEUSDT_PERP.A,20.212320000000002,0
1790387400,ETHUSDT_PERP.A,0,551.85795
1790387820,AVAXUSDT_PERP.3,47.449600000000004,0
1790388000,ADAUSDT_PERP.A,397.242,0
1790388000,DOGEUSDT_PERP.A,5.930999999999999,0
1790388060,ADAUSDT_PERP.A,6122.28,0
1790388120,XRPUSDT_PERP.A,63.96819000000001,0
1790388180,AVAXUSDT_PERP.A,6384.2119999999995,0
1790388180,ETHUSDT_PERP.3,80.7003,0
1790388300,AVAXUSDT.6,0,33.7404
1790388720,AVAXUSDT.6,0,21.862
1790388720,AVAXUSDT_PERP.3,0,55.7226
1790388720,AVAXUSDT_PERP.A,0,18190.848
1790388840,BTCUSDT.6,0,588.6377000000001
1790388840,BTCUSDT_PERP.A,0,1261.5015
1790388900,ADAUSDT_PERP.A,24.1868,0
1790388960,AVAXUSDT_PERP.A,0,415.416
1790389260,AVAXUSDT.6,0,1639.6499999999999
1790389260,XRPUSDT.6,173.76579,0
1790389380,XRPUSDT_PERP.A,1799.1601600000001,0
1790389800,ADAUSDT_PERP.3,991.362,0
1790389800,ADAUSDT_PERP.A,126.1485,0
1790389800,DOGEUSDT_PERP.A,991.82898,0
1790389800,SOLUSDT.6,474.279,0
1790389800,XRPUSDT.6,465.8148,0
1790389800,XRPUSDT_PERP.3,54.894,0
1790389800,XRPUSDT_PERP.A,69.47569,0
1790390220,DOGEUSDT_PERP.A,273.0234,0
1790390220,XRPUSDT.6,4973.83042,0
1790390220,XRPUSDT_PERP.A,1261.98996,0
1790390340,ADAUSDT.6,551.9565,0
1790390340,ADAUSDT_PERP.3,298.54,0
1790390340,ADAUSDT_PERP.A,329.4324,0
1790390340,AVAXUSDT_PERP.A,802.4559999999999,0
1790390340,DOGEUSDT.6,206.787,0
1790390340,LTCUSDT_PERP.3,0,241.659
1790390340,SOLUSDT_PERP.3,2109.0660000000003,0
1790390340,SOLUSDT_PERP.A,2230.993,0
1790390340,XRPUSDT.6,246.53474999999997,0
1790390340,XRPUSDT_PERP.3,9858.259399999999,0
1790390340,XRPUSDT_PERP.A,323.43229999999994,0
1790390400,BTCUSDT_PERP.A,167.9904,0
1790390460,AVAXUSDT_PERP.3,3683.1688,0
1790390460,AVAXUSDT_PERP.A,499.33000000000004,0
1790390520,XRPUSDT.6,128.86534,0
1790390940,ETHUSDT_PERP.A,0,697.1710200000001
1790391000,LINKUSDT_PERP.A,0,2015.8264
1790391060,DOGEUSDT_PERP.A,0,1182.24
1790391120,LTCUSDT_PERP.A,31.59405,0
1790391240,DOGEUSDT_PERP.3,9890.205,0
1790391300,XRPUSDT_PERP.3,4018.1729,0
1790391480,XRPUSDT_PERP.A,156.48,0
1790391600,ADAUSDT_PERP.A,20.2098,0
1790391600,XRPUSDT_PERP.3,3753.2355000000002,0
1790391600,XRPUSDT_PERP.A,1917.8866799999998,0
1790391660,XRPUSDT.6,941.4551299999999,0
1790391660,XRPUSDT_PERP.A,2618.8401599999997,0
1790391720,AVAXUSDT_PERP.3,788.1692,0
1790391720,SOLUSDT.6,206.516,0
1790391720,SOLUSDT_PERP.3,6548.7199,0
1790391720,SOLUSDT_PERP.A,4979.4342,0
1790391780,XRPUSDT_PERP.A,995.21994,0
1790391900,XRPUSDT_PERP.A,17.49888,0
1790392020,SOLUSDT_PERP.3,141.9561,0
1790392200,ADAUSDT_PERP.A,10.324,0
1790392200,ETHUSDT_PERP.A,74102.56668,0
1790392200,SOLUSDT.6,1078.235,0
1790392200,SOLUSDT_PERP.3,33617.7138,0
1790392200,SOLUSDT_PERP.A,1484.8086,0
1790392200,XRPUSDT_PERP.A,9399.60584,0
1790392260,ADAUSDT_PERP.3,455.598,0
1790392260,BTCUSDT_PERP.A,755.0585999999998,0
1790392260,DOGEUSDT.6,49866.71632,0
1790392260,DOGEUSDT_PERP.3,1189.953,0
1790392260,DOGEUSDT_PERP.A,942.5468099999999,0
1790392260,LINKUSDT_PERP.3,463.7690999999999,0
1790392260,LTCUSDT.6,6794.85,0
1790392260,LTCUSDT_PERP.A,496.00949999999995,0
1790392260,SOLUSDT.6,51141.86,0
1790392260,SOLUSDT_PERP.3,1170.984,0
1790392260,SOLUSDT_PERP.A,32035.4664,0
1790392260,XRPUSDT.6,443.90268999999995,0
1790392260,XRPUSDT_PERP.3,1.5579,0
1790392260,XRPUSDT_PERP.A,1835.90923,0
1790392320,AVAXUSDT_PERP.3,2023.9284,0
1790392320,DOGEUSDT.6,196.1,0
1790392380,AVAXUSDT_PERP.A,9895.236,0
1790392380,DOGEUSDT_PERP.3,6283.760000000001,0
1790392380,DOGEUSDT_PERP.A,111.23,0
1790392380,ETHUSDT_PERP.3,4185.338170000001,0
1790392380,ETHUSDT_PERP.A,20617.19352,0
1790392380,SOLUSDT_PERP.3,5126.9112,0
1790392380,SOLUSDT_PERP.A,722.8732000000001,0
1790392380,XRPUSDT_PERP.3,6445.152,0
1790392440,ADAUSDT_PERP.3,200.77200000000002,0
1790392440,DOGEUSDT_PERP.3,207.9508,0
1790392440,LTCUSDT_PERP.A,322.091,0
1790392440,SOLUSDT_PERP.3,8413.997,0
1790392440,SOLUSDT_PERP.A,3070.8624,0
1790392560,AVAXUSDT_PERP.3,28.865700000000004,0
1790392620,LTCUSDT_PERP.3,43.23,0
1790392620,LTCUSDT_PERP.A,5999.34712,0
1790392680,LTCUSDT_PERP.A,280.566,0
1790392740,BTCUSDT_PERP.A,1258.3875,0
1790392740,LINKUSDT_PERP.A,432.46546,0
1790392740,SOLUSDT_PERP.3,36404.3286,0
1790392740,SOLUSDT_PERP.A,5374.9574999999995,0
1790392800,BNBUSDT_PERP.A,15.502,0
1790392800,BTCUSDT_PERP.A,3439.4736000000003,0
1790392980,ETHUSDT_PERP.A,0,790.2337799999999
1790393160,BNBUSDT_PERP.A,46.523999999999994,0
1790393160,DOGEUSDT_PERP.A,0,13.2543
1790393160,ETHUSDT_PERP.A,0,21.5136
1790393160,XRPUSDT_PERP.A,5.4663,0
1790393340,BTCUSDT_PERP.A,0,83.988
1790393340,ETHUSDT_PERP.A,0,225.86508
1790393820,SOLUSDT_PERP.A,0,144.99599999999998
1790393880,LINKUSDT_PERP.A,0,4223.4
1790393940,BTCUSDT_PERP.A,1007.5812000000001,0
1790394120,AVAXUSDT.6,1627.4728,0
1790394180,ADAUSDT_PERP.3,485.541,0
1790394180,AVAXUSDT_PERP.3,113.848,0
1790394180,AVAXUSDT_PERP.A,127.68,0
1790394240,LTCUSDT.6,998.993,0
1790394300,DOGEUSDT.6,685.3,0
1790394300,DOGEUSDT_PERP.3,1501.1136,0
1790394300,DOGEUSDT_PERP.A,230.065,0
1790394540,BNBUSDT.6,0,2414.568
1790394540,BTCUSDT.6,0,2013.6144000000002
1790394540,ETHUSDT.6,0,2471.6536
1790394540,XRPUSDT_PERP.A,147.93012000000002,0
1790394720,ADAUSDT_PERP.A,42.991200000000006,0
1790394720,ETHUSDT_PERP.A,10398.303,0
1790394720,SOLUSDT_PERP.3,9.648,0
1790394720,SOLUSDT_PERP.A,1325.1742,0
1790394840,ADAUSDT_PERP.3,99.684,0
1790394900,ADAUSDT.6,688.6136,0
1790395200,AVAXUSDT.6,203.84640000000002,0
1790395200,LTCUSDT_PERP.A,481.27305,0
1790395500,BTCUSDT.6,298425.186,0
1790395860,LINKUSDT_PERP.A,0,836.3048400000001
1790395920,LINKUSDT_PERP.A,0,282.54
1790396280,DOGEUSDT.6,0.68712,0
1790396280,LINKUSDT.6,0,5043.06
1790396280,LINKUSDT_PERP.3,0,489.6592
1790396280,LINKUSDT_PERP.A,0,451.13388
1790396340,LINKUSDT.6,0,4696.692
1790396340,LINKUSDT_PERP.3,0,99.155
1790396340,LINKUSDT_PERP.A,0,1546.34878
1790396580,XRPUSDT.6,10112.009499999998,0
1790396580,XRPUSDT_PERP.3,676.3814999999998,0
1790396580,XRPUSDT_PERP.A,1040.5174099999997,0
1790396640,DOGEUSDT_PERP.3,4.891,0
1790396640,SOLUSDT_PERP.A,775.7623999999998,0
1790396640,XRPUSDT_PERP.3,16664.4516,0
1790396640,XRPUSDT_PERP.A,2058.198,0
1790396700,SOLUSDT.6,12.045000000000002,0
1790396700,SOLUSDT_PERP.A,2417.4312000000004,0
1790396700,XRPUSDT_PERP.3,1221.9941999999999,0
1790396760,ADAUSDT_PERP.3,20313.92,0
1790396760,ADAUSDT_PERP.A,3521.6555,0
1790396760,DOGEUSDT_PERP.3,408.30240000000003,0
1790396760,DOGEUSDT_PERP.A,65.8498,0
1790396760,SOLUSDT.6,3888.5969999999998,0
1790396760,SOLUSDT_PERP.A,876.0752000000001,0
1790396760,XRPUSDT.6,14337.442649999999,0
1790396760,XRPUSDT_PERP.3,299.8062,0
1790396820,XRPUSDT_PERP.A,21.751800000000003,0
1790396940,SOLUSDT_PERP.3,133.5774,0
1790396940,XRPUSDT.6,21.416220000000003,0
1790396940,XRPUSDT_PERP.3,10093.0546,0
1790396940,XRPUSDT_PERP.A,12005.18046,0
1790397000,BTCUSDT_PERP.A,419.2665,0
1790397000,DOGEUSDT_PERP.3,3.9068000000000005,0
1790397000,DOGEUSDT_PERP.A,1837.17992,0
1790397000,ETHUSDT.6,53.684,0
1790397000,ETHUSDT_PERP.3,0,899.2137
1790397000,ETHUSDT_PERP.A,4915.0082299999995,0
1790397000,SOLUSDT.6,1323.85,0
1790397000,SOLUSDT_PERP.3,71975.354,0
1790397000,SOLUSDT_PERP.A,52621.95199999999,0
1790397000,XRPUSDT.6,52635.10632,0
1790397000,XRPUSDT_PERP.3,15889.802399999999,0
1790397000,XRPUSDT_PERP.A,1247.4445699999999,0
1790397240,DOGEUSDT_PERP.A,16.706699999999998,0
1790398080,SOLUSDT_PERP.A,0,4385.3796
1790398080,XRPUSDT_PERP.3,0,8303.259
1790398380,LTCUSDT.6,0,72.34
1790398740,LTCUSDT_PERP.3,0,2168.1
1790398800,BTCUSDT_PERP.A,0,6884.4822
1790398860,AVAXUSDT_PERP.A,0,31.962
1790398860,XRPUSDT_PERP.A,0,30.66108
1790398980,BTCUSDT_PERP.A,0,83.9622
1790399520,ADAUSDT_PERP.A,14.801599999999999,0
1790399700,DOGEUSDT_PERP.3,4041.7636,0
1790399760,DOGEUSDT_PERP.A,272.74904,0
1790399760,ETHUSDT_PERP.A,4483.23442,0
1790399760,XRPUSDT_PERP.A,74.88432,0
1790399820,DOGEUSDT_PERP.3,1840.6111999999998,0
1790399820,DOGEUSDT_PERP.A,85.7736,0
1790399820,ETHUSDT_PERP.A,249.78777,0
1790399820,XRPUSDT.6,5.73611,0
1790399820,XRPUSDT_PERP.3,1.5505,0
1790399880,ADAUSDT.6,412.614,0
1790399880,AVAXUSDT.6,581.4828,0
1790399880,DOGEUSDT.6,47.90112,0
1790399940,ADAUSDT.6,33312.7437,0
1790399940,ADAUSDT_PERP.A,2955.8437,0
1790399940,AVAXUSDT_PERP.A,4277.845,0
1790399940,DOGEUSDT_PERP.A,9618.99378,0
1790399940,LINKUSDT_PERP.A,312.36736,0
1790399940,LTCUSDT.6,143.54,0
1790399940,SOLUSDT_PERP.A,86.6736,0
1790399940,XRPUSDT_PERP.3,131.8775,0
1790399940,XRPUSDT_PERP.A,529.8714,0
1790400300,BNBUSDT_PERP.A,15.4836,0
1790400480,ADAUSDT_PERP.A,7943.0108,0
1790400600,ADAUSDT_PERP.3,305.28000000000003,0
1790400600,ADAUSDT_PERP.A,3952.385,0
1790400600,AVAXUSDT_PERP.A,53.2,0
1790400600,LINKUSDT_PERP.3,344.69520000000006,0
1790400600,LINKUSDT_PERP.A,153.29128,0
1790400600,LTCUSDT_PERP.A,164.76933,0
1790400720,DOGEUSDT_PERP.A,7.98106,0
1790400720,ETHUSDT_PERP.A,21.479200000000002,0
1790400720,LINKUSDT_PERP.A,4.898949999999999,0
1790400720,XRPUSDT_PERP.A,687.71248,0
1790400780,DOGEUSDT_PERP.A,30109.0958,0
1790400900,XRPUSDT.6,278.25847999999996,0
1790400900,XRPUSDT_PERP.3,1080.155,0
1790400900,XRPUSDT_PERP.A,1515.35307,0
1790400960,LINKUSDT_PERP.A,57.04248,0
1790401020,DOGEUSDT_PERP.3,791.1315999999999,0
1790401020,LINKUSDT_PERP.3,191.99179999999998,0
1790401260,BTCUSDT.6,251.73540000000003,0
1790402040,BTCUSDT.6,83.8645,0
1790402460,ADAUSDT_PERP.A,14.2296,0
1790402460,DOGEUSDT_PERP.A,841.83916,0
1790402520,ADAUSDT_PERP.3,1525.939,0
1790402520,ADAUSDT_PERP.A,3385.1844000000006,497.70180000000005
1790402520,AVAXUSDT_PERP.A,942.51,0
1790402520,BNBUSDT_PERP.A,0,494.5152
1790402520,DOGEUSDT.6,455.38199999999995,0
1790402520,DOGEUSDT_PERP.A,6576.05802,0
1790402520,XRPUSDT.6,4595.86438,0
1790402520,XRPUSDT_PERP.3,739.4182,0
1790402520,XRPUSDT_PERP.A,10010.76335,498.25649000000004
1790402580,ETHUSDT_PERP.A,131.49493,161.01420000000002
1790402640,ETHUSDT_PERP.A,1396.1896000000002,0
1790402820,ETHUSDT_PERP.A,749.0117700000001,0
1790402880,BTCUSDT_PERP.A,503.21939999999995,0
1790403000,BTCUSDT_PERP.A,0,83.8938
1790403420,ETHUSDT_PERP.A,13438.573499999999,0
1790403600,ETHUSDT_PERP.A,0,2684.9
1790403960,ETHUSDT_PERP.A,13476.156469999998,0
1790403960,XRPUSDT_PERP.A,44.0895,0
1790404080,AVAXUSDT_PERP.A,10698.402,0
1790404080,ETHUSDT_PERP.A,995.58963,0
1790404080,SOLUSDT.6,180.405,0
1790404080,SOLUSDT_PERP.3,2352.2856,0
1790404080,SOLUSDT_PERP.A,1246.7851,0
1790404080,XRPUSDT.6,10503.181980000001,0
1790404080,XRPUSDT_PERP.3,28935.5868,0
1790404080,XRPUSDT_PERP.A,6636.255709999999,0
1790404140,BTCUSDT.6,0,1174.53
1790404260,LTCUSDT_PERP.A,0,884.1900600000001
1790404380,XRPUSDT_PERP.A,7.8993899999999995,0
1790404440,AVAXUSDT.6,0,160.93759999999997
1790404440,ETHUSDT.6,0,241.51319999999998
1790404440,ETHUSDT_PERP.A,2959.9446199999998,0
1790404440,SOLUSDT_PERP.A,26.4616,0
1790404500,ADAUSDT_PERP.A,476.8242,13.2028
1790404500,BTCUSDT.6,419.27500000000003,0
1790404500,BTCUSDT_PERP.A,335.442,0
1790404500,ETHUSDT_PERP.A,34414.69053000001,0
1790404500,LINKUSDT_PERP.A,305.37916,8.3742
1790404500,SOLUSDT_PERP.A,3607.2,0
1790404500,XRPUSDT_PERP.A,3864.25,0
1790404740,LTCUSDT_PERP.3,0,138.244
1790404920,LTCUSDT_PERP.A,0,947.3726399999999
1790405040,LTCUSDT_PERP.A,0,192.89985000000001
1790405640,BTCUSDT_PERP.A,0,1258.194
1790405760,SOLUSDT_PERP.A,60.115,0
1790405940,BNBUSDT_PERP.A,726.1782,0
1790405940,SOLUSDT_PERP.3,27.641400000000004,0
1790405940,SOLUSDT_PERP.A,171.8288,0
1790406000,LINKUSDT_PERP.A,61.14941,0
1790406000,LTCUSDT_PERP.3,0,109.33500000000001
1790406000,LTCUSDT_PERP.A,0,41.996159999999996
1790406060,BTCUSDT_PERP.A,0,251.62140000000002
1790406180,ADAUSDT_PERP.A,0,7087.096
1790406180,BNBUSDT_PERP.A,0,21762.765
1790406180,ETHUSDT_PERP.A,0,34899.7134
1790406180,LINKUSDT_PERP.A,0,57452.1208
1790406180,LTCUSDT_PERP.A,0,7877.6896799999995
1790406180,SOLUSDT_PERP.A,0,9269.547400000001
1790406180,XRPUSDT_PERP.A,0,15692.045
1790406300,AVAXUSDT_PERP.A,0,745.9200000000001
1790406360,ETHUSDT_PERP.A,0,236.61088
1790406420,XRPUSDT_PERP.A,0,52.768
1790406480,AVAXUSDT.6,0,315.591
1790406480,AVAXUSDT_PERP.A,0,1893.546
1790406660,LTCUSDT_PERP.A,0,112.70775
1790406840,ETHUSDT_PERP.A,0,32421.16164
1790406960,ETHUSDT_PERP.A,3323.5422,0
1790407020,LTCUSDT_PERP.3,0,495.856
1790407140,BTCUSDT_PERP.A,0,839.812
1790407260,LTCUSDT.6,0,1202.9399999999998
1790407260,LTCUSDT_PERP.3,0,28335.105
1790407260,LTCUSDT_PERP.A,0,249.02325000000002
1790407320,LINKUSDT_PERP.A,0,66.04415999999999
1790407380,ADAUSDT_PERP.A,0,8.673399999999999
1790407380,LTCUSDT_PERP.A,0,28.857990000000004
1790407440,ADAUSDT_PERP.A,0,42.585
1790407860,LTCUSDT_PERP.3,0,235.104
1790407920,BTCUSDT.6,0,1763.6535000000001
1790407980,LTCUSDT_PERP.3,0,22.073999999999998
1790408040,LTCUSDT_PERP.3,0,11691.992000000002
1790408040,LTCUSDT_PERP.A,0,374.65
1790408160,LTCUSDT_PERP.3,0,5817.2970000000005
1790408460,ETHUSDT_PERP.A,0,876.76722
1790408700,ADAUSDT.6,0,145.749
1790408820,BTCUSDT_PERP.A,0,504.249
1790408820,LTCUSDT_PERP.A,0,4566.06936
1790408880,LTCUSDT_PERP.A,0,2391.2658500000002
1790408940,ETHUSDT.6,0,161.3502
1790408940,SOLUSDT.6,0,458.546
1790408940,XRPUSDT.6,0,93.8012
1790409300,BTCUSDT_PERP.A,0,42957.6749
1790409420,BTCUSDT_PERP.A,0,336.3076
1790409480,BTCUSDT_PERP.A,0,336.3916
1790409480,ETHUSDT_PERP.A,0,188.31750000000002
1790409660,ETHUSDT_PERP.A,0,64.53
1790409780,AVAXUSDT.6,1004.7372,0
1790410020,LTCUSDT_PERP.A,9787.81422,0
1790410080,BTCUSDT_PERP.3,0,1041.92364
1790410080,ETHUSDT_PERP.3,0,2460.0507000000002
1790410380,SOLUSDT_PERP.A,21200.96,0
1790410380,XRPUSDT_PERP.A,21362.07709,0
1790410680,BTCUSDT_PERP.A,5040.348,0
1790410680,ETHUSDT_PERP.3,75.26204000000001,0
1790411100,XRPUSDT.6,621.6001,0
1790411100,XRPUSDT_PERP.A,25000.54368,0
1790411160,BNBUSDT_PERP.A,15.470799999999999,0
1790411160,XRPUSDT.6,2164.7171,0
1790411160,XRPUSDT_PERP.3,798.252,0
1790411160,XRPUSDT_PERP.A,378960.58619999996,0
1790411460,BTCUSDT.6,0,4122.276900000001
1790411460,BTCUSDT_PERP.A,0,6982.466300000001
1790411520,BTCUSDT.6,0,3872.6526000000003
1790411520,BTCUSDT_PERP.3,0,1195.5576400000002
1790411520,BTCUSDT_PERP.A,0,41506.803900000006
1790411520,ETHUSDT.6,0,1050.738
1790411520,ETHUSDT_PERP.A,0,39512.898
1790411520,SOLUSDT.6,0,5560.02
1790411520,SOLUSDT_PERP.3,0,1445.366
1790411520,SOLUSDT_PERP.A,0,792.5791999999999
1790411580,BTCUSDT.6,0,1179.045
1790411580,BTCUSDT_PERP.3,0,1937.1036999999994
1790411580,BTCUSDT_PERP.A,0,11116.8948
1790411580,ETHUSDT_PERP.A,0,12216.29901
1790411580,SOLUSDT.6,0,1850.535
1790411580,SOLUSDT_PERP.A,0,207.9136
1790411640,BTCUSDT.6,0,421.18800000000005
1790411640,BTCUSDT_PERP.3,0,8.42378
1790411640,BTCUSDT_PERP.A,0,7075.7735999999995
1790411640,DOGEUSDT_PERP.A,0,5.39165
1790411640,ETHUSDT.6,0,53.9186
1790411640,ETHUSDT_PERP.3,0,4879.036000000001
1790411640,ETHUSDT_PERP.A,0,1474.46038
1790411640,SOLUSDT.6,0,1209.5
1790411640,SOLUSDT_PERP.A,0,30.225
1790411700,ADAUSDT_PERP.A,0,23.8173
1790411700,BTCUSDT_PERP.A,0,4548.0635999999995
1790411700,DOGEUSDT_PERP.A,0,8.72556
1790411700,LINKUSDT.6,0,433.57140000000004
1790411700,LINKUSDT_PERP.A,0,2263.5669999999996
1790411760,BTCUSDT.6,0,8088.4800000000005
1790411760,BTCUSDT_PERP.3,0,1592.35524
1790411760,BTCUSDT_PERP.A,0,372924.1376
1790411760,DOGEUSDT_PERP.A,0,431.596
1790411760,ETHUSDT.6,0,377.4498
1790411760,ETHUSDT_PERP.3,0,26.962300000000006
1790411760,ETHUSDT_PERP.A,0,277480.69872
1790411760,SOLUSDT.6,0,20145.582000000002
1790411760,SOLUSDT_PERP.3,0,3583.6719999999996
1790411760,SOLUSDT_PERP.A,0,9857.5194
1790411820,ADAUSDT.6,0,44.357200000000006
1790411820,AVAXUSDT.6,0,107.22
1790411820,BTCUSDT.6,0,325899.1136
1790411820,BTCUSDT_PERP.3,0,14440.295740000001
1790411820,BTCUSDT_PERP.A,0,128401.7244
1790411820,ETHUSDT.6,0,458.1942000000001
1790411820,ETHUSDT_PERP.3,0,1757.1986800000002
1790411820,ETHUSDT_PERP.A,0,134026.61706
1790411820,LINKUSDT.6,0,2731.7857
1790411820,LINKUSDT_PERP.A,0,165.17855999999998
1790411820,SOLUSDT.6,0,3936.725
1790411820,SOLUSDT_PERP.3,0,3892.154
1790411820,SOLUSDT_PERP.A,29.059199999999997,3701.4156
1790411820,XRPUSDT_PERP.3,0,101.01650000000001
1790411820,XRPUSDT_PERP.A,0,1466.54312
1790411880,AVAXUSDT_PERP.A,0,997.7969999999999
1790413380,ADAUSDT_PERP.A,97.9055,0
1790413380,SOLUSDT_PERP.A,8887.8822,0
1790413380,XRPUSDT_PERP.3,167.0652,0
1790413380,XRPUSDT_PERP.A,194.43275999999997,0
1790413440,XRPUSDT_PERP.3,867.8109,0
1790413740,ETHUSDT_PERP.A,43.012480000000004,0
1790413800,AVAXUSDT_PERP.A,234.234,0
1790413800,BTCUSDT_PERP.A,73432.13309999999,0
1790413800,DOGEUSDT_PERP.A,1120.675,0
1790413800,ETHUSDT_PERP.A,14890.966059999999,0
1790413800,SOLUSDT_PERP.A,1396.2473,0
1790413800,XRPUSDT.6,5858.78032,0
1790413800,XRPUSDT_PERP.3,14179.3827,0
1790413800,XRPUSDT_PERP.A,54750.62849999999,0
1790413860,SOLUSDT.6,7823.4,0
1790413860,SOLUSDT_PERP.A,937.2149000000001,0
1790413860,XRPUSDT.6,9656.23965,0
1790413860,XRPUSDT_PERP.3,1337.6942999999999,0
1790413860,XRPUSDT_PERP.A,479923.05654,0
1790413920,ADAUSDT.6,1902.5072,0
1790413920,AVAXUSDT_PERP.3,17399.2416,0
1790413920,BTCUSDT_PERP.A,96381.37770000001,0
1790413920,DOGEUSDT.6,3486.1620000000003,0
1790413920,DOGEUSDT_PERP.3,587436.492,0
1790413920,DOGEUSDT_PERP.A,7293.13824,0
1790413920,ETHUSDT_PERP.A,1604.5595800000003,0
1790413920,SOLUSDT_PERP.A,24044,0
1790413920,XRPUSDT.6,145.612,0
1790413920,XRPUSDT_PERP.3,4273.9904,0
1790413920,XRPUSDT_PERP.A,2178.19029,0
1790413980,ADAUSDT.6,24.5313,0
1790413980,ADAUSDT_PERP.3,364.17600000000004,0
1790413980,ADAUSDT_PERP.A,11452.8294,0
1790413980,AVAXUSDT.6,581.4599999999999,0
1790413980,AVAXUSDT_PERP.3,323.6562,0
1790413980,AVAXUSDT_PERP.A,2950.983,0
1790413980,BNBUSDT_PERP.A,7.7171,0
1790413980,BTCUSDT.6,54977.687,0
1790413980,BTCUSDT_PERP.A,2769.9408000000003,0
1790413980,DOGEUSDT.6,5044.04485,0
1790413980,DOGEUSDT_PERP.3,24091.4375,0
1790413980,DOGEUSDT_PERP.A,15558.524940000001,0
1790413980,ETHUSDT.6,14250.5776,0
1790413980,ETHUSDT_PERP.3,6209.342500000002,0
1790413980,ETHUSDT_PERP.A,59808.004709999994,26.787300000000002
1790413980,LINKUSDT.6,9628.7553,0
1790413980,LINKUSDT_PERP.A,23665.7634,0
1790413980,SOLUSDT.6,5857.464,0
1790413980,SOLUSDT_PERP.3,9594.8006,0
1790413980,SOLUSDT_PERP.A,51357.600000000006,0
1790413980,XRPUSDT.6,62595.1797,0
1790413980,XRPUSDT_PERP.3,33023.2088,0
1790413980,XRPUSDT_PERP.A,31256.525879999997,0
1790414040,AVAXUSDT.6,3001.7595,0
1790414040,AVAXUSDT_PERP.3,394.75699999999995,0
1790414040,AVAXUSDT_PERP.A,10639.44,0
1790414040,BTCUSDT_PERP.A,293235.46200000006,0
1790414040,DOGEUSDT_PERP.3,19029.2976,0
1790414040,DOGEUSDT_PERP.A,10946.56174,0
1790414040,ETHUSDT.6,107.24000000000001,0
1790414040,ETHUSDT_PERP.3,4831.27012,0
1790414040,ETHUSDT_PERP.A,267517.34487,0
1790414040,LINKUSDT.6,9841.1724,0
1790414040,LINKUSDT_PERP.A,5100.586700000001,0
1790414040,SOLUSDT.6,1778.2200000000003,0
1790414040,SOLUSDT_PERP.A,5053.808,0
1790414040,XRPUSDT.6,6199.5971,0
1790414040,XRPUSDT_PERP.3,759.713,0
1790414040,XRPUSDT_PERP.A,39385.86627,0
1790414100,AVAXUSDT.6,6.332999999999999,0
1790414100,AVAXUSDT_PERP.A,105.58,0
1790414100,BTCUSDT.6,671.7872,0
1790414100,ETHUSDT_PERP.3,3968.7976000000003,0
1790414100,SOLUSDT.6,623.844,0
1790414100,SOLUSDT_PERP.3,4706.86,0
1790414100,SOLUSDT_PERP.A,51960.8718,0
1790414100,XRPUSDT_PERP.3,1237.9992,0
1790414100,XRPUSDT_PERP.A,605.7573199999999,0
1790414160,AVAXUSDT.6,786.8212,0
1790414160,AVAXUSDT_PERP.3,199.918,0
1790414160,AVAXUSDT_PERP.A,1062.621,0
1790414160,XRPUSDT.6,8772.46341,0
1790414160,XRPUSDT_PERP.3,52786.4094,0
1790414160,XRPUSDT_PERP.A,5676.54216,0
1790414220,BTCUSDT.6,7303.293299999999,0
1790414220,BTCUSDT_PERP.A,839.495,0
1790414220,DOGEUSDT.6,748.10574,0
1790414220,DOGEUSDT_PERP.A,10.08072,0
1790414220,LINKUSDT_PERP.A,25031.213219999998,0
1790414220,SOLUSDT.6,719.76,0
1790414220,SOLUSDT_PERP.3,135.49829999999997,0
1790414220,SOLUSDT_PERP.A,5878.4784,0
1790414220,XRPUSDT.6,14467.078640000002,0
1790414220,XRPUSDT_PERP.3,4191.595,0
1790414220,XRPUSDT_PERP.A,11348.591400000001,0
1790414280,AVAXUSDT_PERP.3,965.0975999999999,0
1790414280,BTCUSDT.6,0,83.9455
1790414400,LINKUSDT_PERP.3,19.564999999999998,0
1790414520,LINKUSDT_PERP.A,21.70465,35.28756
1790414640,BNBUSDT_PERP.A,2150.9505000000004,0
1790414640,ETHUSDT_PERP.A,0,2889.91318
1790414760,LTCUSDT_PERP.3,0,384.644
1790414760,LTCUSDT_PERP.A,0,4191.11496
1790415000,ETHUSDT_PERP.3,294.77360000000004,0
1790415060,AVAXUSDT.6,78.9975,0
1790415060,AVAXUSDT_PERP.A,442.512,0
1790415060,SOLUSDT_PERP.3,140.3532,0
1790415060,SOLUSDT_PERP.A,1636.1180000000002,0
1790415060,XRPUSDT_PERP.3,4.6167,0
1790415060,XRPUSDT_PERP.A,5107.017599999999,0
1790415120,LTCUSDT_PERP.3,0,1430.516
1790415600,DOGEUSDT_PERP.A,5518.718,0
1790416140,LTCUSDT_PERP.3,0,1527.6960000000001
1790416140,LTCUSDT_PERP.A,0,248.23974
1790416260,BNBUSDT_PERP.A,910.2166,0
1790416260,BTCUSDT_PERP.A,587.7466000000001,503.7828
1790416260,ETHUSDT_PERP.A,14608.071000000002,3028.8293999999996
1790416260,LTCUSDT_PERP.A,0,68.95020000000001
1790416320,LTCUSDT_PERP.A,3302.1924,0
1790416320,XRPUSDT_PERP.A,51.74736,0
1790416620,LTCUSDT_PERP.3,0,96773.95999999999
1790416620,LTCUSDT_PERP.A,0,10410.9686
1790416680,LTCUSDT_PERP.A,0,31.60725
1790416800,LTCUSDT_PERP.3,0,2644.395
1790416800,LTCUSDT_PERP.A,0,10094.33016
1790416860,DOGEUSDT_PERP.A,0,5.8338
1790416860,LTCUSDT.6,0,7463.456
1790416860,LTCUSDT_PERP.3,0,15217.696
1790416860,LTCUSDT_PERP.A,0,548.01273
1790416860,SOLUSDT_PERP.A,0,8011.200000000001
1790416980,ETHUSDT.6,80.49,0
1790417040,ADAUSDT.6,0,6.6378
1790417100,LINKUSDT.6,0,14.057
1790417160,XRPUSDT_PERP.A,0,8.33868
1790417340,AVAXUSDT.6,0,29.909599999999998
1790417340,ETHUSDT_PERP.A,0,131.62772
1790417400,ETHUSDT_PERP.A,0,104.76687
1790417400,XRPUSDT_PERP.A,0,100.425
1790417460,AVAXUSDT_PERP.A,0,1924.56
1790417460,ETHUSDT_PERP.A,0,24.181469999999997
1790417520,XRPUSDT_PERP.A,0,10043.49096
1790417580,ADAUSDT_PERP.A,0,10055.593799999999
1790417760,ADAUSDT_PERP.A,0,139.0772
1790417820,AVAXUSDT_PERP.A,0,1006.646
1790417820,LTCUSDT_PERP.A,0,2355.73542
1790417820,SOLUSDT_PERP.A,0,6.021000000000001
1790417820,XRPUSDT_PERP.A,0,351.61037
1790417880,BTCUSDT_PERP.A,1345.8064,84.1129
1790417880,ETHUSDT_PERP.A,0,145.14282
1790417880,LTCUSDT_PERP.3,0,628.32
1790417880,LTCUSDT_PERP.A,0,2403.72011
1790417880,SOLUSDT_PERP.3,0,3687.5867
1790417880,SOLUSDT_PERP.A,0,13598.7294
1790417880,XRPUSDT.6,0,6.966
1790417880,XRPUSDT_PERP.A,0,1426.41934
1790417940,AVAXUSDT_PERP.A,0,900.6479999999999
1790417940,ETHUSDT_PERP.A,0,749.9547900000001
1790417940,SOLUSDT_PERP.3,0,190.39000000000001
1790417940,SOLUSDT_PERP.A,0,1244.9716
1790418000,DOGEUSDT_PERP.3,0,5014.2532
1790418000,SOLUSDT.6,0,84.434
1790418000,SOLUSDT_PERP.3,0,370.1192
1790418000,SOLUSDT_PERP.A,0,336.4182
1790418060,ETHUSDT.6,0,26886.7
1790418060,ETHUSDT_PERP.A,0,37.6411
1790418060,LINKUSDT_PERP.A,0,954.14132
1790418060,LTCUSDT_PERP.3,0,418.87999999999994
1790418060,LTCUSDT_PERP.A,0,1078.1506399999998
1790418060,SOLUSDT.6,0,18097.5
1790418060,SOLUSDT_PERP.3,0,2092.757
1790418060,XRPUSDT_PERP.3,0,473.841
1790418120,BTCUSDT_PERP.A,0,3110.5788999999995
1790418120,DOGEUSDT_PERP.3,0,2280.371
1790418120,DOGEUSDT_PERP.A,0,256.4194
1790418120,ETHUSDT_PERP.3,499.7838600000001,0
1790418120,LTCUSDT_PERP.3,0,1137.568
1790418120,LTCUSDT_PERP.A,0,70.96728
1790418120,SOLUSDT_PERP.3,0,188.0424
1790418120,XRPUSDT_PERP.3,0,544.7552000000001
1790418240,DOGEUSDT_PERP.3,0,8.811
1790418240,LINKUSDT_PERP.A,0,90.52842000000001
1790418240,XRPUSDT_PERP.3,0,52.6286
1790418300,ETHUSDT_PERP.A,26.8685,0
1790418300,LINKUSDT.6,0,46.516799999999996
1790418360,BTCUSDT.6,0,252.31050000000002
1790418540,AVAXUSDT.6,0,276.9888
1790418720,AVAXUSDT_PERP.3,0,88.10079999999999
1790418780,AVAXUSDT_PERP.A,0,3631.8489999999997
1790418900,DOGEUSDT_PERP.3,0,5.877
1790419140,LINKUSDT.6,0,4466.976
1790419200,ETHUSDT_PERP.A,0,1093.5072499999999
1790419260,DOGEUSDT.6,0,104.46997
1790419260,LTCUSDT.6,0,1808.7079999999999
1790419500,ADAUSDT_PERP.A,335.1196,0
1790419500,LTCUSDT.6,754.3919999999999,0
1790419500,LTCUSDT_PERP.A,1218.22866,0
1790419500,SOLUSDT_PERP.A,0,77.1584
1790419560,LTCUSDT_PERP.3,339.664,0
1790419560,LTCUSDT_PERP.A,2948.44718,0
1790419620,ETHUSDT_PERP.A,40.30394999999999,0
1790419680,BNBUSDT_PERP.A,0,15.4782
1790419680,LTCUSDT.6,7.369,0
1790419680,LTCUSDT_PERP.3,8097.432,0
1790419680,LTCUSDT_PERP.A,596.74162,0
1790419680,SOLUSDT.6,0,120.53
1790419860,LINKUSDT_PERP.A,0,202.6996
1790419920,LTCUSDT_PERP.3,102.942,0
1790419980,ADAUSDT_PERP.A,0,9.262799999999999
1790420160,ADAUSDT_PERP.A,0,856.6272
1790420160,BNBUSDT_PERP.A,0,77.433
1790420160,LINKUSDT.6,0,42338.5365
1790420160,LINKUSDT_PERP.3,0,1421.1237999999998
1790420160,LINKUSDT_PERP.A,0,46657.63149
1790420160,SOLUSDT_PERP.A,0,218.2498
1790420160,XRPUSDT_PERP.A,0,5.2717
1790420220,DOGEUSDT_PERP.A,0,362.08588
1790420220,XRPUSDT_PERP.A,0,6.6684399999999995
1790420400,BTCUSDT_PERP.A,0,84.1477
1790420400,LTCUSDT_PERP.A,0,329.27049999999997
1790420400,XRPUSDT_PERP.A,0,161.81101999999998
1790420520,BTCUSDT_PERP.A,84.13260000000001,0
1790420640,DOGEUSDT_PERP.A,0,536.7812799999999
1790420760,ADAUSDT_PERP.3,0,23.112
1790420760,LTCUSDT_PERP.3,0,36.86
1790420760,SOLUSDT_PERP.3,0,18.0615
1790420760,SOLUSDT_PERP.A,0,6.021000000000001
1790420760,XRPUSDT_PERP.3,0,27.8964
1790420940,SOLUSDT_PERP.3,0,450.109
1790421360,BNBUSDT_PERP.A,92.9952,0
1790421360,BTCUSDT_PERP.A,0,5386.3552
1790421480,AVAXUSDT_PERP.A,0,18861.704999999998
1790421480,ETHUSDT_PERP.A,0,48893.57983999999
1790421480,LINKUSDT_PERP.A,0,1069.5519
1790421540,LINKUSDT.6,0,120.27120000000001
1790421540,LINKUSDT_PERP.3,0,51.5448
1790421540,LINKUSDT_PERP.A,0,7798.871419999999
1790421720,LINKUSDT.6,0,12413.925000000003
1790421720,LINKUSDT_PERP.3,0,40.0624
1790421840,LINKUSDT_PERP.A,0,7872.7
1790422020,ETHUSDT_PERP.3,0,392.28009999999995
1790422020,ETHUSDT_PERP.A,67.16900000000001,0
1790422140,AVAXUSDT_PERP.3,0,69.5232
1790422200,ADAUSDT_PERP.3,0,453.20000000000005
1790422200,AVAXUSDT_PERP.A,0,6686.28
1790422260,AVAXUSDT_PERP.3,0,59.8345
1790422380,SOLUSDT_PERP.A,0,2273.9108
1790422500,AVAXUSDT.6,0,8.7248
1790422500,AVAXUSDT_PERP.A,0,927.35
1790422500,BTCUSDT_PERP.A,504.82860000000005,673.1048000000001
1790422500,SOLUSDT.6,0,10050.47
1790422500,SOLUSDT_PERP.3,0,721.4580000000001
1790422500,SOLUSDT_PERP.A,0,30814.3632
1790422560,AVAXUSDT_PERP.3,0,3148.2967999999996
1790422560,SOLUSDT.6,0,24.236000000000004
1790422560,SOLUSDT_PERP.3,0,541.4511000000001
1790422560,SOLUSDT_PERP.A,0,6686.376
1790422620,AVAXUSDT_PERP.A,0,306.18
1790422680,SOLUSDT.6,0,618.732
1790422680,SOLUSDT_PERP.3,0,1721.608
1790422680,SOLUSDT_PERP.A,0,21781.350000000002
1790422740,SOLUSDT_PERP.3,0,186.6788
1790422800,ETHUSDT.6,0,941.08
1790422800,LINKUSDT.6,0,831.4691
1790422920,AVAXUSDT.6,0,147.231
1790422920,AVAXUSDT_PERP.3,0,68.7141
1790422920,AVAXUSDT_PERP.A,0,3959.604
1790422980,ADAUSDT_PERP.A,0,127.35319999999999
1790422980,ETHUSDT_PERP.A,0,4103.963360000001
1790423220,SOLUSDT.6,0,133.46300000000002
1790423220,SOLUSDT_PERP.3,0,16344.7706
1790423220,SOLUSDT_PERP.A,0,597.9597
1790423340,ETHUSDT_PERP.A,8356.759320000001,0
1790423340,SOLUSDT_PERP.A,0,33.9864
1790423460,SOLUSDT_PERP.A,0,764.505
1790423520,AVAXUSDT.6,5073.044400000001,0
1790423520,BTCUSDT.6,0,9254.322
1790423520,ETHUSDT.6,0,4436.849999999999
1790423520,SOLUSDT.6,0,4601.818
1790423640,AVAXUSDT_PERP.A,0,1512.8939999999998
1790423640,BTCUSDT_PERP.A,0,84.13680000000001
1790423640,DOGEUSDT_PERP.A,0.09765,0
1790423700,SOLUSDT_PERP.3,0,700.3625999999999
1790424120,LINKUSDT_PERP.A,0,53.159960000000005
1790424180,DOGEUSDT.6,8.283249999999999,0
1790424240,LINKUSDT_PERP.A,84.69160000000001,0
1790424480,SOLUSDT_PERP.A,0,979.296
1790424900,ADAUSDT_PERP.A,0,88.0308
1790424900,ETHUSDT_PERP.A,0,2603.6392800000003
1790424900,SOLUSDT.6,0,946.608
1790424900,SOLUSDT_PERP.A,0,2504.0448
1790424900,XRPUSDT_PERP.A,0,118.59354
1790424960,BTCUSDT_PERP.A,0,1682.89
1790424960,ETHUSDT.6,0,2744.1672000000003
1790424960,ETHUSDT_PERP.A,0,521.93566
1790424960,SOLUSDT.6,0,1215
1790424960,SOLUSDT_PERP.A,0,1214.5
1790425020,BTCUSDT_PERP.A,0,36440.024300000005
1790425020,ETHUSDT_PERP.A,0,19567.279440000002
1790425020,SOLUSDT.6,0,4168.136
1790425020,SOLUSDT_PERP.3,0,20645.7708
1790425020,SOLUSDT_PERP.A,0,23771.9483
1790425080,AVAXUSDT.6,0,33.9946
1790425140,SOLUSDT.6,0,400.91700000000003
1790425320,ETHUSDT.6,0,591.5998000000001
1790425320,SOLUSDT_PERP.3,0,121.17
1790425380,ETHUSDT_PERP.A,0,1156.4119
1790425440,LTCUSDT_PERP.A,1389.21051,0
1790425500,XRPUSDT_PERP.A,8.480450000000001,0
1790425560,DOGEUSDT_PERP.A,79.79419999999999,0
1790425560,XRPUSDT.6,619.66954,0
1790425560,XRPUSDT_PERP.3,5113.038,0
1790425560,XRPUSDT_PERP.A,128.97333,0
1790425620,LTCUSDT.6,6112.679999999999,0
1790425620,LTCUSDT_PERP.3,80.058,0
1790425620,LTCUSDT_PERP.A,1502.3008,0
1790425620,XRPUSDT.6,26.328870000000002,0
1790425620,XRPUSDT_PERP.3,4849.8088,0
1790425620,XRPUSDT_PERP.A,7.24082,0
1790425680,LINKUSDT_PERP.A,0,779.5193899999999
1790425680,LTCUSDT_PERP.A,3196.0440000000003,0
1790425680,SOLUSDT_PERP.A,0,501.1056
1790425740,ADAUSDT.6,290.0208,0
1790425740,DOGEUSDT_PERP.A,5659.65666,0
1790425740,LTCUSDT.6,5111.512999999999,0
1790425740,LTCUSDT_PERP.3,356.32800000000003,0
1790425740,XRPUSDT.6,0.15400000000000003,0
1790425740,XRPUSDT_PERP.A,6656.71451,0
1790425920,LTCUSDT_PERP.A,20.775039999999997,0
1790426220,ADAUSDT_PERP.A,8137.427600000001,0
1790426220,DOGEUSDT_PERP.A,625.0631,0
1790426220,ETHUSDT_PERP.A,24468.915240000002,0
1790426280,DOGEUSDT.6,330.66456,0
1790426280,XRPUSDT_PERP.3,3743.4969,0
1790426280,XRPUSDT_PERP.A,270.74958000000004,0
1790426400,XRPUSDT_PERP.3,74697.0058,0
1790426460,BTCUSDT.6,84.003,0
1790426460,DOGEUSDT_PERP.3,485.35,0
1790426460,XRPUSDT.6,48283.3609,0
1790426460,XRPUSDT_PERP.3,55.3896,0
1790426460,XRPUSDT_PERP.A,3095.00045,0
1790426580,LINKUSDT.6,9.9316,0
1790426640,AVAXUSDT_PERP.3,341.21680000000003,0
1790426640,XRPUSDT_PERP.A,303.12755000000004,0
1790427360,AVAXUSDT.6,3235.7999999999997,0
1790427360,AVAXUSDT_PERP.A,6892.254,0
1790427600,BTCUSDT_PERP.A,0,2184.2392
1790427600,ETHUSDT_PERP.A,0,1884.4001599999997
1790427900,ETHUSDT_PERP.A,0,8094.1007
1790427900,SOLUSDT_PERP.3,0,1025.0982000000001
1790427960,LTCUSDT_PERP.A,0,72.81
1790427960,SOLUSDT_PERP.A,0,121.24
1790427960,XRPUSDT_PERP.A,0,1213.0068600000002
1790428020,LINKUSDT_PERP.A,0,361.78576
1790428020,XRPUSDT_PERP.3,0,33577.2792
1790428020,XRPUSDT_PERP.A,0,17.474320000000002
1790428140,LTCUSDT.6,413.706,0
1790428140,LTCUSDT_PERP.3,108.87,0
1790428200,BTCUSDT_PERP.A,167.9058,0
1790428200,LTCUSDT_PERP.A,29.310200000000002,0
1790428260,ADAUSDT.6,1381.5256000000002,0
1790428260,AVAXUSDT_PERP.3,154.0968,0
1790428260,BTCUSDT_PERP.A,24844.1976,0
1790428260,DOGEUSDT_PERP.A,4735.2757,0
1790428260,SOLUSDT_PERP.3,48.267999999999994,0
1790428260,XRPUSDT_PERP.A,31.4058,0
1790428320,BTCUSDT_PERP.A,83.9737,0
1790428320,SOLUSDT_PERP.A,35.0204,0
1790428560,SOLUSDT_PERP.A,574.1988,0
1790428560,XRPUSDT.6,508.70424,0
1790428560,XRPUSDT_PERP.A,2040.0031999999999,0
1790428620,SOLUSDT_PERP.A,909.8518,0
1790428740,BTCUSDT_PERP.3,0,1990.0487100000003
1790428740,XRPUSDT.6,12.003419999999998,0
1790428860,ETHUSDT_PERP.3,0,2.68617
1790428920,ADAUSDT_PERP.3,244.03199999999998,0
1790428920,ADAUSDT_PERP.A,185.8202,0
1790428920,LINKUSDT_PERP.3,162.0168,0
1790428920,LTCUSDT_PERP.3,382.501,0
1790428920,LTCUSDT_PERP.A,2256.85206,0
1790428920,SOLUSDT_PERP.3,21836.4327,0
1790428980,BNBUSDT_PERP.3,1489.7669999999998,0
1790428980,DOGEUSDT_PERP.A,2426.5,0
1790428980,ETHUSDT_PERP.A,40.266749999999995,0
1790428980,LTCUSDT_PERP.A,1982.9568,0
1790428980,SOLUSDT_PERP.3,277.35699999999997,0
1790428980,SOLUSDT_PERP.A,114.5795,0
1790429040,LTCUSDT_PERP.A,203.7484,0
1790429040,SOLUSDT.6,15712.877000000002,0
1790429040,XRPUSDT_PERP.A,45440.163100000005,0
1790429100,SOLUSDT.6,96.464,0
1790429100,SOLUSDT_PERP.3,36836.938,0
1790429100,SOLUSDT_PERP.A,374.8483,0
1790429160,BTCUSDT.6,83.9075,0
1790429160,BTCUSDT_PERP.A,2517.39,0
1790429160,DOGEUSDT_PERP.A,27525.930379999998,0
1790429160,ETHUSDT_PERP.A,493.73088,0
1790429160,SOLUSDT_PERP.3,772.0845,0
1790429160,XRPUSDT_PERP.A,11953.3024,0
1790429220,BTCUSDT.6,47632.366400000006,0
1790429220,BTCUSDT_PERP.A,3103.301,0
1790429220,DOGEUSDT_PERP.3,6.7823,0
1790429220,ETHUSDT_PERP.3,1351.98,0
1790429220,LTCUSDT.6,7.2170000000000005,0
1790429220,SOLUSDT_PERP.3,3327.0408,0
1790429220,SOLUSDT_PERP.A,2020.0319999999995,0
1790429220,XRPUSDT.6,85.89594,0
1790429220,XRPUSDT_PERP.A,77.44968,0
1790429280,ADAUSDT_PERP.A,853.3579000000001,0
1790429280,BTCUSDT.6,22968.981599999996,0
1790429280,BTCUSDT_PERP.A,2850.2098,0
1790429280,DOGEUSDT_PERP.3,38.724,0
1790429280,DOGEUSDT_PERP.A,2090.32152,0
1790429280,ETHUSDT_PERP.A,142.10730999999998,0
1790429280,XRPUSDT_PERP.A,12328.96113,0
1790429340,ADAUSDT.6,2242.9085,0
1790429340,BTCUSDT_PERP.A,21310.5746,0
1790429340,ETHUSDT_PERP.A,39362.26791,0
1790430120,LTCUSDT_PERP.A,123.5143,0
1790430300,ETHUSDT_PERP.A,18.78275,0
1790430360,LTCUSDT_PERP.3,14350.368,0
1790430360,LTCUSDT_PERP.A,337.5074,0
1790430480,BTCUSDT.6,251.775,0
1790430900,LINKUSDT_PERP.A,0,302.96387000000004
1790431320,BTCUSDT_PERP.A,2433.0333,0
1790431320,LTCUSDT_PERP.3,28.776,0
1790431320,LTCUSDT_PERP.A,430.41702,0
1790431500,LINKUSDT_PERP.A,0,49.324650000000005
1790431800,LINKUSDT.6,0,486.465
1790431800,LINKUSDT_PERP.A,0,3010.28754
1790431860,LINKUSDT.6,0,11844.366699999999
1790431860,LINKUSDT_PERP.A,0,3221.5124100000003
1790431920,BTCUSDT_PERP.3,0,3406.8190799999998
1790431980,LINKUSDT.6,0,5565.936599999999
1790431980,LINKUSDT_PERP.3,0,985.2275000000002
1790431980,LINKUSDT_PERP.A,0,53600.66856
1790431980,SOLUSDT_PERP.3,0,6.0425
1790432040,BTCUSDT_PERP.A,0,2013.9840000000002
1790432040,ETHUSDT_PERP.3,0,18.809
1790432040,ETHUSDT_PERP.A,0,983.32854
1790432040,LINKUSDT.6,0,654.4037999999999
1790432040,LINKUSDT_PERP.A,0,21261.884400000003
1790432040,SOLUSDT_PERP.A,0,16160.634299999998
1790432040,XRPUSDT.6,0,20.684240000000003
1790432100,LINKUSDT.6,0,56.4057
1790432100,LINKUSDT_PERP.3,0,743.501
1790432100,LINKUSDT_PERP.A,0,22464.00035
1790432100,SOLUSDT_PERP.A,79.8798,933.1413
1790432100,XRPUSDT.6,0,120.79554
1790432160,SOLUSDT_PERP.3,0,111.274
1790432340,BTCUSDT_PERP.A,0,2265.9804
1790432340,ETHUSDT_PERP.A,0,1904.28183
1790432400,ADAUSDT.6,113.99759999999999,0
1790432460,BTCUSDT_PERP.A,0,3860.8536000000004
1790432460,ETHUSDT_PERP.A,0,5864.5421799999995
1790432640,BTCUSDT_PERP.A,4448.380099999999,0
1790432640,ETHUSDT_PERP.3,0,233.69244
1790432700,AVAXUSDT_PERP.A,43.416,0
1790432700,BTCUSDT_PERP.A,1678.652,83.93260000000001
1790432700,DOGEUSDT_PERP.A,0,286.46015
1790432700,ETHUSDT_PERP.A,1079.9086800000002,0
1790432700,SOLUSDT_PERP.A,293.8356,0
1790433120,XRPUSDT_PERP.A,0,330.34237999999993
1790433180,ETHUSDT_PERP.A,0,3118.5672
1790433420,BNBUSDT_PERP.A,0,177.9832
1790433420,BTCUSDT_PERP.A,587.7235000000001,167.921
1790433420,ETHUSDT_PERP.A,0,107.5008
1790433420,SOLUSDT_PERP.A,0,192.1833
1790433540,AVAXUSDT_PERP.A,0,603.955
1790433600,ADAUSDT_PERP.A,0,210.5044
1790433600,AVAXUSDT.6,0,1440.9098
1790433600,AVAXUSDT_PERP.3,0,199.643
1790433600,AVAXUSDT_PERP.A,0,1335.114
1790433660,AVAXUSDT.6,0,1657.8
1790433660,AVAXUSDT_PERP.A,0,3469.386
1790433660,BTCUSDT.6,0,1679.6260000000002
1790433660,BTCUSDT_PERP.A,0,2687.5776
1790433660,DOGEUSDT_PERP.A,0,10275.60456
1790433660,ETHUSDT_PERP.A,0,2501.9880200000002
1790433660,LTCUSDT_PERP.A,0,1110.9977999999999
1790433660,SOLUSDT.6,0,1209.8
1790433660,SOLUSDT_PERP.A,0,1411.0197
1790433660,XRPUSDT.6,0,309.06
1790433720,DOGEUSDT_PERP.A,0,20.4918
1790433720,LINKUSDT_PERP.A,0,20.211799999999997
1790434200,AVAXUSDT_PERP.A,0,309.40000000000003
1790434200,DOGEUSDT.6,0,9.865680000000001
1790434200,XRPUSDT_PERP.3,0,1.546
1790434260,DOGEUSDT_PERP.A,0,403.02768000000003
1790434260,LTCUSDT_PERP.A,0,81.2166
1790434320,BTCUSDT_PERP.A,0,83.9999
1790434380,AVAXUSDT.6,0,39.7368
1790434380,LINKUSDT.6,0,10.0821
1790434560,DOGEUSDT_PERP.A,0,5415.77361
1790434620,BTCUSDT_PERP.3,8398.33,1276.54616
1790434620,ETHUSDT_PERP.A,0,247.2822
1790434680,LINKUSDT.6,110.2948,0
1790434680,LINKUSDT_PERP.A,111.46406,0
1790434740,LINKUSDT_PERP.A,59.428000000000004,0
1790434800,DOGEUSDT_PERP.A,0,59.95753
1790434860,SOLUSDT_PERP.A,0,1482.7068
1790434920,ETHUSDT_PERP.3,0,935.2917600000001
1790434920,SOLUSDT.6,0,398.83799999999997
1790434980,AVAXUSDT_PERP.3,0,847.5435
1790434980,AVAXUSDT_PERP.A,0,2105.2
1790435100,ETHUSDT_PERP.A,0,34.95297
1790435160,DOGEUSDT.6,0,53.54036
1790435160,DOGEUSDT_PERP.A,0,1975.7078
1790435160,XRPUSDT_PERP.A,0,3076.5184799999997
1790435220,BTCUSDT_PERP.A,839.8610000000001,0
1790435220,DOGEUSDT_PERP.A,0,978.2
1790435220,ETHUSDT_PERP.A,0,2687.58
1790435220,SOLUSDT_PERP.A,0,1208.9
1790435280,BNBUSDT_PERP.A,0,395.03580000000005
1790435280,BTCUSDT_PERP.A,419.908,0
1790435280,ETHUSDT_PERP.A,0,99.44415999999998
1790435340,DOGEUSDT_PERP.3,0,615.791
1790435340,XRPUSDT_PERP.A,0,111.03869999999999
1790435400,SOLUSDT_PERP.A,18.137999999999998,0
1790435580,BTCUSDT_PERP.A,0,8818.068000000001
1790435580,SOLUSDT_PERP.A,0,914.76
1790435580,XRPUSDT_PERP.A,0,1102.48776
1790435640,ADAUSDT_PERP.A,0,27.3268
1790435640,DOGEUSDT_PERP.3,0,2462.7400000000002
1790435640,DOGEUSDT_PERP.A,0,117.02394
1790435640,XRPUSDT.6,0,2169.33784
1790435640,XRPUSDT_PERP.3,0,792.6784
1790435640,XRPUSDT_PERP.A,0,391.20486999999997
1790435700,ADAUSDT_PERP.3,0,12327.865
1790435700,ADAUSDT_PERP.A,0,12976.589600000001
1790435700,DOGEUSDT.6,0,104.17157999999999
1790435700,DOGEUSDT_PERP.3,0,799.189
1790435700,DOGEUSDT_PERP.A,0,350.04752
1790435700,XRPUSDT_PERP.A,0,3337.38786
1790435760,ADAUSDT_PERP.A,0,2215.5867999999996
1790435760,AVAXUSDT_PERP.A,0,55.315000000000005
1790435760,BTCUSDT_PERP.A,0,2771.9835000000003
1790435760,DOGEUSDT_PERP.A,0,696.97344
1790435760,ETHUSDT_PERP.A,0,153.27072
1790435760,LINKUSDT_PERP.A,0,631.09431
1790435760,SOLUSDT_PERP.A,0,1484.4407999999999
1790435760,XRPUSDT.6,0,1043.5411199999999
1790435760,XRPUSDT_PERP.A,0,2285.6970499999998
1790435820,ADAUSDT_PERP.A,0,1885.52
1790435820,AVAXUSDT_PERP.A,0,1727.6999999999998
1790435820,DOGEUSDT_PERP.A,0,1404.19532
1790435820,LINKUSDT_PERP.A,0,1726.40208
1790435820,LTCUSDT_PERP.A,0,1606.3546800000001
1790435820,SOLUSDT_PERP.A,0,53395.9839
1790435820,XRPUSDT_PERP.A,0,1435.42645
1790435940,DOGEUSDT_PERP.3,0,114.8823
1790435940,DOGEUSDT_PERP.A,0,942.3249500000001
1790436000,DOGEUSDT.6,0,84.91057
1790436000,DOGEUSDT_PERP.3,0,18813.1519
1790436000,DOGEUSDT_PERP.A,0,2991.6552
1790436060,BTCUSDT.6,84,0
1790436180,ADAUSDT_PERP.A,0,649.0455
1790436180,BTCUSDT_PERP.A,8061.945600000001,0
1790436180,ETHUSDT_PERP.3,0,1021.5540000000001
1790436180,LTCUSDT_PERP.3,0,437.28
1790436240,SOLUSDT_PERP.A,0,1003.4531999999999
1790436300,AVAXUSDT.6,0,243.0681
1790436300,AVAXUSDT_PERP.A,0,366.46500000000003
1790436300,SOLUSDT_PERP.A,0,8748.4178
1790436360,AVAXUSDT.6,0,2563.4069999999997
1790436360,AVAXUSDT_PERP.A,0,2264.6040000000003
1790436360,BTCUSDT_PERP.A,0,84.0099
1790436360,LINKUSDT.6,0,244.46
1790436360,LINKUSDT_PERP.A,0,454.9832
1790436360,LTCUSDT_PERP.A,0,475.18224
1790436360,SOLUSDT.6,0,12.136000000000001
1790436420,ADAUSDT_PERP.3,0,26.029999999999998
1790436420,ADAUSDT_PERP.A,0,163.926
1790436420,SOLUSDT_PERP.A,0,7117.1775
1790436480,ETHUSDT_PERP.A,0,551.4377
1790436480,SOLUSDT_PERP.3,0,841.302
1790436480,SOLUSDT_PERP.A,0,21.8538
1790436540,SOLUSDT.6,0,8908.149
1790436540,SOLUSDT_PERP.3,0,6286.7696
1790436540,SOLUSDT_PERP.A,0,51036.1776
1790436600,ADAUSDT_PERP.3,0,91.10499999999999
1790436600,ADAUSDT_PERP.A,0,1163.0203999999999
1790436600,BTCUSDT_PERP.A,0,15464.923999999999
1790436600,DOGEUSDT.6,0,165.95298
1790436600,DOGEUSDT_PERP.3,0,5047.4489
1790436600,DOGEUSDT_PERP.A,0,349.32807
1790436600,ETHUSDT_PERP.A,0,4305.824
1790436600,SOLUSDT.6,0,3452.304
1790436600,SOLUSDT_PERP.A,0,4950.3174
1790436600,XRPUSDT_PERP.3,0,1092.327
1790436600,XRPUSDT_PERP.A,0,106.43691
1790436660,AVAXUSDT_PERP.A,0,4436
1790436660,BTCUSDT_PERP.A,0,12107.505599999999
1790436660,DOGEUSDT_PERP.A,0,984.3000000000001
1790436660,ETHUSDT.6,0,53.83520000000001
1790436660,ETHUSDT_PERP.A,0,2901.5340200000005
1790436660,LINKUSDT_PERP.A,0,2874.6
1790436660,LTCUSDT_PERP.A,0,730.1
1790436660,SOLUSDT_PERP.A,0,2827.8718
1790436660,XRPUSDT.6,0,1826.40216
1790436720,BTCUSDT_PERP.A,0,28936.6608
1790436720,ETHUSDT_PERP.A,40.40445,332159.59618999995
1790436720,LTCUSDT_PERP.A,0,49.859
1790436720,SOLUSDT_PERP.A,0,175.0896
1790436720,XRPUSDT.6,0,605.97448
1790436720,XRPUSDT_PERP.A,0,31.322119999999998
1790436780,BTCUSDT_PERP.A,0,21279.2481
1790436780,DOGEUSDT_PERP.3,0,53.1738
1790436780,DOGEUSDT_PERP.A,0,45.69936
1790436780,ETHUSDT_PERP.3,0,46135.91373000001
1790436780,ETHUSDT_PERP.A,0,32671.69444
1790436840,DOGEUSDT.6,0,28.20818
1790436840,DOGEUSDT_PERP.A,0,1818.03384
1790436840,SOLUSDT.6,0,1583.27
1790436840,SOLUSDT_PERP.3,0,4370.246999999999
1790436840,SOLUSDT_PERP.A,0,7661.6862
1790436840,XRPUSDT_PERP.A,0,1436.2259999999999
1790436900,ADAUSDT_PERP.3,0,57398.00000000001
1790436900,AVAXUSDT_PERP.3,0,7231.959
1790436900,BNBUSDT_PERP.A,0,29310.305699999997
1790436900,BTCUSDT_PERP.3,0,107921.41269
1790436900,BTCUSDT_PERP.A,0,60983.52
1790436900,DOGEUSDT_PERP.A,0,156.30912
1790436900,ETHUSDT_PERP.3,83103.50412000001,0
1790436900,ETHUSDT_PERP.A,0,60559.32847999999
1790436900,LINKUSDT_PERP.3,0,240.12929999999997
1790436900,LINKUSDT_PERP.A,0,786.8188799999999
1790436900,LTCUSDT_PERP.A,0,78.90480000000001
1790436900,SOLUSDT.6,0,262731.261
1790436900,SOLUSDT_PERP.3,0,45135.23610000002
1790436900,SOLUSDT_PERP.A,0,86308.40659999999
1790436900,XRPUSDT.6,0,2104.95595
1790436900,XRPUSDT_PERP.3,75418.7324,2054.8835999999997
1790436900,XRPUSDT_PERP.A,0,625.8187
1790436960,BTCUSDT.6,0,757.3130999999998
1790436960,BTCUSDT_PERP.A,0,430889.6457
1790436960,ETHUSDT.6,0,646.6608000000001
1790436960,ETHUSDT_PERP.A,0,17878.671
1790436960,XRPUSDT_PERP.A,0,810.5094
1790437020,BTCUSDT_PERP.A,0,9756.470000000001
1790437020,SOLUSDT_PERP.A,0,10352.375999999998
1790437200,ADAUSDT_PERP.3,0,135.04399999999998
1790437200,AVAXUSDT_PERP.3,94.9956,0
1790437200,AVAXUSDT_PERP.A,11.049,0
1790437200,DOGEUSDT_PERP.3,0,48.2356
1790437200,ETHUSDT_PERP.3,0,3018.22488
1790437260,BTCUSDT_PERP.A,0,3026.4911999999995
1790437560,LINKUSDT_PERP.A,514.72044,0
1790437620,LINKUSDT_PERP.3,243.65790000000004,0
1790437740,ETHUSDT_PERP.3,99.46562,0
1790437800,LINKUSDT_PERP.3,1186.8654000000001,0
1790437920,LINKUSDT.6,907.1904,0
1790437920,LINKUSDT_PERP.A,26.10312,0
1790437980,LTCUSDT_PERP.A,0,197.79455999999996
1790438040,BTCUSDT_PERP.3,8.4106,0
1790438040,ETHUSDT_PERP.3,16.14834,0
1790438100,SOLUSDT_PERP.A,0,32.896800000000006
1790438220,ETHUSDT_PERP.A,4691.8248300000005,0
1790438280,AVAXUSDT_PERP.A,1129.601,0
1790438400,BTCUSDT_PERP.A,0,84.0922
1790438460,BTCUSDT_PERP.3,0,151.32672
1790438520,AVAXUSDT_PERP.3,14.236300000000002,0
1790438580,AVAXUSDT_PERP.A,985.59,0
1790438580,BTCUSDT_PERP.A,0,84.0938
1790438820,BTCUSDT_PERP.A,0,84.10289999999999
1790439000,BTCUSDT_PERP.A,84.0842,0
1790439480,ETHUSDT_PERP.A,29.59528,0
1790439540,LTCUSDT_PERP.A,0,2219.6744
1790439600,XRPUSDT_PERP.A,335.46292,0
1790439720,LTCUSDT_PERP.3,0,322.34400000000005
1790439900,SOLUSDT_PERP.A,0,6.074000000000001
1790439960,BTCUSDT_PERP.A,0,1008.8436
1790440020,SOLUSDT_PERP.3,6958.3416,0
1790440080,DOGEUSDT.6,4094.42463,0
1790440080,LINKUSDT_PERP.A,0,65.4424
1790440080,XRPUSDT_PERP.A,10.8136,0
1790440140,BTCUSDT_PERP.A,0,84.0745
1790440140,LINKUSDT_PERP.A,0,1403.20768
1790440200,ADAUSDT_PERP.A,192.657,0
1790440200,BNBUSDT_PERP.A,0,1223.2992000000002
1790440200,BTCUSDT_PERP.A,0,2774.6334
1790440200,LTCUSDT_PERP.A,0,768.9820000000001
1790440200,SOLUSDT_PERP.A,0,765.702
1790440320,AVAXUSDT_PERP.A,0,1865.0839999999998
1790440320,SOLUSDT_PERP.A,0,1.2167000000000001
1790440380,ADAUSDT_PERP.A,0,61.2184
1790440380,BTCUSDT_PERP.A,0,2692.1536
1790440380,DOGEUSDT_PERP.A,316.4183,0
1790440380,ETHUSDT_PERP.A,0,3196.3298600000003
1790440380,SOLUSDT_PERP.A,0,25.5549
1790440440,BTCUSDT.6,0,420.5945
1790440440,BTCUSDT_PERP.A,0,5131.6921
1790440440,ETHUSDT_PERP.A,29.622999999999998,1909.337
1790440440,LINKUSDT.6,0,25.8066
1790440440,XRPUSDT_PERP.A,1362.24,0
1790440500,ADAUSDT_PERP.A,3200.062,0
1790440500,BTCUSDT_PERP.A,2271.0753,0
1790440500,DOGEUSDT_PERP.A,50.1534,0
1790440500,ETHUSDT_PERP.A,1007.0398799999999,0
1790440740,BTCUSDT_PERP.A,1934.53,0
1790440800,AVAXUSDT_PERP.A,10065.825,0
1790440800,BTCUSDT.6,925.3188999999999,0
1790440800,BTCUSDT_PERP.A,504.68580000000003,6224.4582
1790440800,DOGEUSDT_PERP.A,0,7.96635
1790440800,ETHUSDT_PERP.A,2118.83223,8114.562059999999
1790440800,LINKUSDT_PERP.A,25.24368,0
1790440800,LTCUSDT_PERP.A,0,1199.80865
1790440800,SOLUSDT_PERP.A,6.0760000000000005,0
1790440980,BNBUSDT_PERP.A,5165.5815,0
1790440980,BTCUSDT_PERP.A,8074.4544,0
1790440980,DOGEUSDT_PERP.A,0,1765.30134
1790441160,ETHUSDT_PERP.A,29.600559999999998,0
1790441220,BTCUSDT_PERP.A,0,84.1161
1790441220,LINKUSDT_PERP.A,0,30.93984
1790441400,BTCUSDT.6,588.6202000000001,0
1790441640,BTCUSDT.6,588.7336,0
1790441640,ETHUSDT.6,0,2797.8704000000002
1790441700,BTCUSDT.6,0,252.2406
1790441940,BNBUSDT_PERP.A,0,6198.24
1790442000,SOLUSDT_PERP.A,1215.2,0
1790442000,XRPUSDT_PERP.A,1854.12,0
1790442060,ETHUSDT_PERP.A,0,40.36365
1790442060,SOLUSDT_PERP.A,0,59.5595
1790442180,ADAUSDT.6,3293.198,0
1790442180,DOGEUSDT_PERP.A,21.69336,0
1790442180,ETHUSDT_PERP.A,0,392.594
1790442180,LTCUSDT_PERP.A,149.00907999999998,0
1790442180,XRPUSDT_PERP.3,4376.4798,0
1790442180,XRPUSDT_PERP.A,1420.4583,0
1790442240,AVAXUSDT_PERP.A,1613.6190000000001,0
1790442240,SOLUSDT.6,1080.727,0
1790442240,XRPUSDT.6,401.024,0
1790442300,ADAUSDT_PERP.3,1541.4,0
1790442300,SOLUSDT_PERP.3,19859.175199999998,0
1790442300,SOLUSDT_PERP.A,48.512,0
1790442300,XRPUSDT_PERP.3,203.478,0
1790442300,XRPUSDT_PERP.A,889.7538000000001,0
1790442360,ETHUSDT_PERP.3,13437.550000000001,0
1790442360,ETHUSDT_PERP.A,607.40664,0
1790442360,LTCUSDT.6,72.4,0
1790442360,SOLUSDT_PERP.3,2682.7136,0
1790442360,XRPUSDT.6,13424.012619999998,0
1790442360,XRPUSDT_PERP.3,476.0763,0
1790442360,XRPUSDT_PERP.A,16.02536,0
1790442420,ADAUSDT_PERP.A,9.4979,0
1790442420,BTCUSDT.6,12605.07,0
1790442420,ETHUSDT_PERP.A,97654.33684000002,0
1790442420,SOLUSDT.6,2337.23,0
1790442420,SOLUSDT_PERP.3,1142.5231999999999,0
1790442420,XRPUSDT.6,17390.75574,0
1790442420,XRPUSDT_PERP.3,7962.281599999999,0
1790442420,XRPUSDT_PERP.A,1668.2022,0
1790442480,ADAUSDT_PERP.A,5.392799999999999,0
1790442480,SOLUSDT_PERP.A,290.664,0
1790442600,BTCUSDT_PERP.A,420.111,0
1790442660,AVAXUSDT.6,992.7163999999999,0
1790442660,SOLUSDT_PERP.A,576.1028,0
1790442900,SOLUSDT_PERP.A,13.3089,0
1790442900,XRPUSDT.6,1488.27019,0
1790442960,ADAUSDT_PERP.A,48371.3997,0
1790442960,AVAXUSDT_PERP.3,4.3656,0
1790442960,DOGEUSDT.6,535.95578,0
1790442960,XRPUSDT.6,9720.21004,0
1790442960,XRPUSDT_PERP.3,15652.226,0
1790442960,XRPUSDT_PERP.A,25493.972980000002,0
1790443020,AVAXUSDT.6,685.566,0
1790443020,AVAXUSDT_PERP.3,670.4544000000001,0
1790443020,AVAXUSDT_PERP.A,32.655,0
1790443020,BTCUSDT_PERP.A,0,84.0218
1790443020,XRPUSDT.6,19.683840000000004,0
1790443020,XRPUSDT_PERP.A,7045.58763,0
1790443080,XRPUSDT_PERP.A,549.46977,0
1790443140,AVAXUSDT.6,9899.837000000001,0
1790443140,AVAXUSDT_PERP.3,18815.7684,0
1790443140,AVAXUSDT_PERP.A,12360.327000000001,0
1790443140,ETHUSDT_PERP.A,373.40543,0
1790443140,SOLUSDT_PERP.A,263.8018,0
1790443140,XRPUSDT_PERP.3,581.4018,0
1790443140,XRPUSDT_PERP.A,2717.3841199999997,0
1790443260,XRPUSDT_PERP.A,5.83946,0
1790443320,BTCUSDT_PERP.A,11764.088000000002,0
1790443320,DOGEUSDT.6,34.15663,0
1790443320,DOGEUSDT_PERP.3,253.4574,0
1790443320,SOLUSDT_PERP.A,36.312,0
1790443320,XRPUSDT_PERP.3,1533.926,0
1790443320,XRPUSDT_PERP.A,10061.54918,0
1790443620,BTCUSDT.6,0,2016.7895999999998
1790443620,BTCUSDT_PERP.A,0,1260.447
1790443680,AVAXUSDT.6,0,28.3244
1790443680,SOLUSDT.6,133.43,0
1790443740,BTCUSDT.6,84.0247,0
1790443740,ETHUSDT.6,26.869600000000002,0
1790443860,DOGEUSDT_PERP.A,23.085520000000002,0
1790443860,LTCUSDT_PERP.A,52.25114,0
1790443860,XRPUSDT.6,3267.50889,0
1790443860,XRPUSDT_PERP.3,134122.2727,0
1790443860,XRPUSDT_PERP.A,6479.4642,0
1790443980,LTCUSDT_PERP.3,13778.074999999999,0
1790443980,LTCUSDT_PERP.A,166.77608,0
1790443980,XRPUSDT_PERP.A,152.60882,0
1790444040,DOGEUSDT_PERP.3,4282.5894,0
1790444040,DOGEUSDT_PERP.A,1337.82389,0
1790444040,LTCUSDT_PERP.A,32.8328,0
1790444040,XRPUSDT.6,1296.19872,0
1790444040,XRPUSDT_PERP.3,352.705,0
1790444040,XRPUSDT_PERP.A,13147.18314,0
1790444100,DOGEUSDT_PERP.A,10072.57112,0
1790444280,LTCUSDT.6,519.192,0
1790444400,LTCUSDT_PERP.3,144.1,0
1790444400,LTCUSDT_PERP.A,57.648,0
1790444940,ETHUSDT_PERP.A,40.326,0
1790444940,XRPUSDT_PERP.A,82.38654000000001,0
1790445000,AVAXUSDT_PERP.3,11.940500000000002,0
1790445060,XRPUSDT.6,37.726560000000006,0
1790445240,LTCUSDT_PERP.3,28.748000000000005,0
1790445240,LTCUSDT_PERP.A,402.472,0
1790445480,BTCUSDT_PERP.A,84.0937,0
1790445780,SOLUSDT_PERP.A,0,115.4725
1790446080,DOGEUSDT_PERP.A,410.26836,0
1790446140,XRPUSDT.6,0,14.87495
1790446140,XRPUSDT_PERP.A,29.134600000000002,0
1790446200,XRPUSDT_PERP.A,1387.59345,0
1790446260,DOGEUSDT_PERP.3,40.9878,0
1790446500,LINKUSDT.6,39.8608,0
1790446560,LINKUSDT.6,28.39,0
1790446740,ETHUSDT.6,26.8621,0
1790446740,XRPUSDT_PERP.A,5.065829999999999,0
1790446920,XRPUSDT_PERP.A,20.5757,0
1790446980,AVAXUSDT_PERP.A,151.788,0
1790447040,XRPUSDT_PERP.A,10.742899999999999,0
1790447520,ADAUSDT_PERP.A,0,2068.4397000000004
1790447520,BTCUSDT_PERP.A,0,420.1625
1790447520,DOGEUSDT_PERP.A,0,4043.5692799999997
1790447520,ETHUSDT_PERP.A,0,3106.4263199999996
1790447520,SOLUSDT_PERP.3,0,418.41600000000005
1790447520,XRPUSDT_PERP.A,2873.2158900000004,0
1790447580,XRPUSDT.6,4845.61175,0
1790447580,XRPUSDT_PERP.3,11021.833899999998,0
1790447580,XRPUSDT_PERP.A,120939.45838,0
1790447640,ADAUSDT_PERP.A,13.0203,0
1790447640,DOGEUSDT_PERP.3,36.0528,0
1790447640,DOGEUSDT_PERP.A,11.40048,0
1790447640,LTCUSDT_PERP.A,106.91530000000002,0
1790447640,XRPUSDT.6,307.75871,0
1790447640,XRPUSDT_PERP.3,9146.04,0
1790447640,XRPUSDT_PERP.A,409023.66453,0
1790447700,XRPUSDT_PERP.3,6.1252,0
1790447700,XRPUSDT_PERP.A,9.79968,0
1790447760,BTCUSDT_PERP.A,15122.574,0
1790447760,DOGEUSDT.6,1383.35129,0
1790447760,DOGEUSDT_PERP.3,235.56279999999998,0
1790447760,ETHUSDT_PERP.A,2309.7536,0
1790447760,LTCUSDT_PERP.A,2158.2,0
1790447760,XRPUSDT.6,29233.463490000006,0
1790447760,XRPUSDT_PERP.3,10502.0972,0
1790447760,XRPUSDT_PERP.A,225592.80908,0
1790447880,ADAUSDT.6,8750.2072,0
1790447880,ADAUSDT_PERP.A,230.6104,0
1790447880,BNBUSDT_PERP.A,4979.529,0
1790447880,BTCUSDT.6,1932.0023,0
1790447880,DOGEUSDT_PERP.3,362.8171,0
1790447880,DOGEUSDT_PERP.A,2819.07914,0
1790447880,ETHUSDT_PERP.A,647.1476600000001,134.263
1790447880,XRPUSDT.6,9530.59019,0
1790447880,XRPUSDT_PERP.3,2960.9955,0
1790447880,XRPUSDT_PERP.A,142337.81972,0
1790447940,ADAUSDT_PERP.A,150.5868,0
1790447940,AVAXUSDT_PERP.A,10859.481,0
1790447940,DOGEUSDT_PERP.A,562.3389199999999,0
1790447940,LTCUSDT_PERP.3,10202.849999999999,0
1790447940,LTCUSDT_PERP.A,814.66127,0
1790447940,SOLUSDT_PERP.A,44.784800000000004,0
1790447940,XRPUSDT.6,20748.51794,0
1790447940,XRPUSDT_PERP.3,2285.7000000000003,0
1790447940,XRPUSDT_PERP.A,47658.2232,0
1790448000,BTCUSDT_PERP.A,2855.5648,0
1790448000,DOGEUSDT_PERP.3,291660,0
1790448000,DOGEUSDT_PERP.A,101.48724,0
1790448000,ETHUSDT_PERP.A,3462.8373,0
1790448000,SOLUSDT_PERP.A,181.59,0
1790448000,XRPUSDT.6,25967.8764,0
1790448000,XRPUSDT_PERP.3,7486.479,0
1790448000,XRPUSDT_PERP.A,97469.41516,0
1790448060,ADAUSDT_PERP.A,1961.4555,0
1790448060,AVAXUSDT_PERP.A,973.44,0
1790448060,BTCUSDT.6,0,671.9288
1790448060,DOGEUSDT_PERP.A,41.897510000000004,0
1790448120,AVAXUSDT_PERP.A,4005.6870000000004,0
1790448120,DOGEUSDT_PERP.3,326.6256,0
1790448240,ADAUSDT_PERP.A,261.9834,0
1790448240,AVAXUSDT_PERP.3,1233.2795,0
1790448240,AVAXUSDT_PERP.A,2650.158,0
1790448240,DOGEUSDT_PERP.3,2331.36,0
1790448240,DOGEUSDT_PERP.A,40458.43307,0
1790448240,ETHUSDT.6,11671.2675,0
1790448240,ETHUSDT_PERP.A,7180.2699600000005,0
1790448240,LINKUSDT.6,4920.5736,0
1790448240,LINKUSDT_PERP.3,396.788,0
1790448240,LINKUSDT_PERP.A,76179.18641,0
1790448240,XRPUSDT_PERP.3,2103.9568,0
1790448300,DOGEUSDT_PERP.3,22.3307,0
1790448300,DOGEUSDT_PERP.A,60.3962,0
1790448300,ETHUSDT.6,19529.6192,0
1790448300,ETHUSDT_PERP.A,1341.375,0
1790448300,LTCUSDT.6,336.802,0
1790448300,LTCUSDT_PERP.3,286.68,0
1790448300,LTCUSDT_PERP.A,0.5734400000000001,0
1790448300,SOLUSDT.6,9789.709,0
1790448300,SOLUSDT_PERP.A,100.4134,0
1790448300,XRPUSDT_PERP.A,980.2324,0
1790448360,BTCUSDT_PERP.A,0,83.9674
1790448360,LTCUSDT_PERP.A,717.2,0
1790448420,DOGEUSDT_PERP.A,3621.1596000000004,0
1790448420,LTCUSDT_PERP.A,74.42460000000001,0
1790448420,SOLUSDT_PERP.A,2833.8585,0
1790448420,XRPUSDT.6,1684.32824,0
1790448480,ETHUSDT_PERP.A,0,72.44532
1790448480,LINKUSDT_PERP.A,0,129.0887
1790448480,SOLUSDT_PERP.3,426.81229999999994,0
1790448480,SOLUSDT_PERP.A,14.5092,0
1790448480,XRPUSDT.6,1910.5810399999998,0
1790448480,XRPUSDT_PERP.3,4816.3736,0
1790448480,XRPUSDT_PERP.A,58724.100560000006,0
1790448600,LINKUSDT.6,3026.0433000000003,0
1790448600,LINKUSDT_PERP.A,345.70893,0
1790448600,SOLUSDT_PERP.3,7021.4313,0
1790448600,SOLUSDT_PERP.A,119.6217,0
1790448600,XRPUSDT_PERP.3,5432.9275,0
1790448600,XRPUSDT_PERP.A,36.480000000000004,0
1790448660,BTCUSDT_PERP.A,343077.7212,0
1790448660,DOGEUSDT_PERP.3,291210,0
1790448660,DOGEUSDT_PERP.A,14725.22779,0
1790448660,LINKUSDT_PERP.3,138.65040000000002,0
1790448660,LINKUSDT_PERP.A,479.69086,0
1790448660,LTCUSDT_PERP.A,867.2465800000001,0
1790448660,SOLUSDT_PERP.A,12217.5396,0
1790448660,XRPUSDT.6,10437.980440000001,0
1790448660,XRPUSDT_PERP.3,1062019.5676,0
1790448660,XRPUSDT_PERP.A,305853.31725,0
1790448960,XRPUSDT_PERP.3,7856.9402,0
1790449020,BTCUSDT_PERP.A,3946.6322999999998,0
1790449140,ETHUSDT_PERP.A,0,397.20832
1790449560,XRPUSDT_PERP.A,0,79.31039999999999
1790450940,ETHUSDT_PERP.A,641.05536,0
1790451000,ETHUSDT_PERP.A,324.56556,0
1790451060,ADAUSDT_PERP.A,8984.136,0
1790451120,AVAXUSDT_PERP.A,161.415,0
1790451120,BTCUSDT_PERP.A,47538.28339999999,0
1790451120,ETHUSDT_PERP.A,47842.76466000001,0
1790451180,AVAXUSDT_PERP.3,2862.426,0
1790451420,ADAUSDT_PERP.A,49.0799,0
1790451480,ADAUSDT_PERP.A,2974.6483999999996,0
1790451480,AVAXUSDT.6,2134.4354,0
1790451480,AVAXUSDT_PERP.3,269.6744,0
1790451480,AVAXUSDT_PERP.A,32796.792,0
1790451480,DOGEUSDT_PERP.3,498.22020000000003,0
1790451480,DOGEUSDT_PERP.A,1245.8433,0
1790451720,ETHUSDT_PERP.A,1115.57888,0
1790452320,LINKUSDT_PERP.3,274.0832,0
1790452320,LINKUSDT_PERP.A,2566.6942,0
1790452440,LINKUSDT_PERP.3,1027.0329000000002,0
1790453100,XRPUSDT_PERP.A,0,300.11498
1790453160,DOGEUSDT_PERP.A,9.49424,0
1790453220,DOGEUSDT_PERP.3,526.864,0
1790453220,DOGEUSDT_PERP.A,49.86745,0
1790453280,ADAUSDT_PERP.A,223.08,0
1790453280,AVAXUSDT.6,14757.614200000002,0
1790453280,DOGEUSDT.6,1568.73847,0
1790453280,DOGEUSDT_PERP.3,3102.1256,0
1790453280,DOGEUSDT_PERP.A,189.55284,0
1790453340,ADAUSDT_PERP.3,5961.36,0
1790453340,ADAUSDT_PERP.A,12409.338899999999,0
1790453340,AVAXUSDT.6,70.4616,0
1790453340,AVAXUSDT_PERP.3,282.96700000000004,0
1790453340,AVAXUSDT_PERP.A,7154.26,0
1790453340,BNBUSDT_PERP.A,7.702500000000001,0
1790453340,BTCUSDT_PERP.A,2602.4841,0
1790453340,DOGEUSDT.6,8305.406280000001,0
1790453340,DOGEUSDT_PERP.3,6767.6256,0
1790453340,DOGEUSDT_PERP.A,30342.145360000002,0
1790453340,ETHUSDT.6,49748.409600000006,0
1790453340,ETHUSDT_PERP.3,30566.027159999998,0
1790453340,ETHUSDT_PERP.A,35952.74172,0
1790453340,LINKUSDT_PERP.3,1312.7369999999999,0
1790453340,LINKUSDT_PERP.A,32.46936,0
1790453340,LTCUSDT.6,16945.612,0
1790453340,LTCUSDT_PERP.3,1949.493,0
1790453340,LTCUSDT_PERP.A,2534.55296,0
1790453340,SOLUSDT.6,749.022,0
1790453340,SOLUSDT_PERP.3,1537.1475,0
1790453340,SOLUSDT_PERP.A,37317.2552,379.1864
1790453340,XRPUSDT.6,63781.68215999998,0
1790453340,XRPUSDT_PERP.3,15945.4108,0
1790453340,XRPUSDT_PERP.A,336103.264,0
1790453400,ETHUSDT_PERP.A,29.49452,0
1790453700,ETHUSDT_PERP.A,694.3919500000001,0
1790453940,ADAUSDT.6,2896.8500000000004,0
1790453940,ADAUSDT_PERP.A,61.236,0
1790453940,DOGEUSDT_PERP.A,1017.05624,0
1790454000,DOGEUSDT_PERP.A,51646.84008,0
1790454060,ADAUSDT_PERP.3,2158.783,0
1790454060,DOGEUSDT_PERP.A,18110.0896,0
1790454180,ADAUSDT_PERP.A,4618.0827,0
1790454240,BTCUSDT.6,1848.4113999999997,0
1790454300,BTCUSDT_PERP.A,0,26641.1555
1790454300,SOLUSDT_PERP.A,14.5416,0
1790454360,ETHUSDT_PERP.3,201.16350000000003,0
1790454420,ETHUSDT_PERP.A,0,4484.6384
1790454480,SOLUSDT_PERP.A,0,8605.2276
1790454660,LTCUSDT_PERP.A,0,355.9115
1790455080,DOGEUSDT_PERP.A,477.91238,0
1790455080,ETHUSDT_PERP.A,0,22605.550799999997
1790455080,XRPUSDT_PERP.A,9740.3643,0
1790455140,ADAUSDT.6,19996.0332,0
1790455140,ADAUSDT_PERP.3,5048.108,0
1790455140,ADAUSDT_PERP.A,25408.046400000003,0
1790455140,AVAXUSDT.6,3729.6828,0
1790455140,AVAXUSDT_PERP.A,29419.600000000002,0
1790455140,BNBUSDT.6,14480.424,0
1790455140,BNBUSDT_PERP.A,3931.7361999999994,0
1790455140,BTCUSDT_PERP.3,209.88075,0
1790455140,BTCUSDT_PERP.A,49780.7489,0
1790455140,DOGEUSDT.6,9661.95204,0
1790455140,DOGEUSDT_PERP.3,68030.7591,0
1790455140,DOGEUSDT_PERP.A,232151.39836,0
1790455140,ETHUSDT.6,75062.8944,0
1790455140,ETHUSDT_PERP.3,224159.82384,0
1790455140,ETHUSDT_PERP.A,403246.47076,0
1790455140,LINKUSDT.6,74.2795,0
1790455140,LINKUSDT_PERP.3,196.238,0
1790455140,LINKUSDT_PERP.A,7175.2108800000005,0
1790455140,LTCUSDT_PERP.3,49.903,0
1790455140,LTCUSDT_PERP.A,6058.657439999999,0
1790455140,SOLUSDT_PERP.3,91.7776,0
1790455140,SOLUSDT_PERP.A,12451.387,0
1790455140,XRPUSDT.6,69171.72104,0
1790455140,XRPUSDT_PERP.A,39809.57463,0
1790455200,ADAUSDT.6,6174.8946000000005,0
1790455200,ADAUSDT_PERP.3,46034.252,0
1790455200,ADAUSDT_PERP.A,35995.902,0
1790455200,AVAXUSDT.6,3727.2997999999993,0
1790455200,AVAXUSDT_PERP.3,805.3748999999999,0
1790455200,AVAXUSDT_PERP.A,4658.229,0
1790455200,BNBUSDT.6,767.5,0
1790455200,BNBUSDT_PERP.3,92.1,0
1790455200,BNBUSDT_PERP.A,22175.158199999998,0
1790455200,BTCUSDT.6,5537.400000000001,0
1790455200,BTCUSDT_PERP.3,43125.165400000005,0
1790455200,BTCUSDT_PERP.A,42199.8892,1761.8244
1790455200,DOGEUSDT.6,15594.99138,0
1790455200,DOGEUSDT_PERP.3,14556.7038,0
1790455200,DOGEUSDT_PERP.A,684884.61086,0
1790455200,ETHUSDT.6,35979.717,0
1790455200,ETHUSDT_PERP.3,22665.342259999994,0
1790455200,ETHUSDT_PERP.A,236717.313,0
1790455200,LINKUSDT.6,19060.8285,0
1790455200,LINKUSDT_PERP.3,543.3163,0
1790455200,LINKUSDT_PERP.A,10141.438700000002,0
1790455200,LTCUSDT_PERP.3,20676.19,0
1790455200,LTCUSDT_PERP.A,8291.70552,0
1790455200,SOLUSDT.6,16342.351000000002,0
1790455200,SOLUSDT_PERP.3,25255.414200000003,0
1790455200,SOLUSDT_PERP.A,42324.404200000004,0
1790455200,XRPUSDT.6,102064.96175999999,0
1790455200,XRPUSDT_PERP.3,10275.166500000001,0
1790455200,XRPUSDT_PERP.A,218991.60088000004,0
1790455260,ADAUSDT.6,1198.56,0
1790455260,ADAUSDT_PERP.3,2616.856,0
1790455260,ADAUSDT_PERP.A,54231.0489,0
1790455260,AVAXUSDT_PERP.3,603.5568,0
1790455260,AVAXUSDT_PERP.A,456.961,0
1790455260,BNBUSDT_PERP.3,1097.668,0
1790455260,BNBUSDT_PERP.A,6117.419199999999,0
1790455260,BTCUSDT.6,7297.1597999999985,83.8754
1790455260,BTCUSDT_PERP.3,851950.1549999999,0
1790455260,BTCUSDT_PERP.A,6541.7976,5199.8904
1790455260,DOGEUSDT.6,122825.47712,20.413919999999997
1790455260,DOGEUSDT_PERP.3,580398.749,0
1790455260,DOGEUSDT_PERP.A,45155.605950000005,0
1790455260,ETHUSDT.6,368918.4822,0
1790455260,ETHUSDT_PERP.3,53274.85357999999,0
1790455260,ETHUSDT_PERP.A,443410.0208200001,0
1790455260,LINKUSDT_PERP.3,50.3676,0
1790455260,LINKUSDT_PERP.A,1274.6776800000002,0
1790455260,LTCUSDT_PERP.3,256.86,0
1790455260,LTCUSDT_PERP.A,3084.8842799999998,0
1790455260,SOLUSDT.6,8200.12,72.354
1790455260,SOLUSDT_PERP.3,20240.6029,0
1790455260,SOLUSDT_PERP.A,8008.013199999999,0
1790455260,XRPUSDT.6,1693.10939,0
1790455260,XRPUSDT_PERP.3,15928.5051,0
1790455260,XRPUSDT_PERP.A,159639.25284,0
1790455320,ADAUSDT.6,3613.5302,0
1790455320,ADAUSDT_PERP.3,16618.26,0
1790455320,ADAUSDT_PERP.A,7287.792,0
1790455320,AVAXUSDT.6,3837.5620000000004,0
1790455320,AVAXUSDT_PERP.3,56.185300000000005,0
1790455320,BTCUSDT.6,2096.6025000000004,0
1790455320,DOGEUSDT.6,1659.0952,0
1790455320,DOGEUSDT_PERP.3,3858.7128000000002,0
1790455320,DOGEUSDT_PERP.A,1635.12716,0
1790455320,ETHUSDT.6,106.83200000000001,0
1790455320,LINKUSDT_PERP.A,100.75254,0
1790455320,LTCUSDT_PERP.A,35.055,0
1790455320,SOLUSDT_PERP.A,1447.8104999999998,0
1790455320,XRPUSDT.6,56114.111039999996,0
1790455320,XRPUSDT_PERP.3,201339.721,0
1790455320,XRPUSDT_PERP.A,179495.76071000003,0
1790455380,AVAXUSDT.6,17804.3383,0
1790455380,AVAXUSDT_PERP.A,95.139,0
1790455380,BTCUSDT_PERP.A,0,838.4560000000001
1790455380,ETHUSDT_PERP.A,1177.18776,0
1790455380,LINKUSDT_PERP.A,452.22658,0
1790455380,XRPUSDT.6,15531.00741,0
1790455440,ADAUSDT_PERP.3,949.452,0
1790455440,ADAUSDT_PERP.A,9545.9463,0
1790455440,AVAXUSDT_PERP.A,14035.710000000001,0
1790455440,BNBUSDT_PERP.A,3271.9782,0
1790455440,BTCUSDT.6,0,9980.0064
1790455440,BTCUSDT_PERP.A,11320.7085,0
1790455440,DOGEUSDT_PERP.3,5249.538,0
1790455440,DOGEUSDT_PERP.A,3600.5710999999997,0
1790455440,ETHUSDT_PERP.3,3012.2224799999995,0
1790455440,ETHUSDT_PERP.A,129341.0726,0
1790455440,LINKUSDT_PERP.3,20161.822500000002,0
1790455440,LINKUSDT_PERP.A,1996.4684999999997,0
1790455440,LTCUSDT.6,1114.543,0
1790455440,LTCUSDT_PERP.3,284.04,0
1790455440,LTCUSDT_PERP.A,10327.12273,0
1790455440,SOLUSDT.6,277.219,0
1790455440,SOLUSDT_PERP.3,203.57739999999998,0
1790455440,SOLUSDT_PERP.A,94751.9925,0
1790455440,XRPUSDT.6,4737.44425,0
1790455440,XRPUSDT_PERP.A,30381.74028,0
1790455620,ADAUSDT.6,193.5815,0
1790455620,ADAUSDT_PERP.A,24192.469,0
1790455620,AVAXUSDT.6,598.6386,0
1790455620,AVAXUSDT_PERP.3,2955.4640999999997,0
1790455620,AVAXUSDT_PERP.A,9830.429,0
1790455620,BNBUSDT.6,574.95,0
1790455620,BNBUSDT_PERP.3,651.525,0
1790455620,BNBUSDT_PERP.A,4166.3847,0
1790455620,BTCUSDT.6,167.65800000000002,18526.209
1790455620,BTCUSDT_PERP.3,31266.389300000003,0
1790455620,BTCUSDT_PERP.A,395586.6915,0
1790455620,DOGEUSDT_PERP.3,620.8587,0
1790455620,DOGEUSDT_PERP.A,15704.7939,0
1790455620,ETHUSDT.6,94710.8998,0
1790455620,ETHUSDT_PERP.3,41184.79501,0
1790455620,ETHUSDT_PERP.A,387495.85193999996,0
1790455620,LINKUSDT.6,123.6922,0
1790455620,LINKUSDT_PERP.3,4266.523799999999,0
1790455620,LINKUSDT_PERP.A,84030.35343999999,0
1790455620,LTCUSDT_PERP.3,15293.4,0
1790455620,LTCUSDT_PERP.A,2571.3360000000002,0
1790455620,SOLUSDT.6,1503.5,0
1790455620,SOLUSDT_PERP.3,22149.253999999997,0
1790455620,SOLUSDT_PERP.A,6471.567999999999,0
1790455620,XRPUSDT.6,8662.682159999998,0
1790455620,XRPUSDT_PERP.3,58976.716499999995,0
1790455620,XRPUSDT_PERP.A,163588.23684,0
1790455680,BTCUSDT.6,11485.2443,0
1790455680,SOLUSDT_PERP.3,1397.8097,0
1790455740,ADAUSDT.6,1486.8,0
1790455740,ADAUSDT_PERP.3,19836.958000000002,0
1790455740,ADAUSDT_PERP.A,10314.9228,0
1790455740,BNBUSDT_PERP.A,1350.2367999999997,0
1790455740,BTCUSDT.6,24047.156,0
1790455740,BTCUSDT_PERP.3,11849.32,0
1790455740,BTCUSDT_PERP.A,1256.916,0
1790455740,DOGEUSDT.6,11105.460200000001,0
1790455740,DOGEUSDT_PERP.3,313.3725,0
1790455740,DOGEUSDT_PERP.A,6.2865,0
1790455740,ETHUSDT_PERP.A,90.59572,0
1790455740,SOLUSDT.6,52958.466,0
1790455740,SOLUSDT_PERP.3,10064.4,0
1790455740,SOLUSDT_PERP.A,8143.8786,0
1790455740,XRPUSDT.6,59787.560600000004,0
1790455740,XRPUSDT_PERP.3,36186.4649,0
1790455740,XRPUSDT_PERP.A,213142.6618,0
1790455800,ADAUSDT_PERP.A,40.0407,0
1790455800,AVAXUSDT_PERP.A,42.252,0
1790455800,BTCUSDT.6,419.3895,0
1790455800,BTCUSDT_PERP.A,5451.7384999999995,1677.4579999999999
1790455800,DOGEUSDT_PERP.3,51841.3932,0
1790455800,ETHUSDT_PERP.A,5989.550160000001,49907.57972
1790455800,XRPUSDT_PERP.A,0,51.481260000000006
1790455860,BTCUSDT_PERP.A,0,3692.832
1790455980,ETHUSDT_PERP.A,0,34744.06
1790455980,XRPUSDT_PERP.A,0,427.13142999999997
1790456100,BTCUSDT_PERP.A,12265.2556,0
1790456100,ETHUSDT_PERP.A,0,165.85062000000002
1790456100,XRPUSDT_PERP.3,0,47144.16
1790456160,BTCUSDT.6,0,251.9943
1790456160,ETHUSDT_PERP.A,0,1468.98675
1790456160,XRPUSDT.6,558.67704,0
1790456160,XRPUSDT_PERP.3,0,7.564
1790456160,XRPUSDT_PERP.A,0,19.96632
1790456220,ETHUSDT_PERP.3,1337.895,0
1790456220,ETHUSDT_PERP.A,26.755300000000002,0
1790456400,ADAUSDT.6,0,574.668
1790456520,DOGEUSDT_PERP.A,0,112.44167999999999
1790456520,XRPUSDT_PERP.A,0,6.0504
1790456640,BTCUSDT_PERP.A,0,15384.242699999999
1790456640,DOGEUSDT.6,0,794.30868
1790456640,SOLUSDT_PERP.A,0,1308.6185
1790456640,XRPUSDT.6,0,2245.9842399999998
1790456700,DOGEUSDT_PERP.3,0,806.156
1790456820,ETHUSDT_PERP.A,0,2.67713
1790456880,ETHUSDT_PERP.3,0,4165.89436
1790456940,SOLUSDT_PERP.A,0,49.4296
1790457120,ETHUSDT_PERP.A,0,1251.2471099999998
1790457180,BTCUSDT.6,0,1092.9386
1790457180,XRPUSDT_PERP.A,0,72.04325
1790457300,XRPUSDT_PERP.A,201.44432,0
1790457360,BTCUSDT.6,1177.386,0
1790457360,BTCUSDT_PERP.A,0,8157.409000000001
1790457360,SOLUSDT_PERP.A,0,80.936
1790457420,ADAUSDT_PERP.A,8806.272500000001,0
1790457420,BNBUSDT_PERP.A,1488.7055,0
1790457420,BTCUSDT_PERP.3,0,5971.0289999999995
1790457420,BTCUSDT_PERP.A,0,29185.996499999997
1790457420,DOGEUSDT_PERP.3,0,15460.6375
1790457420,LTCUSDT_PERP.A,1218.58737,0
1790457420,SOLUSDT_PERP.3,0,4664.3733
1790457420,SOLUSDT_PERP.A,0,4409.7024
1790457420,XRPUSDT_PERP.A,0,98.18225000000001
1790457480,BTCUSDT_PERP.3,0,2043.63
1790457480,BTCUSDT_PERP.A,0,169650.8785
1790457480,ETHUSDT_PERP.3,0,18380.859900000003
1790457480,ETHUSDT_PERP.A,0,402649.21
1790457480,SOLUSDT_PERP.3,0,2006.6080000000002
1790457480,SOLUSDT_PERP.A,0,62714.80790000001
1790457480,XRPUSDT_PERP.A,0,240.25833999999998
1790457540,BTCUSDT.6,0,84.1095
1790457540,BTCUSDT_PERP.A,0,925.2484999999999
1790457540,DOGEUSDT_PERP.A,0,1500.6588
1790457540,ETHUSDT.6,0,1823.6988000000001
1790457540,ETHUSDT_PERP.3,0,404.97747000000004
1790457540,ETHUSDT_PERP.A,0,42.90832
1790457540,SOLUSDT_PERP.A,0,168.1066
1790457540,XRPUSDT_PERP.A,5.3179,0
1790457720,ADAUSDT_PERP.A,0,422.6882
1790457720,BNBUSDT_PERP.A,0,1944.0792000000001
1790457720,BTCUSDT_PERP.3,0,26065.513
1790457720,BTCUSDT_PERP.A,1849.9382,0
1790457720,ETHUSDT.6,241.3251,4665.6186
1790457720,ETHUSDT_PERP.3,0,5094.241999999999
1790457720,ETHUSDT_PERP.A,0,812.40663
1790457720,SOLUSDT.6,0,6993.222
1790457720,SOLUSDT_PERP.A,0,1043.7122
1790457720,XRPUSDT.6,0,11.543639999999998
1790457780,ADAUSDT_PERP.A,0,69.27250000000001
1790457780,AVAXUSDT.6,0,32.217
1790457780,BTCUSDT.6,0,672.7536
1790457780,BTCUSDT_PERP.A,0,5549.992800000001
1790457780,DOGEUSDT_PERP.3,24185.9789,368.1334
1790457780,ETHUSDT.6,241.2963,0
1790457780,ETHUSDT_PERP.3,4992.07786,0
1790457780,ETHUSDT_PERP.A,0,50192.7459
1790457780,LINKUSDT_PERP.A,0,21.0675
1790457780,SOLUSDT.6,241.98,375.069
1790457780,SOLUSDT_PERP.A,0,37767.847
1790457780,XRPUSDT_PERP.A,45118.6267,0
1790457840,ADAUSDT_PERP.A,0,3059.6904
1790457840,BNBUSDT_PERP.A,7.719,2917.7819999999997
1790457840,BTCUSDT_PERP.3,0,3759.8958
1790457840,BTCUSDT_PERP.A,0,92530.90000000001
1790457840,ETHUSDT_PERP.3,0,6122.503740000001
1790457840,ETHUSDT_PERP.A,0,269900.3776
1790457840,SOLUSDT_PERP.3,122.1898,3342.6774
1790457840,SOLUSDT_PERP.A,0,7555.864400000001
1790457840,XRPUSDT_PERP.3,0,2004.88
1790457900,ETHUSDT_PERP.3,0,2682.02
1790457900,LINKUSDT_PERP.A,0,2479.452
1790457900,SOLUSDT.6,0,872.784
1790457900,SOLUSDT_PERP.3,0,83.59349999999999
1790457900,SOLUSDT_PERP.A,0,2736.2444000000005
1790457900,XRPUSDT_PERP.A,0,20.51865
1790457960,ETHUSDT_PERP.A,0,32.18724
1790457960,LTCUSDT_PERP.A,0,163.62163999999999
1790457960,SOLUSDT.6,0,606.5999999999999
1790457960,SOLUSDT_PERP.3,0,18.1905
1790458020,BNBUSDT_PERP.A,0,115.84499999999998
1790458020,ETHUSDT.6,0,832.3965000000001
1790458020,ETHUSDT_PERP.3,0,15179.039890000004
1790458020,ETHUSDT_PERP.A,0,6707.65458
1790458020,SOLUSDT_PERP.3,0,804.0864
1790458020,XRPUSDT_PERP.A,0,229.1379
1790458080,BTCUSDT_PERP.A,0,191802.71999999997
1790458080,ETHUSDT_PERP.3,0,10.743120000000001
1790458080,ETHUSDT_PERP.A,0,96390.15486000001
1790458080,LTCUSDT_PERP.3,0,14.378
1790458080,SOLUSDT_PERP.A,0,96984.96059999999
1790458080,XRPUSDT.6,0,993.4310400000002
1790458080,XRPUSDT_PERP.A,0,93980.29622999999
1790458140,ADAUSDT_PERP.A,0,191.19240000000002
1790458140,AVAXUSDT_PERP.A,0,64.542
1790458140,BNBUSDT_PERP.A,440.2908,0
1790458140,BTCUSDT.6,0,9175.1731
1790458140,BTCUSDT_PERP.3,0,16522.551369999997
1790458140,BTCUSDT_PERP.A,5134.4432,95029.2848
1790458140,ETHUSDT_PERP.3,5373.1,64420.78245
1790458140,ETHUSDT_PERP.A,0,115398.92778000001
1790458140,LINKUSDT_PERP.3,0,1410.2
1790458140,LINKUSDT_PERP.A,0,3842.65398
1790458140,LTCUSDT_PERP.3,0,1829.816
1790458140,LTCUSDT_PERP.A,0,75.33292
1790458140,SOLUSDT_PERP.3,6073,100674.5502
1790458140,SOLUSDT_PERP.A,0,74374.9631
1790458200,ADAUSDT_PERP.A,3790.4999999999995,0
1790458200,AVAXUSDT_PERP.A,0,139.958
1790458200,BTCUSDT.6,0,90564.76800000001
1790458200,BTCUSDT_PERP.A,0,55384.12320000001
1790458200,ETHUSDT_PERP.3,0,596.1343800000001
1790458200,ETHUSDT_PERP.A,123.533,9785.962
1790458200,SOLUSDT_PERP.3,0,15404.555400000001
1790458200,SOLUSDT_PERP.A,0,32998.3134
1790458200,XRPUSDT_PERP.A,291.46392,2661.093
1790458260,AVAXUSDT_PERP.A,0,86.192
1790458260,BTCUSDT.6,0,8921.1084
1790458320,ADAUSDT_PERP.A,0,624.6378000000001
1790458320,LINKUSDT.6,0,726.0985000000001
1790458440,AVAXUSDT_PERP.A,0,10.8
1790458440,BTCUSDT_PERP.A,0,56012.4845
1790458440,ETHUSDT.6,0,53.8398
1790458440,ETHUSDT_PERP.3,0,5367.82806
1790458440,ETHUSDT_PERP.A,0,77871.885
1790458440,SOLUSDT.6,0,1301.9759999999999
1790458440,SOLUSDT_PERP.3,0,301.6176
1790458440,SOLUSDT_PERP.A,0,1003.6949999999999
1790458440,XRPUSDT.6,0,47.0316
1790458440,XRPUSDT_PERP.A,0,249.68085000000002
1790458500,BTCUSDT_PERP.3,0,17795.20806
1790458500,BTCUSDT_PERP.A,0,4545.6498
1790458500,ETHUSDT.6,0,2285.5395
1790458500,ETHUSDT_PERP.3,0,171496.81595000002
1790458500,ETHUSDT_PERP.A,0,1051.35599
1790458500,SOLUSDT_PERP.3,0,487.05459999999994
1790458500,SOLUSDT_PERP.A,0,1273.1104
1790458500,XRPUSDT.6,318.71873,0
1790458500,XRPUSDT_PERP.A,0,335.47943999999995
1790458920,SOLUSDT_PERP.A,164.95440000000002,0
1790458980,AVAXUSDT.6,145.21949999999998,0
1790458980,BNBUSDT_PERP.A,0,77.23400000000001
1790458980,BTCUSDT_PERP.3,28782.85264,13449.38088
1790458980,BTCUSDT_PERP.A,0,7486.564300000001
1790458980,ETHUSDT_PERP.3,0,9327.436099999999
1790458980,ETHUSDT_PERP.A,7169.590799999999,5370.48
1790458980,LINKUSDT_PERP.3,0,1322.5755
1790458980,LTCUSDT_PERP.3,0,29843.757
1790458980,LTCUSDT_PERP.A,0,5755.2
1790458980,SOLUSDT_PERP.3,0,2887.892
1790458980,SOLUSDT_PERP.A,0,38356.308000000005
1790458980,XRPUSDT_PERP.A,39640.56772000001,0
1790459340,BTCUSDT_PERP.3,0,5181.01584
1790459340,DOGEUSDT.6,12.0225,0
1790459340,ETHUSDT_PERP.3,0,2267.49835
1790459340,ETHUSDT_PERP.A,520.5718400000001,0
1790459760,AVAXUSDT_PERP.A,2118.006,0
1790459820,BNBUSDT_PERP.A,988.6464,0
1790459820,BTCUSDT_PERP.3,0,1160.70834
1790459820,ETHUSDT_PERP.3,0,1294.1025200000001
1790459880,LINKUSDT_PERP.A,312.8795,0
1790459880,XRPUSDT_PERP.3,140.1896,0
1790460300,AVAXUSDT_PERP.A,0,64.638
1790460300,BTCUSDT.6,0,7161.012000000001
1790460300,BTCUSDT_PERP.A,0,135550.205
1790460360,BNBUSDT_PERP.A,0,7441.3586
1790460360,BTCUSDT.6,0,92782.81139999999
1790460360,BTCUSDT_PERP.3,0,32174.8587
1790460360,BTCUSDT_PERP.A,0,594404.2704
1790460360,ETHUSDT_PERP.3,0,7609.331660000002
1790460360,ETHUSDT_PERP.A,0,111832.38408
1790460360,SOLUSDT.6,0,2153.382
1790460360,SOLUSDT_PERP.3,0,30419.3862
1790460360,SOLUSDT_PERP.A,0,14104.439999999999
1790460360,XRPUSDT.6,0,159.70472
1790460780,BTCUSDT_PERP.A,0,5395.3984
1790460780,SOLUSDT_PERP.A,0,60.83
1790461140,ETHUSDT_PERP.A,0,145.10448
1790461140,LINKUSDT_PERP.A,0,140.79000000000002
1790461200,SOLUSDT_PERP.A,25018.2229,0
1790461260,AVAXUSDT_PERP.A,0,21.512
1790461260,SOLUSDT_PERP.A,0,10.9305
1790461680,BTCUSDT.6,0,4384.2136
1790461680,BTCUSDT_PERP.A,0,84.31110000000001
1790461680,ETHUSDT_PERP.A,0,158.64509999999999
1790461740,XRPUSDT_PERP.A,4422.46155,0
1790461800,BTCUSDT_PERP.A,0,4215.5199999999995
1790461800,SOLUSDT_PERP.A,6.072,0
1790461860,SOLUSDT_PERP.A,0,2221.0710000000004
1790461920,LTCUSDT_PERP.A,0,86.9528
1790462160,BTCUSDT_PERP.A,84.23830000000001,12719.9833
1790462160,ETHUSDT_PERP.A,0,2990.2191900000003
1790462160,LINKUSDT_PERP.A,0,108.65288
1790462160,SOLUSDT_PERP.A,0,180.7072
1790462340,BTCUSDT.6,0,1010.8752000000001
1790462340,BTCUSDT_PERP.A,84.2363,0
1790462340,SOLUSDT_PERP.A,6.0605,93.3317
1790462400,AVAXUSDT_PERP.A,150.318,0
1790462400,BTCUSDT_PERP.A,0,84.23639999999999
1790462400,ETHUSDT_PERP.A,0,397.55168
1790462460,BNBUSDT_PERP.A,471.3897,38.6385
1790462460,BTCUSDT_PERP.A,0,2442.6903
1790462460,DOGEUSDT_PERP.A,17.71552,0
1790462460,ETHUSDT_PERP.A,0,69.836
1790462460,LINKUSDT_PERP.A,0,28.094
1790462460,LTCUSDT_PERP.A,0,72.01
1790462460,SOLUSDT_PERP.A,119.9088,1216.0448
1790462580,AVAXUSDT_PERP.A,0,21.484
1790462580,BTCUSDT_PERP.A,337.0552,0
1790462580,ETHUSDT_PERP.A,0,537.322
1790462580,LTCUSDT_PERP.A,0,30.044849999999997
1790462580,SOLUSDT_PERP.A,518.3508,0
1790462580,XRPUSDT_PERP.A,7.9066,0
1790462700,BTCUSDT_PERP.A,1600.56,0
1790463060,BTCUSDT_PERP.A,168.59179999999998,0
1790463060,ETHUSDT_PERP.A,0,419.49024
1790463060,SOLUSDT_PERP.A,0,100.6126
1790463540,ADAUSDT_PERP.A,0,48.4032
1790463540,LINKUSDT_PERP.A,0,49.88815
1790463780,BNBUSDT_PERP.A,0,77.376
1790463780,BTCUSDT_PERP.A,0,421.60900000000004
1790463780,DOGEUSDT_PERP.A,10.229000000000001,0
1790463780,ETHUSDT_PERP.3,0,83.41139
1790463780,ETHUSDT_PERP.A,0,11727.377999999999
1790463780,SOLUSDT_PERP.A,0,1688.3958
1790463780,XRPUSDT.6,0,7.622
1790463840,BTCUSDT_PERP.A,2107.9474999999998,0
1790463840,ETHUSDT_PERP.A,2309.07534,0
1790464020,ETHUSDT.6,430.512,0
1790464020,SOLUSDT_PERP.A,0,84.966
1790464140,AVAXUSDT_PERP.A,0,54.17
1790464260,AVAXUSDT.6,0,361.70459999999997
1790464320,XRPUSDT.6,0,1898.03259
1790464440,BTCUSDT_PERP.A,0,421.63349999999997
1790464500,BTCUSDT_PERP.A,2445.5874000000003,0
1790464500,ETHUSDT_PERP.3,0,7646.444399999999
1790464500,ETHUSDT_PERP.A,0,21983.611
1790464500,XRPUSDT_PERP.A,0,344.72886
1790464560,BNBUSDT_PERP.A,0,7.734299999999999
1790464560,BTCUSDT_PERP.A,84.3211,0
1790464560,ETHUSDT_PERP.A,298.84197,0
1790464560,SOLUSDT_PERP.A,12.159,7752.5784
1790464560,XRPUSDT_PERP.A,0,11027.2305
1790464620,AVAXUSDT_PERP.A,65.02799999999999,0
1790464620,BNBUSDT_PERP.A,0,162.4581
1790464620,BTCUSDT_PERP.A,590.4367000000001,0
1790464620,ETHUSDT_PERP.A,0,12502.90188
1790464620,LTCUSDT_PERP.A,227.25412,10300.213580000001
1790464620,SOLUSDT_PERP.A,133.782,13758.870600000002
1790464620,XRPUSDT_PERP.A,61.272800000000004,2085.7200000000003
1790464680,XRPUSDT_PERP.3,0,189.534
1790464680,XRPUSDT_PERP.A,0,5.65582
1790464800,BTCUSDT_PERP.A,0,8015.8910000000005
1790464800,SOLUSDT_PERP.3,0,4.8696
1790464860,BTCUSDT.6,0,3966.409900000001
1790464860,BTCUSDT_PERP.3,0,2506.1988600000004
1790464860,BTCUSDT_PERP.A,0,4894.678
1790464860,ETHUSDT_PERP.A,0,1802.0853
1790464860,LINKUSDT.6,0,157.0539
1790464860,SOLUSDT_PERP.3,0,512.5254
1790464860,SOLUSDT_PERP.A,0,1212.3312
1790464860,XRPUSDT_PERP.A,0,775.2552
1790464920,ADAUSDT.6,25.8162,0
1790464980,BNBUSDT_PERP.A,54.1471,0
1790464980,LINKUSDT_PERP.A,28.12666,0
1790464980,SOLUSDT_PERP.A,92.4084,0
1790465460,LTCUSDT_PERP.A,0,54.11268
1790465580,SOLUSDT_PERP.A,0,150.598
1790465640,ETHUSDT_PERP.3,0,1975.24442
1790465640,XRPUSDT_PERP.A,2765.2374,0
1790466240,LTCUSDT_PERP.A,0,414.62325
1790466600,ADAUSDT_PERP.A,0,9.913799999999998
1790466900,BTCUSDT_PERP.A,0,22108.2936
1790466900,DOGEUSDT_PERP.A,6061.1017999999995,0
1790466900,ETHUSDT_PERP.A,50610.85099,0
1790466900,LINKUSDT_PERP.A,0,10216.807040000002
1790466900,LTCUSDT_PERP.A,0,10422.9642
1790467140,BTCUSDT.6,0,675.148
1790467140,BTCUSDT_PERP.3,0,151.90938
1790467140,BTCUSDT_PERP.A,0,8693.5399
1790467140,ETHUSDT.6,0,916.3476
1790467140,ETHUSDT_PERP.3,0,59.2867
1790467140,ETHUSDT_PERP.A,0,55705.029899999994
