t,oi,oi_usd,top_acct_ls,top_pos_ls,acct_ls,taker_ls
2021-12-23 00:00,1756878.6,40985722,5.526,1.0204,6.9026,1.4282
2021-12-23 00:05,1758617.6,41229687,5.5225,1.0209,6.9061,1.0601
2021-12-23 00:10,1758639.9,40535349,5.601,1.037,6.9233,0.58541
2021-12-23 00:15,1754624.8,40525937,5.6268,1.0359,6.9487,1.5216
2021-12-23 00:20,1758611.7,40500827,5.651,1.0358,6.9788,0.88722
2021-12-23 00:25,1758392.4,40444366,5.6973,1.0364,7.0042,0.8345
2021-12-23 00:30,1761203.5,40613354,5.663,1.0348,6.9772,1.3381
2021-12-23 00:35,1764053.5,40626152,5.6834,1.0354,7.0099,0.98725
2021-12-23 00:40,1766499.7,40815764,5.6676,1.0364,6.9886,1.1627
2021-12-23 00:45,1761647.3,41035133,5.7058,1.0346,7.0299,1.398
2021-12-23 00:50,1759840.2,41071515,5.6566,1.0333,6.9746,0.90901
2021-12-23 00:55,1761216.7,41157638,5.6638,1.0332,6.9716,0.88216
2021-12-23 01:00,1761879.2,41131775,5.647,1.0344,6.9588,0.93687
2021-12-23 01:05,1761579,41141414,5.6788,1.035,6.9825,0.93961
2021-12-23 01:10,1761805.2,41331950,5.6508,1.0351,6.9689,1.0989
2021-12-23 01:15,1763101.5,41173729,5.6933,1.0353,7.0103,0.76704
2021-12-23 01:20,1763177.7,40966007,5.7287,1.0359,7.0317,0.69724
2021-12-23 01:25,1762562.8,41010310,5.7,1.0355,7.0107,1.1564
2021-12-23 01:30,1762571.1,41297042,5.6411,1.0346,6.9607,1.293
2021-12-23 01:35,1771667.1,42169290,5.4866,1.0308,6.8104,2.0815
2021-12-23 01:40,1777984.7,43742006,4.9305,1.0282,6.1909,1.0089
2021-12-23 01:45,1780613,43496085,4.9423,1.0312,6.1606,0.91288
2021-12-23 01:50,1774802.3,44081528,4.8944,1.0289,6.1161,1.1148
2021-12-23 01:55,1763932.5,43775519,4.8073,1.0284,6.0084,1.0342
2021-12-23 02:00,1749460.1,43279450,4.814,1.0259,5.9983,1.0219
2021-12-23 02:05,1740823.2,43140114,5.0219,1.0258,6.249,0.8767
2021-12-23 02:10,1742669.6,43006469,5.0256,1.0252,6.2296,1.0409
2021-12-23 02:15,1743853.4,43009070,5.0326,1.0265,6.2566,0.98535
2021-12-23 02:20,1734538.4,42438638,5.206,1.0243,6.4406,0.73063
2021-12-23 02:25,1737418.2,42485857,5.2707,1.0267,6.5271,0.78523
2021-12-23 02:30,1738922.4,42686173,5.2312,1.0271,6.4941,1.0793
2021-12-23 02:35,1737649.8,42856128,5.158,1.025,6.4406,1.16
2021-12-23 02:40,1734382.4,42787215,5.1439,1.0241,6.4434,0.90317
2021-12-23 02:45,1734707.3,42535115,5.1628,1.0235,6.4587,0.69706
2021-12-23 02:50,1736574,42617411,5.1345,1.0239,6.4304,0.78298
2021-12-23 02:55,1734528.4,42546753,5.1359,1.0249,6.4107,0.69784
2021-12-23 03:00,1735103.4,42257452,5.162,1.0235,6.4584,0.69117
2021-12-23 03:05,1737596.4,42171464,5.1603,1.025,6.4568,0.63846
2021-12-23 03:10,1739645.5,42087575,5.191,1.026,6.4657,0.62054
2021-12-23 03:15,1743111.6,42172689,5.1985,1.0252,6.476,1.3904
2021-12-23 03:20,1740052,41874843,5.3396,1.0243,6.6578,0.72165
2021-12-23 03:25,1742843,41967546,5.2924,1.0257,6.6182,0.89826
2021-12-23 03:30,1744123.7,42264582,5.2475,1.0211,6.574,1.4612
2021-12-23 03:35,1744408.2,42394681,5.227,1.0207,6.5793,1.678
2021-12-23 03:40,1739715.1,42211000,5.2355,1.02,6.6041,0.78485
2021-12-23 03:45,1743441.4,42308214,5.2842,1.023,6.6568,0.51533
2021-12-23 03:50,1742928.2,42363503,5.2922,1.0223,6.6579,1.0161
2021-12-23 03:55,1744355.2,42544824,5.2438,1.0209,6.6149,1.2242
2021-12-23 04:00,1746225.9,42503138,5.2527,1.0221,6.6192,1.0505
2021-12-23 04:05,1746766.5,42552384,5.2454,1.0217,6.613,0.94396
2021-12-23 04:10,1747109.1,42762302,5.208,1.022,6.5857,1.1397
2021-12-23 04:15,1747543,42622573,5.2093,1.0218,6.5911,0.87699
2021-12-23 04:20,1741336.5,42369494,5.2533,1.0199,6.6311,0.70938
2021-12-23 04:25,1739650.6,42371495,5.2644,1.0217,6.6332,0.68644
2021-12-23 04:30,1740408.6,42275788,5.2545,1.0219,6.6294,0.83938
2021-12-23 04:35,1738545,42326518,5.2411,1.0213,6.6153,0.97519
2021-12-23 04:40,1745246.7,41974792,5.2938,1.0236,6.6872,0.68758
2021-12-23 04:45,1743341.7,42159746,5.2542,1.022,6.6499,1.0382
2021-12-23 04:50,1741658.1,41975391,5.2881,1.0225,6.6879,0.58725
2021-12-23 04:55,1739118,41923737,5.2752,1.0221,6.6728,0.66398
2021-12-23 05:00,1740880.8,41923012,5.2749,1.0219,6.6726,0.75291
2021-12-23 05:05,1738396.6,42018182,5.2481,1.0223,6.6398,1.0042
2021-12-23 05:10,1739830,42173479,5.2705,1.0226,6.6848,1.3541
2021-12-23 05:15,1738649.1,42217583,5.257,1.0205,6.6546,1.5635
2021-12-23 05:20,1741746.1,42115421,5.2752,1.0228,6.6808,0.43914
2021-12-23 05:25,1743353.6,42128241,5.2571,1.0217,6.6595,1.1475
2021-12-23 05:30,1743115.8,42131030,5.2571,1.0197,6.6568,1.4532
2021-12-23 05:35,1744138.9,42113837,5.284,1.0212,6.678,0.65758
2021-12-23 05:40,1737174.6,41744306,5.3005,1.0251,6.7009,0.44254
2021-12-23 05:45,1734298.6,41340685,5.4205,1.0235,6.8115,0.52153
2021-12-23 05:50,1732313.4,41412316,5.4283,1.0254,6.8247,0.98
2021-12-23 05:55,1734182.8,41620387,5.4157,1.0257,6.8216,1.496
2021-12-23 06:00,1736492,41630759,5.42,1.0259,6.8178,0.86067
2021-12-23 06:05,1737455.8,41716314,5.4053,1.0253,6.7994,1.0088
2021-12-23 06:10,1739397.4,41777265,5.3972,1.0251,6.7902,0.95448
2021-12-23 06:15,1735840.3,41841156,5.3946,1.0252,6.8014,1.2725
2021-12-23 06:20,1735675.3,41954818,5.3881,1.0246,6.7915,1.3175
2021-12-23 06:25,1739342.5,42053372,5.3692,1.0255,6.7693,1.1628
2021-12-23 06:30,1738307.9,42014902,5.3735,1.0259,6.7592,1.1682
2021-12-23 06:35,1739943.9,41928463,5.3328,1.0253,6.706,0.74864
2021-12-23 06:40,1742916.6,42157976,5.3343,1.024,6.7177,1.3509
2021-12-23 06:45,1741869.3,41982883,5.385,1.0244,6.779,0.70062
2021-12-23 06:50,1740930,42091469,5.4691,1.0228,6.8474,1.2191
2021-12-23 06:55,1744574,42158633,5.4716,1.0231,6.8436,1.1395
2021-12-23 07:00,1745051.8,42368242,5.4525,1.0207,6.8463,1.1212
2021-12-23 07:05,1751228.9,42492028,5.4526,1.0213,6.8449,0.97972
2021-12-23 07:10,1753735.8,42609393,5.4749,1.0222,6.8733,1.3038
2021-12-23 07:15,1751843.3,42555943,5.4371,1.0221,6.837,0.81189
2021-12-23 07:20,1751475.5,42533230,5.4743,1.0224,6.8633,0.91205
2021-12-23 07:25,1752708.2,42500520,5.4934,1.0223,6.8964,1.1804
2021-12-23 07:30,1750286.1,42477508,5.531,1.0226,6.9167,0.58955
2021-12-23 07:35,1751887.6,42354963,5.5002,1.0238,6.8939,0.8074
2021-12-23 07:40,1750554.2,42298498,5.4993,1.0233,6.8892,0.60504
2021-12-23 07:45,1750428.7,42108740,5.4949,1.0231,6.9138,0.65224
2021-12-23 07:50,1744201.9,41616659,5.5743,1.0224,6.994,0.57221
2021-12-23 07:55,1740283.6,41394963,5.7281,1.0218,7.1397,0.73349
2021-12-23 08:00,1740312.2,41408648,5.8408,1.0205,7.2734,0.96283
2021-12-23 08:05,1739597.4,41339786,5.857,1.0219,7.2869,0.92109
2021-12-23 08:10,1742754.3,41515518,5.8513,1.0224,7.2836,1.1446
2021-12-23 08:15,1749267.6,41702540,5.8134,1.0241,7.2412,1.2878
2021-12-23 08:20,1750202.7,41628887,5.8239,1.0239,7.2506,0.86716
2021-12-23 08:25,1751072.9,41780598,5.8649,1.0239,7.293,1.3701
2021-12-23 08:30,1754736.5,41973297,5.827,1.0236,7.2752,1.2908
2021-12-23 08:35,1754869.6,42116869,5.854,1.0229,7.3329,0.94201
2021-12-23 08:40,1756570.3,42101193,5.8575,1.0203,7.3146,1.0944
2021-12-23 08:45,1759449.3,42211959,5.8494,1.02,7.2909,1.2989
2021-12-23 08:50,1759806.7,42220198,5.8387,1.0204,7.2812,1.1001
2021-12-23 08:55,1760208.9,42198488,5.8669,1.0206,7.2962,0.65925
2021-12-23 09:00,1759499.7,42153112,5.9078,1.0204,7.3332,0.9004
2021-12-23 09:05,1761933.1,42095444,5.9221,1.0208,7.3376,0.7669
2021-12-23 09:10,1761499.7,42064614,6.0243,1.0216,7.4633,0.57367
2021-12-23 09:15,1762937.9,42146514,6.0157,1.0208,7.4666,1.4318
2021-12-23 09:20,1764059.1,42141669,6.0119,1.0204,7.4714,0.64925
2021-12-23 09:25,1766530.2,42146602,5.9886,1.02,7.455,0.73368
2021-12-23 09:30,1767928.2,42168708,6.0066,1.0191,7.4735,0.65594
2021-12-23 09:35,1763875.7,41783474,6.0535,1.019,7.5489,0.55053
2021-12-23 09:40,1771318.6,42089325,6.0376,1.021,7.5352,1.4287
2021-12-23 09:45,1778107.4,42340429,6.0319,1.0215,7.5185,1.4351
2021-12-23 09:50,1781277.1,42358770,6.0487,1.0218,7.531,0.59258
2021-12-23 09:55,1782567.9,42438866,6.0587,1.0217,7.5534,1.0559
2021-12-23 10:00,1786353.3,42527583,6.1052,1.0219,7.6245,0.76529
2021-12-23 10:05,1792579.4,42611792,6.1046,1.0216,7.6325,0.67217
2021-12-23 10:10,1799023,42689611,6.1381,1.0226,7.6861,0.62323
2021-12-23 10:15,1795426.2,42251637,6.2598,1.0244,7.793,0.45196
2021-12-23 10:20,1800132.8,42325828,6.3905,1.0246,7.9215,0.76165
2021-12-23 10:25,1804317.7,42422808,6.3793,1.0267,7.9524,0.79817
2021-12-23 10:30,1807191.3,42667786,6.382,1.0261,7.957,1.7075
2021-12-23 10:35,1808788.8,42744053,6.3601,1.0263,7.9394,1.304
2021-12-23 10:40,1813164.2,42877109,6.3827,1.0268,7.9636,1.0245
2021-12-23 10:45,1811924.9,42919838,6.3488,1.0266,7.9171,1.0744
2021-12-23 10:50,1813487.5,43130101,6.271,1.0252,7.8308,1.3516
2021-12-23 10:55,1811669.5,43162779,6.28,1.0233,7.8689,0.98182
2021-12-23 11:00,1808829,42982060,6.3103,1.0235,7.8939,0.63371
2021-12-23 11:05,1807769.5,43127696,6.2347,1.0234,7.8256,1.0119
2021-12-23 11:10,1808044,43188155,6.2588,1.0243,7.8306,0.81317
2021-12-23 11:15,1811388.6,43188843,6.2638,1.0278,7.8452,0.60431
2021-12-23 11:20,1813058.4,43273147,6.2618,1.0268,7.7981,1.4306
2021-12-23 11:25,1812177.3,43021088,6.2917,1.0276,7.8375,0.4207
2021-12-23 11:30,1808080,42873397,6.3062,1.0269,7.8552,0.75011
2021-12-23 11:35,1806603.4,42686962,6.3107,1.0253,7.8573,0.86184
2021-12-23 11:40,1808987.6,42870595,6.3,1.0253,7.8292,1.564
2021-12-23 11:45,1806972.5,42745569,6.3412,1.026,7.8801,0.53206
2021-12-23 11:50,1807940.3,42992821,6.3245,1.0254,7.8638,1.3316
2021-12-23 11:55,1808017.5,42991055,6.331,1.0251,7.898,0.87429
2021-12-23 12:00,1810701.8,43058488,6.3083,1.0242,7.8756,1.4302
2021-12-23 12:05,1813411.9,43213643,6.2798,1.0246,7.8214,1.1355
2021-12-23 12:10,1812890,43530202,6.256,1.0234,7.8368,1.2884
2021-12-23 12:15,1810596.5,43314706,6.2252,1.0236,7.8264,0.49412
2021-12-23 12:20,1810654.1,43192065,6.2278,1.0224,7.8329,0.63657
2021-12-23 12:25,1811685.9,43274250,6.2702,1.0236,7.891,1.1139
2021-12-23 12:30,1816789.3,43711950,6.1319,1.0235,7.7431,1.8636
2021-12-23 12:35,1816907.4,43814178,6.165,1.0224,7.8047,1.0034
2021-12-23 12:40,1817211.1,44073488,6.0951,1.0192,7.7227,1.0955
2021-12-23 12:45,1815955.5,43932093,6.0986,1.0215,7.6945,0.69919
2021-12-23 12:50,1812595.2,43944501,6.0636,1.021,7.6461,0.94521
2021-12-23 12:55,1808316.7,43761263,6.0807,1.0207,7.6503,0.48537
2021-12-23 13:00,1807005,43664685,6.0874,1.0224,7.6709,0.52062
2021-12-23 13:05,1804168.6,43915724,5.9995,1.0202,7.5681,1.2504
2021-12-23 13:10,1804587.6,43923662,5.9555,1.0208,7.4948,0.84934
2021-12-23 13:15,1802194.2,43663253,6.0123,1.0223,7.5634,0.56701
2021-12-23 13:20,1801170.7,43857065,6.0076,1.0217,7.5367,1.0381
2021-12-23 13:25,1798813.7,43784649,6.0009,1.022,7.5438,0.80949
2021-12-23 13:30,1802898.2,44335848,5.6484,1.0193,7.1744,1.7625
2021-12-23 13:35,1799805.1,44293204,5.667,1.021,7.1954,0.81116
2021-12-23 13:40,1795381.6,44285634,5.5211,1.019,7.0626,0.9896
2021-12-23 13:45,1788309.7,43743209,5.5568,1.0211,7.0352,0.64593
2021-12-23 13:50,1779074.9,43464556,5.5478,1.0219,7.0206,0.65344
2021-12-23 13:55,1777080.2,43395830,5.5598,1.0207,7.0512,0.95121
2021-12-23 14:00,1777776.2,43413295,5.5275,1.0223,6.9912,0.65773
2021-12-23 14:05,1778994.5,43539307,5.5013,1.0227,6.9501,0.8376
2021-12-23 14:10,1778585.1,43688106,5.4592,1.0212,6.9281,0.65718
2021-12-23 14:15,1779280.4,43699126,5.4048,1.0207,6.867,1.0082
2021-12-23 14:20,1773868.4,43152509,5.4471,1.0211,6.913,0.44478
2021-12-23 14:25,1768297.7,42987318,5.4669,1.0209,6.9377,0.63546
2021-12-23 14:30,1766219.5,43172399,5.4127,1.02,6.8672,1.5378
2021-12-23 14:35,1764027,43490785,5.3899,1.0182,6.8319,1.0767
2021-12-23 14:40,1758095.8,43660002,5.2601,1.0182,6.6726,0.9958
2021-12-23 14:45,1758765.9,43659372,5.2588,1.0204,6.6237,0.84806
2021-12-23 14:50,1753290.7,43376411,5.2674,1.0223,6.6089,0.82665
2021-12-23 14:55,1751616.6,43204444,5.2837,1.0231,6.6171,0.79795
2021-12-23 15:00,1751966,43553876,5.224,1.0215,6.5564,1.3285
2021-12-23 15:05,1752483,43514154,5.1987,1.0233,6.5012,0.77184
2021-12-23 15:10,1752480.1,43514081,5.1611,1.0222,6.4253,0.83496
2021-12-23 15:15,1760752.7,44236235,5.0599,1.0178,6.2929,1.3748
2021-12-23 15:20,1765066.6,44161837,5.0748,1.018,6.2514,0.9369
2021-12-23 15:25,1757301.6,44574074,4.9017,1.015,6.104,1.0691
2021-12-23 15:30,1742792.1,45016320,4.5117,1.0146,5.6615,1.137
2021-12-23 15:35,1732190.3,44344072,4.8056,1.018,5.9325,0.91314
2021-12-23 15:40,1724389.4,44644442,4.6339,1.0176,5.6533,1.1293
2021-12-23 15:45,1738255.6,45188538,4.4708,1.0176,5.4332,0.87271
2021-12-23 15:50,1736026.1,45535966,4.3358,1.0076,5.2068,1.1138
2021-12-23 15:55,1739841.5,45862222,4.2462,1.007,5.0756,1.0212
2021-12-23 16:00,1744389.3,46569344,4.0647,1.0001,4.7842,1.0111
2021-12-23 16:05,1728933.7,45609272,4.056,0.99651,4.7493,0.82484
2021-12-23 16:10,1709033.9,45186856,4.0724,0.99517,4.7625,0.8787
2021-12-23 16:15,1704181.8,44819982,4.0524,0.99936,4.7123,0.58031
2021-12-23 16:20,1681630.1,44024579,4.0722,1.0012,4.7051,0.68794
2021-12-23 16:25,1672527.1,43746274,4.0827,1.0001,4.7437,0.72506
2021-12-23 16:30,1677438.6,43856470,4.1074,1.0068,4.7697,0.73114
2021-12-23 16:35,1676162.1,43528057,4.0714,1.004,4.7235,0.79348
2021-12-23 16:40,1676196.9,43717386,4.1185,1.0029,4.7925,0.91096
2021-12-23 16:45,1679377.4,43712086,4.1045,1.0034,4.7749,0.69881
2021-12-23 16:50,1680574.1,43771369,4.1078,1.0012,4.8182,1.1044
2021-12-23 16:55,1677838.5,43956931,4.1422,1.0039,4.9047,1.5187
2021-12-23 17:00,1676016.8,44131525,4.1075,1.003,4.9264,1.4229
2021-12-23 17:05,1668881.4,43657936,4.1396,0.99943,4.9459,0.67027
2021-12-23 17:10,1667927.6,43683023,4.1377,0.99972,4.9324,0.79918
2021-12-23 17:15,1667852.2,43580978,4.1178,1.0025,4.9092,0.57339
2021-12-23 17:20,1663991.9,43587240,4.0959,1.0039,4.9053,0.69632
2021-12-23 17:25,1664751.8,43846493,4.0401,1.0001,4.8443,1.5518
2021-12-23 17:30,1668356.3,43794354,4.0788,0.99933,4.8995,1.2174
2021-12-23 17:35,1666429.4,43817437,4.099,0.99996,4.9222,0.93477
2021-12-23 17:40,1670612,43921553,4.0686,1.0021,4.9019,0.72376
2021-12-23 17:45,1671266,43905162,4.0986,0.99886,4.9334,0.97494
2021-12-23 17:50,1678954.3,44346216,4.094,0.9992,4.9232,1.1533
2021-12-23 17:55,1673246.2,44958587,4.0771,0.99914,4.9696,1.4437
2021-12-23 18:00,1673025.4,44870541,4.1508,1.0016,5.1406,1.1511
2021-12-23 18:05,1683290.6,45807026,4.1672,0.99537,5.207,1.3439
2021-12-23 18:10,1676609.6,45385821,4.1866,0.99623,5.2196,0.87935
2021-12-23 18:15,1674769.4,45151782,4.2205,0.99828,5.2577,0.69056
2021-12-23 18:20,1674176,45202752,4.2007,0.99585,5.2369,0.99333
2021-12-23 18:25,1670347.8,45116095,4.214,0.9963,5.255,0.75557
2021-12-23 18:30,1674768.6,45878475,4.1236,0.9995,5.1741,1.2018
2021-12-23 18:35,1678125.9,46200969,4.1138,0.99783,5.1501,1.0104
2021-12-23 18:40,1674433.1,45439420,4.195,0.99818,5.2107,0.70969
2021-12-23 18:45,1669159.3,44967153,4.1455,0.99857,5.1137,0.62732
2021-12-23 18:50,1667865.9,44985584,4.1199,0.99714,5.1068,0.76651
2021-12-23 18:55,1665241.7,44861612,4.1305,0.99758,5.1333,0.988
2021-12-23 19:00,1657745.1,44958047,4.0989,0.99831,5.0999,1.0205
2021-12-23 19:05,1655176.1,44971134,4.1073,0.998,5.0691,0.9092
2021-12-23 19:10,1650267.1,44755244,4.0895,0.99963,5.0474,0.74856
2021-12-23 19:15,1648411.6,44619207,4.1101,1.0023,5.0585,0.96366
2021-12-23 19:20,1644026.9,44701092,4.0574,1.0025,4.9988,1.0766
2021-12-23 19:25,1642177.2,44782172,4.0608,0.9993,5.0181,1.0832
2021-12-23 19:30,1642094,44687981,4.0911,0.99833,5.0404,0.77853
2021-12-23 19:35,1643010.2,44995615,4.049,0.99984,5.0054,1.0986
2021-12-23 19:40,1645662.1,45058228,4.0546,0.99837,5.0009,1.2694
2021-12-23 19:45,1645951.1,44983844,4.0721,0.99724,5.0057,0.95438
2021-12-23 19:50,1648220.7,45161772,4.0749,0.99817,5.0096,1.0567
2021-12-23 19:55,1645287.5,44834084,4.1179,0.9998,5.035,0.60518
2021-12-23 20:00,1643091.3,44511343,4.1191,0.99963,5.0384,0.48402
2021-12-23 20:05,1632996,44172541,4.0428,1.0015,4.8874,0.6073
2021-12-23 20:10,1630511.9,44500904,4.0136,1.0037,4.8655,0.75673
2021-12-23 20:15,1630481.3,44719416,3.9328,1.0049,4.7658,1.1344
2021-12-23 20:20,1630428.8,44580298,3.9184,1.0069,4.7309,0.7381
2021-12-23 20:25,1634749.5,44390109,3.931,1.0105,4.7304,0.94412
2021-12-23 20:30,1633346.4,44133565,3.9612,1.0103,4.7713,0.72086
2021-12-23 20:35,1629315.5,43997600,3.9633,1.0097,4.748,0.72012
2021-12-23 20:40,1636168.3,44994627,3.8754,1.0063,4.6841,1.5486
2021-12-23 20:45,1650617.5,45948849,3.7922,0.99995,4.5895,1.0029
2021-12-23 20:50,1646577.6,45725461,3.8401,1.0033,4.6544,0.85659
2021-12-23 20:55,1647469.8,45620287,3.8805,1.0057,4.674,0.96653
2021-12-23 21:00,1646047.4,45333797,3.8984,1.0058,4.7058,0.9278
2021-12-23 21:05,1647025.1,45389775,3.9122,1.0034,4.6959,1.0621
2021-12-23 21:10,1643834.6,45008193,3.9453,1.0063,4.7206,0.68661
2021-12-23 21:15,1642891.9,45019698,3.9325,1.0062,4.6974,1.1741
2021-12-23 21:20,1643919,45017373,3.9308,1.007,4.6995,1.3215
2021-12-23 21:25,1639776.7,44737898,3.9489,1.0077,4.7009,0.68987
2021-12-23 21:30,1638632.4,44722934,3.9543,1.0078,4.7074,1.2161
2021-12-23 21:35,1640439,44975181,3.9483,1.0065,4.7113,1.4311
2021-12-23 21:40,1640394.3,45252523,3.9063,1.0011,4.6903,1.4255
2021-12-23 21:45,1639054.6,44928178,3.949,1.0045,4.7257,0.92614
2021-12-23 21:50,1638706.8,44973505,3.9317,1.0071,4.718,0.88451
2021-12-23 21:55,1637193.8,44986681,3.9399,1.0088,4.7296,0.74126
2021-12-23 22:00,1637661.9,44918969,3.9342,1.007,4.7333,0.72181
2021-12-23 22:05,1636636,44712895,3.9591,1.0076,4.7378,0.56058
2021-12-23 22:10,1638417.8,44778982,3.9503,1.0076,4.7269,0.94754
2021-12-23 22:15,1639614.1,44651818,3.9931,1.0096,4.7633,0.62461
2021-12-23 22:20,1642413.3,44667044,3.9845,1.0134,4.7483,0.77597
2021-12-23 22:25,1643872.1,44773289,3.9806,1.0136,4.7476,0.88789
2021-12-23 22:30,1637620.3,44922232,3.9547,1.007,4.7491,1.9917
2021-12-23 22:35,1637485.6,44867106,3.9704,1.0072,4.758,1.0074
2021-12-23 22:40,1639267.6,44855769,3.9964,1.0104,4.7714,0.46246
2021-12-23 22:45,1639467,44694535,4.0189,1.0097,4.7953,0.422
2021-12-23 22:50,1641457.1,44776922,4.0277,1.0096,4.8109,1.4511
2021-12-23 22:55,1646132.9,44432262,4.0563,1.0102,4.831,0.60892
2021-12-23 23:00,1648094.6,44348703,4.0546,1.0093,4.8035,0.4561
2021-12-23 23:05,1645050.4,44416360,4.0535,1.0062,4.813,1.3607
2021-12-23 23:10,1644448.2,44285236,4.0468,1.0076,4.7954,0.4608
2021-12-23 23:15,1643757.2,44200632,4.0727,1.009,4.8045,0.50392
2021-12-23 23:20,1643689.8,44203530,4.0577,1.0107,4.7593,0.84921
2021-12-23 23:25,1645021.2,44294936,4.0621,1.0101,4.7764,0.94117
2021-12-23 23:30,1644776.7,44243588,4.0726,1.0106,4.7715,0.77916
2021-12-23 23:35,1644345.4,44216447,4.0625,1.0106,4.7765,0.95058
2021-12-23 23:40,1645122.5,44451210,4.0218,1.0092,4.7553,1.7545
2021-12-23 23:45,1642583.9,44513608,4.0355,1.0071,4.7721,1.2859
2021-12-23 23:50,1642332.7,44310515,4.0402,1.0073,4.7771,0.70559
2021-12-23 23:55,1642851,44392163,4.0502,1.0065,4.7899,1.6312
