file,rows,first,last
ADAUSDT_2021.csv,8921,2021-12-01 00:00,2021-12-31 23:55
ADAUSDT_2022.csv,105120,2022-01-01 00:00,2022-12-31 23:55
ADAUSDT_2023.csv,105117,2023-01-01 00:00,2023-12-31 23:55
ADAUSDT_2024.csv,105281,2024-01-01 00:00,2024-12-31 23:55
ADAUSDT_2025.csv,105117,2025-01-01 00:00,2025-12-31 23:55
ADAUSDT_2026.csv,78048,2026-01-01 00:00,2026-09-28 23:55
AVAXUSDT_2021.csv,8921,2021-12-01 00:00,2021-12-31 23:55
AVAXUSDT_2022.csv,105120,2022-01-01 00:00,2022-12-31 23:55
AVAXUSDT_2023.csv,105058,2023-01-01 00:00,2023-12-31 23:55
AVAXUSDT_2024.csv,105281,2024-01-01 00:00,2024-12-31 23:55
AVAXUSDT_2025.csv,105117,2025-01-01 00:00,2025-12-31 23:55
AVAXUSDT_2026.csv,78048,2026-01-01 00:00,2026-09-28 23:55
BNBUSDT_2021.csv,8921,2021-12-01 00:00,2021-12-31 23:55
BNBUSDT_2022.csv,105120,2022-01-01 00:00,2022-12-31 23:55
BNBUSDT_2023.csv,105117,2023-01-01 00:00,2023-12-31 23:55
BNBUSDT_2024.csv,105281,2024-01-01 00:00,2024-12-31 23:55
BNBUSDT_2025.csv,105117,2025-01-01 00:00,2025-12-31 23:55
BNBUSDT_2026.csv,78048,2026-01-01 00:00,2026-09-28 23:55
BTCUSDT_2020.csv,35103,2020-09-01 00:00,2020-12-31 23:55
BTCUSDT_2021.csv,104652,2021-01-01 00:00,2021-12-31 23:55
BTCUSDT_2022.csv,105120,2022-01-01 00:00,2022-12-31 23:55
BTCUSDT_2023.csv,105117,2023-01-01 00:00,2023-12-31 23:55
BTCUSDT_2024.csv,105281,2024-01-01 00:00,2024-12-31 23:55
BTCUSDT_2025.csv,105117,2025-01-01 00:00,2025-12-31 23:55
BTCUSDT_2026.csv,78048,2026-01-01 00:00,2026-09-28 23:55
DOGEUSDT_2021.csv,8921,2021-12-01 00:00,2021-12-31 23:55
DOGEUSDT_2022.csv,105120,2022-01-01 00:00,2022-12-31 23:55
DOGEUSDT_2023.csv,105117,2023-01-01 00:00,2023-12-31 23:55
DOGEUSDT_2024.csv,105281,2024-01-01 00:00,2024-12-31 23:55
DOGEUSDT_2025.csv,105117,2025-01-01 00:00,2025-12-31 23:55
DOGEUSDT_2026.csv,78048,2026-01-01 00:00,2026-09-28 23:55
ETHUSDT_2021.csv,8921,2021-12-01 00:00,2021-12-31 23:55
ETHUSDT_2022.csv,105120,2022-01-01 00:00,2022-12-31 23:55
ETHUSDT_2023.csv,105117,2023-01-01 00:00,2023-12-31 23:55
ETHUSDT_2024.csv,105281,2024-01-01 00:00,2024-12-31 23:55
ETHUSDT_2025.csv,105117,2025-01-01 00:00,2025-12-31 23:55
ETHUSDT_2026.csv,78048,2026-01-01 00:00,2026-09-28 23:55
LINKUSDT_2021.csv,8921,2021-12-01 00:00,2021-12-31 23:55
LINKUSDT_2022.csv,105120,2022-01-01 00:00,2022-12-31 23:55
LINKUSDT_2023.csv,105117,2023-01-01 00:00,2023-12-31 23:55
LINKUSDT_2024.csv,105281,2024-01-01 00:00,2024-12-31 23:55
LINKUSDT_2025.csv,105117,2025-01-01 00:00,2025-12-31 23:55
LINKUSDT_2026.csv,78048,2026-01-01 00:00,2026-09-28 23:55
LTCUSDT_2021.csv,8921,2021-12-01 00:00,2021-12-31 23:55
LTCUSDT_2022.csv,105120,2022-01-01 00:00,2022-12-31 23:55
LTCUSDT_2023.csv,105074,2023-01-01 00:00,2023-12-31 23:55
LTCUSDT_2024.csv,105281,2024-01-01 00:00,2024-12-31 23:55
LTCUSDT_2025.csv,105117,2025-01-01 00:00,2025-12-31 23:55
LTCUSDT_2026.csv,78048,2026-01-01 00:00,2026-09-28 23:55
SOLUSDT_2021.csv,8921,2021-12-01 00:00,2021-12-31 23:55
SOLUSDT_2022.csv,105120,2022-01-01 00:00,2022-12-31 23:55
SOLUSDT_2023.csv,105100,2023-01-01 00:00,2023-12-31 23:55
SOLUSDT_2024.csv,105281,2024-01-01 00:00,2024-12-31 23:55
SOLUSDT_2025.csv,105117,2025-01-01 00:00,2025-12-31 23:55
SOLUSDT_2026.csv,78048,2026-01-01 00:00,2026-09-28 23:55
XRPUSDT_2021.csv,8921,2021-12-01 00:00,2021-12-31 23:55
XRPUSDT_2022.csv,105119,2022-01-01 00:00,2022-12-31 23:55
XRPUSDT_2023.csv,105117,2023-01-01 00:00,2023-12-31 23:55
XRPUSDT_2024.csv,105281,2024-01-01 00:00,2024-12-31 23:55
XRPUSDT_2025.csv,105117,2025-01-01 00:00,2025-12-31 23:55
XRPUSDT_2026.csv,78048,2026-01-01 00:00,2026-09-28 23:55
