t,interval_h,rate
2023-07-24 16:00,8,-1.454e-05
2023-07-25 00:00,8,0.0001
2023-07-25 08:00,8,-0.0005638
2023-07-25 16:00,8,-0.00017855
2023-07-26 00:00,8,-0.00019517
2023-07-26 08:00,8,-0.00080385
2023-07-26 16:00,8,-0.00032028
2023-07-27 00:00,8,-2.886e-05
2023-07-27 08:00,8,-8.107e-05
2023-07-27 16:00,8,-1.054e-05
2023-07-28 00:00,8,0.0001
2023-07-28 08:00,8,-0.00015753
2023-07-28 16:00,8,0.0001
2023-07-29 00:00,8,0.0001
2023-07-29 08:00,8,0.0001
2023-07-29 16:00,8,-0.00023169
2023-07-30 00:00,8,-0.00013029
2023-07-30 08:00,8,-0.00035637
2023-07-30 16:00,8,8.041e-05
2023-07-31 00:00,8,-7.221e-05
2023-07-31 08:00,8,0.0001
2023-07-31 16:00,8,5.911e-05
2023-08-01 00:00,8,0.0001
2023-08-01 08:00,8,0.0001
2023-08-01 16:00,8,0.0001
2023-08-02 00:00,8,-0.00017752
2023-08-02 08:00,8,-0.00013767
2023-08-02 16:00,8,-0.00075961
2023-08-03 00:00,8,-8.857e-05
2023-08-03 08:00,8,2.318e-05
2023-08-03 16:00,8,1.977e-05
2023-08-04 00:00,8,0.0001
2023-08-04 08:00,8,8.902e-05
2023-08-04 16:00,8,0.0001
2023-08-05 00:00,8,0.0001
2023-08-05 08:00,8,0.0001
2023-08-05 16:00,8,0.0001
2023-08-06 00:00,8,0.0001
2023-08-06 08:00,8,0.0001
2023-08-06 16:00,8,0.0001
2023-08-07 00:00,8,0.0001
2023-08-07 08:00,8,0.0001
2023-08-07 16:00,8,0.0001
2023-08-08 00:00,8,0.0001
2023-08-08 08:00,8,0.0001
2023-08-08 16:00,8,0.0001
2023-08-09 00:00,8,1.282e-05
2023-08-09 08:00,8,9.846e-05
2023-08-09 16:00,8,0.0001
2023-08-10 00:00,8,0.0001
2023-08-10 08:00,8,0.0001
2023-08-10 16:00,8,0.0001
2023-08-11 00:00,8,4.218e-05
2023-08-11 08:00,8,-2.57e-06
2023-08-11 16:00,8,6.069e-05
2023-08-12 00:00,8,3.449e-05
2023-08-12 08:00,8,-7.653e-05
2023-08-12 16:00,8,-0.00037121
2023-08-13 00:00,8,2.28e-05
2023-08-13 08:00,8,-0.0001086
2023-08-13 16:00,8,5.123e-05
2023-08-14 00:00,8,8.939e-05
2023-08-14 08:00,8,0.0001
2023-08-14 16:00,8,0.0001
2023-08-15 00:00,8,1.207e-05
2023-08-15 08:00,8,0.0001
2023-08-15 16:00,8,0.0001
2023-08-16 00:00,8,0.0001
2023-08-16 08:00,8,0.0001
2023-08-16 16:00,8,0.0001
2023-08-17 00:00,8,0.0001
2023-08-17 08:00,8,0.0001
2023-08-17 16:00,8,0.0001
2023-08-18 00:00,8,-0.00018571
2023-08-18 08:00,8,-3.36e-06
2023-08-18 16:00,8,-0.00012995
2023-08-19 00:00,8,-0.00033439
2023-08-19 08:00,8,-9.203e-05
2023-08-19 16:00,8,-0.00022594
2023-08-20 00:00,8,-0.00024597
2023-08-20 08:00,8,-0.0002998
2023-08-20 16:00,8,-0.00021455
2023-08-21 00:00,8,-0.0001951
2023-08-21 08:00,8,-0.00012137
2023-08-21 16:00,8,-0.00014984
2023-08-22 00:00,8,-0.0001421
2023-08-22 08:00,8,-0.00025633
2023-08-22 16:00,8,-9.213e-05
2023-08-23 00:00,8,-6.283e-05
2023-08-23 08:00,8,-0.00016125
2023-08-23 16:00,8,-0.00020587
2023-08-24 00:00,8,-6.233e-05
2023-08-24 08:00,8,5.9e-07
2023-08-24 16:00,8,-6.423e-05
2023-08-25 00:00,8,-0.00011298
2023-08-25 08:00,8,-0.00021868
2023-08-25 16:00,8,-7.326e-05
2023-08-26 00:00,8,-9.747e-05
2023-08-26 08:00,8,-0.00017396
2023-08-26 16:00,8,-0.00019896
2023-08-27 00:00,8,-4.393e-05
2023-08-27 08:00,8,-1.188e-05
2023-08-27 16:00,8,-1.732e-05
2023-08-28 00:00,8,-3.125e-05
2023-08-28 08:00,8,0.0001
2023-08-28 16:00,8,2.2e-06
2023-08-29 00:00,8,-1.485e-05
2023-08-29 08:00,8,-4.947e-05
2023-08-29 16:00,8,-0.00041739
2023-08-30 00:00,8,0.0001
2023-08-30 08:00,8,0.0001
2023-08-30 16:00,8,8.579e-05
2023-08-31 00:00,8,0.0001
2023-08-31 08:00,8,-2.32e-06
2023-08-31 16:00,8,-3.244e-05
2023-09-01 00:00,8,9.285e-05
2023-09-01 08:00,8,1.741e-05
2023-09-01 16:00,8,-1.556e-05
2023-09-02 00:00,8,-2.364e-05
2023-09-02 08:00,8,-2.653e-05
2023-09-02 16:00,8,-2.063e-05
2023-09-03 00:00,8,-8.126e-05
2023-09-03 08:00,8,-1.621e-05
2023-09-03 16:00,8,5.975e-05
2023-09-04 00:00,8,5.065e-05
2023-09-04 08:00,8,-9.931e-05
2023-09-04 16:00,8,-6.17e-05
2023-09-05 00:00,8,-5.773e-05
2023-09-05 08:00,8,-0.00015739
2023-09-05 16:00,8,-0.0001305
2023-09-06 00:00,8,-8.548e-05
2023-09-06 08:00,8,-6.452e-05
2023-09-06 16:00,8,-0.00011152
2023-09-07 00:00,8,-0.0004822
2023-09-07 08:00,8,-0.00010713
2023-09-07 16:00,8,3.32e-05
2023-09-08 00:00,8,-8.45e-06
2023-09-08 08:00,8,2.616e-05
2023-09-08 16:00,8,-0.00010628
2023-09-09 00:00,8,-8.65e-05
2023-09-09 08:00,8,-4.799e-05
2023-09-09 16:00,8,-0.00016526
2023-09-10 00:00,8,-8.924e-05
2023-09-10 08:00,8,-6.215e-05
2023-09-10 16:00,8,-4.208e-05
2023-09-11 00:00,8,-8.917e-05
2023-09-11 08:00,8,-7.919e-05
2023-09-11 16:00,8,-9.39e-06
2023-09-12 00:00,8,-6.889e-05
2023-09-12 08:00,8,-0.00014356
2023-09-12 16:00,8,-0.00015386
2023-09-13 00:00,8,-9.884e-05
2023-09-13 08:00,8,-7.919e-05
2023-09-13 16:00,8,1.139e-05
2023-09-14 00:00,8,-1.41e-06
2023-09-14 08:00,8,-7.385e-05
2023-09-14 16:00,8,2.708e-05
2023-09-15 00:00,8,-1.765e-05
2023-09-15 08:00,8,-2.64e-05
2023-09-15 16:00,8,-0.00016466
2023-09-16 00:00,8,-0.00012297
2023-09-16 08:00,8,-0.00030989
2023-09-16 16:00,8,-0.0001752
2023-09-17 00:00,8,-0.00012909
2023-09-17 08:00,8,3.361e-05
2023-09-17 16:00,8,-8.862e-05
2023-09-18 00:00,8,-0.00012287
2023-09-18 08:00,8,-0.00021714
2023-09-18 16:00,8,-0.00031679
2023-09-19 00:00,8,-0.00014314
2023-09-19 08:00,8,-5.478e-05
2023-09-19 16:00,8,-0.00013741
2023-09-20 00:00,8,-7.497e-05
2023-09-20 08:00,8,-4.886e-05
2023-09-20 16:00,8,-0.00028912
2023-09-21 00:00,8,-0.00027354
2023-09-21 08:00,8,-7.177e-05
2023-09-21 16:00,8,-0.00023952
2023-09-22 00:00,8,-0.0001639
2023-09-22 08:00,8,-0.0002731
2023-09-22 16:00,8,-0.00029815
2023-09-23 00:00,8,-0.00027698
2023-09-23 08:00,8,-0.00031412
2023-09-23 16:00,8,-0.00021084
2023-09-24 00:00,8,-0.00024431
2023-09-24 08:00,8,-0.00019713
2023-09-24 16:00,8,-0.00023459
2023-09-25 00:00,8,-0.00033783
2023-09-25 08:00,8,-0.00025224
2023-09-25 16:00,8,-0.00036467
2023-09-26 00:00,8,-0.00047066
2023-09-26 08:00,8,-0.00035165
2023-09-26 16:00,8,-0.00019797
2023-09-27 00:00,8,-0.00028223
2023-09-27 08:00,8,-0.00034501
2023-09-27 16:00,8,-0.00027782
2023-09-28 00:00,8,-0.00031299
2023-09-28 08:00,8,-0.00036495
2023-09-28 16:00,8,-0.0002271
2023-09-29 00:00,8,-0.00030224
2023-09-29 08:00,8,-0.00029758
2023-09-29 16:00,8,-0.00029145
2023-09-30 00:00,8,-0.0002409
2023-09-30 08:00,8,-0.00031477
2023-09-30 16:00,8,-0.00025478
2023-10-01 00:00,8,-0.00027594
2023-10-01 08:00,8,-0.00035099
2023-10-01 16:00,8,-0.00022409
2023-10-02 00:00,8,-0.00015343
2023-10-02 08:00,8,-0.00026094
2023-10-02 16:00,8,-0.00035597
2023-10-03 00:00,8,-0.00033853
2023-10-03 08:00,8,-0.00030577
2023-10-03 16:00,8,-0.00016017
2023-10-04 00:00,8,-0.00018365
2023-10-04 08:00,8,-0.00015092
2023-10-04 16:00,8,-0.00025114
2023-10-05 00:00,8,-0.0003211
2023-10-05 08:00,8,-0.00032872
2023-10-05 16:00,8,-0.00029453
2023-10-06 00:00,8,-0.00023084
2023-10-06 08:00,8,-0.00021267
2023-10-06 16:00,8,-0.0002557
2023-10-07 00:00,8,-0.00019081
2023-10-07 08:00,8,-0.00021018
2023-10-07 16:00,8,-0.00014776
2023-10-08 00:00,8,-0.00021032
2023-10-08 08:00,8,-0.0001692
2023-10-08 16:00,8,-0.00011689
2023-10-09 00:00,8,-0.00011744
2023-10-09 08:00,8,-1.633e-05
2023-10-09 16:00,8,-0.00022134
2023-10-10 00:00,8,-0.00022402
2023-10-10 08:00,8,-0.00019856
2023-10-10 16:00,8,-0.00017769
2023-10-11 00:00,8,-0.00010657
2023-10-11 08:00,8,-0.00018021
2023-10-11 16:00,8,-0.0001584
2023-10-12 00:00,8,-6.571e-05
2023-10-12 08:00,8,-0.00012245
2023-10-12 16:00,8,-0.00020648
2023-10-13 00:00,8,-0.0001705
2023-10-13 08:00,8,-0.00031847
2023-10-13 16:00,8,-0.00023343
2023-10-14 00:00,8,-0.00029964
2023-10-14 08:00,8,-0.00036737
2023-10-14 16:00,8,-0.00018618
2023-10-15 00:00,8,-0.00031544
2023-10-15 08:00,8,-0.00015387
2023-10-15 16:00,8,-0.00015318
2023-10-16 00:00,8,-0.00013384
2023-10-16 08:00,8,-0.00017984
2023-10-16 16:00,8,-0.00033063
2023-10-17 00:00,8,-0.0002328
2023-10-17 08:00,8,-0.00017547
2023-10-17 16:00,8,-0.00026561
2023-10-18 00:00,8,-0.00022941
2023-10-18 08:00,8,-0.00020476
2023-10-18 16:00,8,-0.00013894
2023-10-19 00:00,8,-0.00013146
2023-10-19 08:00,8,-0.00017534
2023-10-19 16:00,8,-0.00020726
2023-10-20 00:00,8,-7.407e-05
2023-10-20 08:00,8,-0.00021624
2023-10-20 16:00,8,-0.00015484
2023-10-21 00:00,8,-9.863e-05
2023-10-21 08:00,8,-4.004e-05
2023-10-21 16:00,8,-9.056e-05
2023-10-22 00:00,8,3.183e-05
2023-10-22 08:00,8,-1e-08
2023-10-22 16:00,8,-1.518e-05
2023-10-23 00:00,8,2.068e-05
2023-10-23 08:00,8,1.893e-05
2023-10-23 16:00,8,-0.00016976
2023-10-24 00:00,8,0.0001
2023-10-24 08:00,8,0.0001
2023-10-24 16:00,8,0.0001
2023-10-25 00:00,8,0.0001
2023-10-25 08:00,8,0.0001
2023-10-25 16:00,8,0.0001
2023-10-26 00:00,8,0.0001
2023-10-26 08:00,8,0.0001
2023-10-26 16:00,8,0.0001
2023-10-27 00:00,8,0.0001
2023-10-27 08:00,8,0.0001
2023-10-27 16:00,8,0.0001
2023-10-28 00:00,8,0.0001
2023-10-28 08:00,8,0.0001
2023-10-28 16:00,8,0.0001
2023-10-29 00:00,8,0.0001
2023-10-29 08:00,8,0.0001
2023-10-29 16:00,8,0.0001
2023-10-30 00:00,8,0.0001
2023-10-30 08:00,8,0.0001
2023-10-30 16:00,8,0.0001
2023-10-31 00:00,8,0.0001
2023-10-31 08:00,8,0.0001
2023-10-31 16:00,8,0.0001
2023-11-01 00:00,8,0.0001
2023-11-01 08:00,8,0.0001
2023-11-01 16:00,8,0.0001
2023-11-02 00:00,8,0.0001
2023-11-02 08:00,8,0.0001
2023-11-02 16:00,8,0.0001
2023-11-03 00:00,8,0.0001
2023-11-03 08:00,8,0.0001
2023-11-03 16:00,8,0.0001
2023-11-04 00:00,8,0.0001
2023-11-04 08:00,8,0.0001
2023-11-04 16:00,8,0.0001
2023-11-05 00:00,8,0.0001
2023-11-05 08:00,8,0.0001
2023-11-05 16:00,8,0.0001
2023-11-06 00:00,8,0.0001
2023-11-06 08:00,8,0.0001
2023-11-06 16:00,8,0.0001
2023-11-07 00:00,8,0.0001
2023-11-07 08:00,8,0.0001
2023-11-07 16:00,8,0.0001
2023-11-08 00:00,8,0.0001
2023-11-08 08:00,8,0.0001
2023-11-08 16:00,8,0.0001
2023-11-09 00:00,8,0.0001
2023-11-09 08:00,8,0.0001
2023-11-09 16:00,8,0.0001
2023-11-10 00:00,8,0.0001
2023-11-10 08:00,8,0.0001
2023-11-10 16:00,8,0.0001
2023-11-11 00:00,8,0.0001
2023-11-11 08:00,8,0.0001
2023-11-11 16:00,8,0.0001
2023-11-12 00:00,8,0.00020099
2023-11-12 08:00,8,0.0001
2023-11-12 16:00,8,0.0001
2023-11-13 00:00,8,0.0001551
2023-11-13 08:00,8,0.0001
2023-11-13 16:00,8,0.00012222
2023-11-14 00:00,8,0.00025711
2023-11-14 08:00,8,0.0001
2023-11-14 16:00,8,0.0001
2023-11-15 00:00,8,0.0001
2023-11-15 08:00,8,0.0001
2023-11-15 16:00,8,0.0001
2023-11-16 00:00,8,0.0001
2023-11-16 08:00,8,0.0001
2023-11-16 16:00,8,0.0001
2023-11-17 00:00,8,0.0001
2023-11-17 08:00,8,0.0001
2023-11-17 16:00,8,0.0001
2023-11-18 00:00,8,0.0001
2023-11-18 08:00,8,0.0001
2023-11-18 16:00,8,0.0001
2023-11-19 00:00,8,0.0001
2023-11-19 08:00,8,0.0001
2023-11-19 16:00,8,0.0001
2023-11-20 00:00,8,0.00021409
2023-11-20 08:00,8,0.00031898
2023-11-20 16:00,8,0.0001
2023-11-21 00:00,8,0.0001
2023-11-21 08:00,8,0.0001
2023-11-21 16:00,8,0.00014662
2023-11-22 00:00,8,0.0001
2023-11-22 08:00,8,0.0001
2023-11-22 16:00,8,0.0001
2023-11-23 00:00,8,0.0001
2023-11-23 08:00,8,0.0001
2023-11-23 16:00,8,0.0001
2023-11-24 00:00,8,0.0001
2023-11-24 08:00,8,0.0001
2023-11-24 16:00,8,0.0001
2023-11-25 00:00,8,0.0001
2023-11-25 08:00,8,0.0001
2023-11-25 16:00,8,0.0001
2023-11-26 00:00,8,0.00011064
2023-11-26 08:00,8,0.0001
2023-11-26 16:00,8,0.0001315
2023-11-27 00:00,8,0.0001
2023-11-27 08:00,8,0.0001
2023-11-27 16:00,8,0.0001
2023-11-28 00:00,8,0.0001
2023-11-28 08:00,8,0.0001
2023-11-28 16:00,8,0.0001
2023-11-29 00:00,8,0.0001
2023-11-29 08:00,8,0.0001
2023-11-29 16:00,8,0.0001
2023-11-30 00:00,8,0.0001
2023-11-30 08:00,8,0.0001
2023-11-30 16:00,8,0.0001
2023-12-01 00:00,8,0.0001
2023-12-01 08:00,8,0.0001
2023-12-01 16:00,8,0.0001
2023-12-02 00:00,8,0.0001
2023-12-02 08:00,8,0.0001
2023-12-02 16:00,8,0.0001
2023-12-03 00:00,8,0.0001
2023-12-03 08:00,8,0.00023421
2023-12-03 16:00,8,0.00011415
2023-12-04 00:00,8,0.00012357
2023-12-04 08:00,8,0.00046448
2023-12-04 16:00,8,0.0001
2023-12-05 00:00,8,0.00020083
2023-12-05 08:00,8,0.00014654
2023-12-05 16:00,8,0.0001
2023-12-06 00:00,8,0.00028335
2023-12-06 08:00,8,0.00012189
2023-12-06 16:00,8,0.0001
2023-12-07 00:00,8,0.0001
2023-12-07 08:00,8,0.0001
2023-12-07 16:00,8,0.0001
2023-12-08 00:00,8,0.00031513
2023-12-08 08:00,8,0.0003326
2023-12-08 16:00,8,0.00024107
2023-12-09 00:00,8,0.00029692
2023-12-09 08:00,8,0.000426
2023-12-09 16:00,8,0.00024423
2023-12-10 00:00,8,0.00020886
2023-12-10 08:00,8,0.00036126
2023-12-10 16:00,8,0.00028014
2023-12-11 00:00,8,0.00048958
2023-12-11 08:00,8,0.0001
2023-12-11 16:00,8,0.0001
2023-12-12 00:00,8,0.0001
2023-12-12 08:00,8,0.0001
2023-12-12 16:00,8,0.00011448
2023-12-13 00:00,8,0.0001545
2023-12-13 08:00,8,0.0001
2023-12-13 16:00,8,0.0001
2023-12-14 00:00,8,0.0002508
2023-12-14 08:00,8,0.00024686
2023-12-14 16:00,8,0.000275
2023-12-15 00:00,8,0.00059744
2023-12-15 08:00,8,0.00056521
2023-12-15 16:00,8,0.00053015
2023-12-16 00:00,8,0.00019036
2023-12-16 08:00,8,0.00036614
2023-12-16 16:00,8,0.0004082
2023-12-17 00:00,8,0.00045989
2023-12-17 08:00,8,0.00039071
2023-12-17 16:00,8,0.00029295
2023-12-18 00:00,8,0.00043046
2023-12-18 08:00,8,0.00032182
2023-12-18 16:00,8,0.00021275
2023-12-19 00:00,8,0.00027467
2023-12-19 08:00,8,0.00011828
2023-12-19 16:00,8,0.00026455
2023-12-20 00:00,8,0.00029595
2023-12-20 08:00,8,0.00017522
2023-12-20 16:00,8,0.00018549
2023-12-21 00:00,8,0.00037168
2023-12-21 08:00,8,0.00037177
2023-12-21 16:00,8,0.00041918
2023-12-22 00:00,8,0.000518
2023-12-22 08:00,8,0.00042476
2023-12-22 16:00,8,0.00032236
2023-12-23 00:00,8,0.00063868
2023-12-23 08:00,8,0.00014115
2023-12-23 16:00,8,0.00020067
2023-12-24 00:00,8,0.00040622
2023-12-24 08:00,8,0.00036332
2023-12-24 16:00,8,0.00050766
2023-12-25 00:00,8,0.00025053
2023-12-25 08:00,8,0.00049602
2023-12-25 16:00,8,0.00047205
2023-12-26 00:00,8,0.00048479
2023-12-26 08:00,8,0.0003625
2023-12-26 16:00,8,0.00032468
2023-12-27 00:00,8,0.00039223
2023-12-27 08:00,8,0.00028614
2023-12-27 16:00,8,0.00038038
2023-12-28 00:00,8,0.00059614
2023-12-28 08:00,8,0.0003184
2023-12-28 16:00,8,0.00041614
2023-12-29 00:00,8,0.00040103
2023-12-29 08:00,8,0.00048154
2023-12-29 16:00,8,0.00049681
2023-12-30 00:00,8,0.00044118
2023-12-30 08:00,8,0.00047813
2023-12-30 16:00,8,0.00044817
2023-12-31 00:00,8,0.00039146
2023-12-31 08:00,8,0.00030901
2023-12-31 16:00,8,0.00050509
2024-01-01 00:00,8,0.00046576
2024-01-01 08:00,8,0.00042936
2024-01-01 16:00,8,0.00047477
2024-01-02 00:00,8,0.00059947
2024-01-02 08:00,8,0.00075869
2024-01-02 16:00,8,0.00086355
2024-01-03 00:00,8,0.00042375
2024-01-03 08:00,8,0.00060309
2024-01-03 16:00,8,0.0001
2024-01-04 00:00,8,0.0001
2024-01-04 08:00,8,0.0001
2024-01-04 16:00,8,0.0001
2024-01-05 00:00,8,0.0001
2024-01-05 08:00,8,0.0001
2024-01-05 16:00,8,0.0001
2024-01-06 00:00,8,0.0001
2024-01-06 08:00,8,0.0001
2024-01-06 16:00,8,0.0001
2024-01-07 00:00,8,0.0001
2024-01-07 08:00,8,0.0001
2024-01-07 16:00,8,0.0001
2024-01-08 00:00,8,0.0001
2024-01-08 08:00,8,0.0001
2024-01-08 16:00,8,0.0001
2024-01-09 00:00,8,0.0001
2024-01-09 08:00,8,0.0001
2024-01-09 16:00,8,0.0001
2024-01-10 00:00,8,0.0001
2024-01-10 08:00,8,0.0001
2024-01-10 16:00,8,0.0001
2024-01-11 00:00,8,0.0001
2024-01-11 08:00,8,0.0001
2024-01-11 16:00,8,0.0001
2024-01-12 00:00,8,0.0001
2024-01-12 08:00,8,0.0001
2024-01-12 16:00,8,0.0001
2024-01-13 00:00,8,0.0001
2024-01-13 08:00,8,0.0001
2024-01-13 16:00,8,0.0001
2024-01-14 00:00,8,0.0001
2024-01-14 08:00,8,0.0001
2024-01-14 16:00,8,0.0001
2024-01-15 00:00,8,0.0001
2024-01-15 08:00,8,0.0001
2024-01-15 16:00,8,0.0001
2024-01-16 00:00,8,0.0001
2024-01-16 08:00,8,0.0001
2024-01-16 16:00,8,0.0001
2024-01-17 00:00,8,0.0001
2024-01-17 08:00,8,0.0001
2024-01-17 16:00,8,0.0001
2024-01-18 00:00,8,0.0001
2024-01-18 08:00,8,0.0001
2024-01-18 16:00,8,0.0001
2024-01-19 00:00,8,0.0001
2024-01-19 08:00,8,0.0001
2024-01-19 16:00,8,0.0001
2024-01-20 00:00,8,0.0001
2024-01-20 08:00,8,0.0001
2024-01-20 16:00,8,0.0001
2024-01-21 00:00,8,0.0001
2024-01-21 08:00,8,0.0001
2024-01-21 16:00,8,0.0001
2024-01-22 00:00,8,0.0001
2024-01-22 08:00,8,0.0001
2024-01-22 16:00,8,0.0001
2024-01-23 00:00,8,0.0001
2024-01-23 08:00,8,0.0001
2024-01-23 16:00,8,0.0001
2024-01-24 00:00,8,0.0001
2024-01-24 08:00,8,0.0001
2024-01-24 16:00,8,0.0001
2024-01-25 00:00,8,0.0001
2024-01-25 08:00,8,0.0001
2024-01-25 16:00,8,0.0001
2024-01-26 00:00,8,0.0001
2024-01-26 08:00,8,0.0001
2024-01-26 16:00,8,0.0001
2024-01-27 00:00,8,0.0001
2024-01-27 08:00,8,0.0001
2024-01-27 16:00,8,0.0001
2024-01-28 00:00,8,0.0001
2024-01-28 08:00,8,0.0001
2024-01-28 16:00,8,0.0001
2024-01-29 00:00,8,0.0001
2024-01-29 08:00,8,0.0001
2024-01-29 16:00,8,0.0001
2024-01-30 00:00,8,0.0001
2024-01-30 08:00,8,0.0001
2024-01-30 16:00,8,0.0001
2024-01-31 00:00,8,0.0001
2024-01-31 08:00,8,0.0001
2024-01-31 16:00,8,0.0001
2024-02-01 00:00,8,0.0001
2024-02-01 08:00,8,0.0001
2024-02-01 16:00,8,0.0001
2024-02-02 00:00,8,0.0001
2024-02-02 08:00,8,0.0001
2024-02-02 16:00,8,0.0001
2024-02-03 00:00,8,0.0001
2024-02-03 08:00,8,0.0001
2024-02-03 16:00,8,0.0001
2024-02-04 00:00,8,0.0001
2024-02-04 08:00,8,0.0001
2024-02-04 16:00,8,0.0001
2024-02-05 00:00,8,0.0001
2024-02-05 08:00,8,0.0001
2024-02-05 16:00,8,0.0001
2024-02-06 00:00,8,0.0001
2024-02-06 08:00,8,0.0001
2024-02-06 16:00,8,0.0001
2024-02-07 00:00,8,0.0001
2024-02-07 08:00,8,0.0001
2024-02-07 16:00,8,0.0001
2024-02-08 00:00,8,0.0001
2024-02-08 08:00,8,0.0001
2024-02-08 16:00,8,0.0001
2024-02-09 00:00,8,0.0001
2024-02-09 08:00,8,0.0001
2024-02-09 16:00,8,0.0001
2024-02-10 00:00,8,0.0001
2024-02-10 08:00,8,0.0001
2024-02-10 16:00,8,0.0001
2024-02-11 00:00,8,0.0001
2024-02-11 08:00,8,0.0001
2024-02-11 16:00,8,0.0001
2024-02-12 00:00,8,0.0001
2024-02-12 08:00,8,0.0001
2024-02-12 16:00,8,0.0001
2024-02-13 00:00,8,0.00031285
2024-02-13 08:00,8,0.00027939
2024-02-13 16:00,8,0.00026543
2024-02-14 00:00,8,0.000319
2024-02-14 08:00,8,0.00013713
2024-02-14 16:00,8,0.00029648
2024-02-15 00:00,8,0.00033567
2024-02-15 08:00,8,0.00039328
2024-02-15 16:00,8,0.00030238
2024-02-16 00:00,8,0.00047526
2024-02-16 08:00,8,0.00068163
2024-02-16 16:00,8,0.00046019
2024-02-17 00:00,8,0.00037156
2024-02-17 08:00,8,0.00026516
2024-02-17 16:00,8,0.00024671
2024-02-18 00:00,8,0.00023493
2024-02-18 08:00,8,0.00014978
2024-02-18 16:00,8,0.00039745
2024-02-19 00:00,8,0.00042005
2024-02-19 08:00,8,0.0001
2024-02-19 16:00,8,0.00018679
2024-02-20 00:00,8,0.00015738
2024-02-20 08:00,8,0.00043775
2024-02-20 16:00,8,0.00058787
2024-02-21 00:00,8,0.00020738
2024-02-21 08:00,8,0.00021623
2024-02-21 16:00,8,0.00022245
2024-02-22 00:00,8,0.0001
2024-02-22 08:00,8,0.00025024
2024-02-22 16:00,8,0.00019467
2024-02-23 00:00,8,0.00025235
2024-02-23 08:00,8,0.00018335
2024-02-23 16:00,8,0.0001
2024-02-24 00:00,8,0.00028541
2024-02-24 08:00,8,0.00019237
2024-02-24 16:00,8,0.0001
2024-02-25 00:00,8,0.00033322
2024-02-25 08:00,8,0.00028433
2024-02-25 16:00,8,0.00044439
2024-02-26 00:00,8,0.00040548
2024-02-26 08:00,8,0.00054567
2024-02-26 16:00,8,0.0001
2024-02-27 00:00,8,0.00033928
2024-02-27 08:00,8,0.00062354
2024-02-27 16:00,8,0.00055202
2024-02-28 00:00,8,0.00064375
2024-02-28 08:00,8,0.00051
2024-02-28 16:00,8,0.00049921
2024-02-29 00:00,8,0.00055329
2024-02-29 08:00,8,0.00071488
2024-02-29 16:00,8,0.00083334
2024-03-01 00:00,8,0.00069643
2024-03-01 08:00,8,0.00095012
2024-03-01 16:00,8,0.00070689
2024-03-02 00:00,8,0.00112298
2024-03-02 08:00,8,0.00106761
2024-03-02 16:00,8,0.00087882
2024-03-03 00:00,8,0.00120826
2024-03-03 08:00,8,0.00131689
2024-03-03 16:00,8,0.00106944
2024-03-04 00:00,8,0.00075331
2024-03-04 08:00,8,0.00137251
2024-03-04 16:00,8,0.00095848
2024-03-05 00:00,8,0.0007583
2024-03-05 08:00,8,0.00135153
2024-03-05 16:00,8,0.00133989
2024-03-06 00:00,8,0.00023205
2024-03-06 08:00,8,0.00029271
2024-03-06 16:00,8,0.00052914
2024-03-07 00:00,8,0.00045062
2024-03-07 08:00,8,0.00060989
2024-03-07 16:00,8,0.0006707
2024-03-08 00:00,8,0.00055867
2024-03-08 08:00,8,0.00075755
2024-03-08 16:00,8,0.00061945
2024-03-09 00:00,8,0.0008089
2024-03-09 08:00,8,0.00126288
2024-03-09 16:00,8,0.00137138
2024-03-10 00:00,8,0.00133926
2024-03-10 08:00,8,0.00113201
2024-03-10 16:00,8,0.00083427
2024-03-11 00:00,8,0.00068207
2024-03-11 08:00,8,0.0006767
2024-03-11 16:00,8,0.00070195
2024-03-12 00:00,8,0.00080991
2024-03-12 08:00,8,0.00076442
2024-03-12 16:00,8,0.00052559
2024-03-13 00:00,8,0.00072908
2024-03-13 08:00,8,0.00075562
2024-03-13 16:00,8,0.0006018
2024-03-14 00:00,8,0.00040756
2024-03-14 08:00,8,0.00077944
2024-03-14 16:00,8,0.00078884
2024-03-15 00:00,8,0.00093112
2024-03-15 08:00,8,0.00047736
2024-03-15 16:00,8,0.00019509
2024-03-16 00:00,8,0.00035128
2024-03-16 08:00,8,0.00040786
2024-03-16 16:00,8,0.00016943
2024-03-17 00:00,8,0.00016552
2024-03-17 08:00,8,0.00031013
2024-03-17 16:00,8,0.00023488
2024-03-18 00:00,8,0.0003855
2024-03-18 08:00,8,0.00020992
2024-03-18 16:00,8,0.00015615
2024-03-19 00:00,8,0.00010174
2024-03-19 08:00,8,0.0001
2024-03-19 16:00,8,0.0001
2024-03-20 00:00,8,0.00010201
2024-03-20 08:00,8,0.0001325
2024-03-20 16:00,8,0.00010756
2024-03-21 00:00,8,0.00013689
2024-03-21 08:00,8,0.0001
2024-03-21 16:00,8,0.0001283
2024-03-22 00:00,8,0.00029983
2024-03-22 08:00,8,0.00021619
2024-03-22 16:00,8,0.00018164
2024-03-23 00:00,8,0.00017299
2024-03-23 08:00,8,0.00014533
2024-03-23 16:00,8,0.00038393
2024-03-24 00:00,8,0.0003207
2024-03-24 08:00,8,0.0001
2024-03-24 16:00,8,0.0001
2024-03-25 00:00,8,0.00016223
2024-03-25 08:00,8,0.00026731
2024-03-25 16:00,8,0.00029949
2024-03-26 00:00,8,0.0004323
2024-03-26 08:00,8,0.00032689
2024-03-26 16:00,8,0.00053892
2024-03-27 00:00,8,0.00046134
2024-03-27 08:00,8,0.00053366
2024-03-27 16:00,8,0.00039187
2024-03-28 00:00,8,0.0004487
2024-03-28 08:00,8,0.00043759
2024-03-28 16:00,8,0.000546
2024-03-29 00:00,8,0.00065191
2024-03-29 08:00,8,0.00053415
2024-03-29 16:00,8,0.00058755
2024-03-30 00:00,8,0.00058902
2024-03-30 08:00,8,0.00061775
2024-03-30 16:00,8,0.00066644
2024-03-31 00:00,8,0.00059442
2024-03-31 08:00,8,0.00071823
2024-03-31 16:00,8,0.00086366
2024-04-01 00:00,8,0.00095143
2024-04-01 08:00,8,0.00041908
2024-04-01 16:00,8,0.00042236
2024-04-02 00:00,8,0.00043046
2024-04-02 08:00,8,0.00018861
2024-04-02 16:00,8,0.00016597
2024-04-03 00:00,8,0.00025509
2024-04-03 08:00,8,0.0001
2024-04-03 16:00,8,0.0001125
2024-04-04 00:00,8,0.00024481
2024-04-04 08:00,8,0.0002279
2024-04-04 16:00,8,0.00022319
2024-04-05 00:00,8,0.00024538
2024-04-05 08:00,8,0.0001
2024-04-05 16:00,8,0.00023287
2024-04-06 00:00,8,0.00031387
2024-04-06 08:00,8,0.0001456
2024-04-06 16:00,8,0.00022067
2024-04-07 00:00,8,0.00027441
2024-04-07 08:00,8,0.00019435
2024-04-07 16:00,8,0.00023122
2024-04-08 00:00,8,0.00024674
2024-04-08 08:00,8,0.00024677
2024-04-08 16:00,8,0.0002987
2024-04-09 00:00,8,0.00042446
2024-04-09 08:00,8,0.00017809
2024-04-09 16:00,8,0.00016675
2024-04-10 00:00,8,0.00028217
2024-04-10 08:00,8,0.00014402
2024-04-10 16:00,8,0.0001937
2024-04-11 00:00,8,0.00024918
2024-04-11 08:00,8,0.00020517
2024-04-11 16:00,8,0.0002066
2024-04-12 00:00,8,0.00032056
2024-04-12 08:00,8,0.00024865
2024-04-12 16:00,8,0.00024197
2024-04-13 00:00,8,0.0001
2024-04-13 08:00,8,0.0001
2024-04-13 16:00,8,0.0001
2024-04-14 00:00,8,9.058e-05
2024-04-14 08:00,8,2.303e-05
2024-04-14 16:00,8,0.0001
2024-04-15 00:00,8,0.0001
2024-04-15 08:00,8,0.0001
2024-04-15 16:00,8,0.0001
2024-04-16 00:00,8,0.0001
2024-04-16 08:00,8,0.0001
2024-04-16 16:00,8,0.0001
2024-04-17 00:00,8,0.0001
2024-04-17 08:00,8,6.614e-05
2024-04-17 16:00,8,7.266e-05
2024-04-18 00:00,8,2.631e-05
2024-04-18 08:00,8,5.954e-05
2024-04-18 16:00,8,2.52e-05
2024-04-19 00:00,8,0.0001
2024-04-19 08:00,8,8.316e-05
2024-04-19 16:00,8,0.0001
2024-04-20 00:00,8,0.0001
2024-04-20 08:00,8,6.252e-05
2024-04-20 16:00,8,0.0001
2024-04-21 00:00,8,0.0001
2024-04-21 08:00,8,8e-07
2024-04-21 16:00,8,0.0001
2024-04-22 00:00,8,0.0001
2024-04-22 08:00,8,0.0001
2024-04-22 16:00,8,2.092e-05
2024-04-23 00:00,8,0.0001
2024-04-23 08:00,8,9.88e-06
2024-04-23 16:00,8,-2.211e-05
2024-04-24 00:00,8,-2.125e-05
2024-04-24 08:00,8,1.267e-05
2024-04-24 16:00,8,0.0001
2024-04-25 00:00,8,6.191e-05
2024-04-25 08:00,8,-6.714e-05
2024-04-25 16:00,8,-6.795e-05
2024-04-26 00:00,8,-2.145e-05
2024-04-26 08:00,8,4.617e-05
2024-04-26 16:00,8,-5.876e-05
2024-04-27 00:00,8,0.0001
2024-04-27 08:00,8,8.47e-05
2024-04-27 16:00,8,8.407e-05
2024-04-28 00:00,8,9.036e-05
2024-04-28 08:00,8,3.129e-05
2024-04-28 16:00,8,0.0001
2024-04-29 00:00,8,0.0001
2024-04-29 08:00,8,7.144e-05
2024-04-29 16:00,8,0.0001
2024-04-30 00:00,8,0.0001
2024-04-30 08:00,8,8.377e-05
2024-04-30 16:00,8,8.854e-05
2024-05-01 00:00,8,0.0001
2024-05-01 08:00,8,0.0001
2024-05-01 16:00,8,0.0001
2024-05-02 00:00,8,0.0001
2024-05-02 08:00,8,0.0001
2024-05-02 16:00,8,0.0001
2024-05-03 00:00,8,0.0001
2024-05-03 08:00,8,0.0001
2024-05-03 16:00,8,0.0001
2024-05-04 00:00,8,0.0001
2024-05-04 08:00,8,0.0001
2024-05-04 16:00,8,0.0001
2024-05-05 00:00,8,0.0001
2024-05-05 08:00,8,0.0001
2024-05-05 16:00,8,5.184e-05
2024-05-06 00:00,8,0.0001
2024-05-06 08:00,8,6.936e-05
2024-05-06 16:00,8,0.0001
2024-05-07 00:00,8,0.0001
2024-05-07 08:00,8,0.0001
2024-05-07 16:00,8,0.0001
2024-05-08 00:00,8,0.0001
2024-05-08 08:00,8,0.0001
2024-05-08 16:00,8,0.0001
2024-05-09 00:00,8,9.196e-05
2024-05-09 08:00,8,4.53e-05
2024-05-09 16:00,8,0.0001
2024-05-10 00:00,8,-1.31e-05
2024-05-10 08:00,8,0.0001
2024-05-10 16:00,8,0.0001
2024-05-11 00:00,8,4.208e-05
2024-05-11 08:00,8,0.0001
2024-05-11 16:00,8,0.0001
2024-05-12 00:00,8,0.0001
2024-05-12 08:00,8,0.0001
2024-05-12 16:00,8,0.0001
2024-05-13 00:00,8,0.0001
2024-05-13 08:00,8,6.854e-05
2024-05-13 16:00,8,0.0001
2024-05-14 00:00,8,-1.133e-05
2024-05-14 08:00,8,-2.83e-06
2024-05-14 16:00,8,2.709e-05
2024-05-15 00:00,8,-0.0001968
2024-05-15 08:00,8,0.0001
2024-05-15 16:00,8,-7.119e-05
2024-05-16 00:00,8,-1.025e-05
2024-05-16 08:00,8,0.0001
2024-05-16 16:00,8,6.644e-05
2024-05-17 00:00,8,0.0001
2024-05-17 08:00,8,7.339e-05
2024-05-17 16:00,8,0.0001
2024-05-18 00:00,8,0.0001
2024-05-18 08:00,8,0.0001
2024-05-18 16:00,8,7.934e-05
2024-05-19 00:00,8,0.0001
2024-05-19 08:00,8,0.0001
2024-05-19 16:00,8,4.136e-05
2024-05-20 00:00,8,-6.232e-05
2024-05-20 08:00,8,-6.445e-05
2024-05-20 16:00,8,0.0001
2024-05-21 00:00,8,0.0001
2024-05-21 08:00,8,0.0001
2024-05-21 16:00,8,0.0001
2024-05-22 00:00,8,0.0001
2024-05-22 08:00,8,0.0001
2024-05-22 16:00,8,0.0001
2024-05-23 00:00,8,0.0001
2024-05-23 08:00,8,0.0001
2024-05-23 16:00,8,0.0001
2024-05-24 00:00,8,0.0001
2024-05-24 08:00,8,0.0001
2024-05-24 16:00,8,0.0001
2024-05-25 00:00,8,0.0001
2024-05-25 08:00,8,0.0001
2024-05-25 16:00,8,0.0001
2024-05-26 00:00,8,0.00017075
2024-05-26 08:00,8,0.0001
2024-05-26 16:00,8,0.00020202
2024-05-27 00:00,8,0.00020191
2024-05-27 08:00,8,0.00010734
2024-05-27 16:00,8,0.00024566
2024-05-28 00:00,8,0.00036507
2024-05-28 08:00,8,0.00011395
2024-05-28 16:00,8,0.00026828
2024-05-29 00:00,8,0.00040383
2024-05-29 08:00,8,0.00021332
2024-05-29 16:00,8,0.00017179
2024-05-30 00:00,8,0.00015983
2024-05-30 08:00,8,0.00013137
2024-05-30 16:00,8,0.00011516
2024-05-31 00:00,8,0.0001
2024-05-31 08:00,8,0.00010212
2024-05-31 16:00,8,0.0001
2024-06-01 00:00,8,0.0003018
2024-06-01 08:00,8,0.00013558
2024-06-01 16:00,8,0.00010508
2024-06-02 00:00,8,0.00029922
2024-06-02 08:00,8,0.00022154
2024-06-02 16:00,8,0.00022299
2024-06-03 00:00,8,0.0001
2024-06-03 08:00,8,0.00011474
2024-06-03 16:00,8,0.00016304
2024-06-04 00:00,8,0.0001
2024-06-04 08:00,8,0.0001
2024-06-04 16:00,8,0.00013725
2024-06-05 00:00,8,0.00028614
2024-06-05 08:00,8,0.00027089
2024-06-05 16:00,8,0.00012957
2024-06-06 00:00,8,0.00023887
2024-06-06 08:00,8,0.00016335
2024-06-06 16:00,8,0.00028571
2024-06-07 00:00,8,0.0001
2024-06-07 08:00,8,0.00025275
2024-06-07 16:00,8,0.00033963
2024-06-08 00:00,8,-4.45e-05
2024-06-08 08:00,8,0.0001
2024-06-08 16:00,8,0.0001
2024-06-09 00:00,8,0.0001
2024-06-09 08:00,8,0.0001
2024-06-09 16:00,8,0.0001
2024-06-10 00:00,8,0.0001
2024-06-10 08:00,8,0.0001
2024-06-10 16:00,8,0.0001
2024-06-11 00:00,8,0.0001
2024-06-11 08:00,8,0.0001
2024-06-11 16:00,8,0.0001
2024-06-12 00:00,8,0.0001
2024-06-12 08:00,8,0.0001
2024-06-12 16:00,8,0.0001
2024-06-13 00:00,8,0.0001
2024-06-13 08:00,8,0.0001
2024-06-13 16:00,8,0.0001
2024-06-14 00:00,8,0.0001
2024-06-14 08:00,8,0.0001
2024-06-14 16:00,8,0.0001
2024-06-15 00:00,8,0.0001
2024-06-15 08:00,8,8.652e-05
2024-06-15 16:00,8,0.0001
2024-06-16 00:00,8,0.0001
2024-06-16 08:00,8,0.0001
2024-06-16 16:00,8,0.0001
2024-06-17 00:00,8,0.0001
2024-06-17 08:00,8,0.0001
2024-06-17 16:00,8,0.0001
2024-06-18 00:00,8,0.0001
2024-06-18 08:00,8,3.817e-05
2024-06-18 16:00,8,5.966e-05
2024-06-19 00:00,8,-2.215e-05
2024-06-19 08:00,8,5.686e-05
2024-06-19 16:00,8,0.0001
2024-06-20 00:00,8,0.0001
2024-06-20 08:00,8,-0.00010802
2024-06-20 16:00,8,9.329e-05
2024-06-21 00:00,8,0.0001
2024-06-21 08:00,8,0.0001
2024-06-21 16:00,8,9.246e-05
2024-06-22 00:00,8,0.0001
2024-06-22 08:00,8,0.0001
2024-06-22 16:00,8,0.0001
2024-06-23 00:00,8,0.0001
2024-06-23 08:00,8,0.0001
2024-06-23 16:00,8,0.0001
2024-06-24 00:00,8,0.0001
2024-06-24 08:00,8,0.0001
2024-06-24 16:00,8,0.0001
2024-06-25 00:00,8,0.0001
2024-06-25 08:00,8,0.0001
2024-06-25 16:00,8,0.0001
2024-06-26 00:00,8,0.0001
2024-06-26 08:00,8,0.0001
2024-06-26 16:00,8,0.0001
2024-06-27 00:00,8,0.0001
2024-06-27 08:00,8,0.0001
2024-06-27 16:00,8,9.641e-05
2024-06-28 00:00,8,0.0001
2024-06-28 08:00,8,6.891e-05
2024-06-28 16:00,8,2.281e-05
2024-06-29 00:00,8,0.0001
2024-06-29 08:00,8,-2.71e-05
2024-06-29 16:00,8,0.0001
2024-06-30 00:00,8,-6.325e-05
2024-06-30 08:00,8,-8.579e-05
2024-06-30 16:00,8,-2.914e-05
2024-07-01 00:00,8,-3.56e-05
2024-07-01 08:00,8,4.433e-05
2024-07-01 16:00,8,-7.708e-05
2024-07-02 00:00,8,0.0001
2024-07-02 08:00,8,0.0001
2024-07-02 16:00,8,0.0001
2024-07-03 00:00,8,0.0001
2024-07-03 08:00,8,0.0001
2024-07-03 16:00,8,0.0001
2024-07-04 00:00,8,0.0001
2024-07-04 08:00,8,-9.338e-05
2024-07-04 16:00,8,0.0001
2024-07-05 00:00,8,3.213e-05
2024-07-05 08:00,8,-0.0004226
2024-07-05 16:00,8,-0.00064062
2024-07-06 00:00,8,-2.783e-05
2024-07-06 08:00,8,-0.00033776
2024-07-06 16:00,8,-0.00017031
2024-07-07 00:00,8,5.975e-05
2024-07-07 08:00,8,0.0001
2024-07-07 16:00,8,0.0001
2024-07-08 00:00,8,0.0001
2024-07-08 08:00,8,-2.266e-05
2024-07-08 16:00,8,7.647e-05
2024-07-09 00:00,8,-5.69e-06
2024-07-09 08:00,8,-1.92e-06
2024-07-09 16:00,8,4.535e-05
2024-07-10 00:00,8,0.0001
2024-07-10 08:00,8,0.0001
2024-07-10 16:00,8,-4.769e-05
2024-07-11 00:00,8,6.669e-05
2024-07-11 08:00,8,1.082e-05
2024-07-11 16:00,8,-0.00020615
2024-07-12 00:00,8,-0.00073404
2024-07-12 08:00,8,-0.00043208
2024-07-12 16:00,8,-0.00056495
2024-07-13 00:00,8,-0.00016761
2024-07-13 08:00,8,-0.00037515
2024-07-13 16:00,8,-8.107e-05
2024-07-14 00:00,8,7.155e-05
2024-07-14 08:00,8,-6.51e-06
2024-07-14 16:00,8,4.318e-05
2024-07-15 00:00,8,9.936e-05
2024-07-15 08:00,8,-0.00029783
2024-07-15 16:00,8,-5.248e-05
2024-07-16 00:00,8,8.17e-05
2024-07-16 08:00,8,0.0001
2024-07-16 16:00,8,-0.00131237
2024-07-17 00:00,8,0.0001
2024-07-17 08:00,8,-0.00082139
2024-07-17 16:00,8,-0.00105357
2024-07-18 00:00,8,-2.611e-05
2024-07-18 08:00,8,-5.45e-05
2024-07-18 16:00,8,-0.0001854
2024-07-19 00:00,8,7.221e-05
2024-07-19 08:00,8,5.623e-05
2024-07-19 16:00,8,-0.00068245
2024-07-20 00:00,8,-0.00021837
2024-07-20 08:00,8,-1.646e-05
2024-07-20 16:00,8,-0.00054847
2024-07-21 00:00,8,-0.00024282
2024-07-21 08:00,8,-0.00025638
2024-07-21 16:00,8,-0.00071428
2024-07-22 00:00,8,-0.00032231
2024-07-22 08:00,8,-0.00024194
2024-07-22 16:00,8,-0.00040985
2024-07-23 00:00,8,-7.389e-05
2024-07-23 08:00,8,-0.00047297
2024-07-23 16:00,8,-0.00044939
2024-07-24 00:00,8,-0.00043881
2024-07-24 08:00,8,-0.00070104
2024-07-24 16:00,8,-0.00145228
2024-07-25 00:00,8,-0.00060381
2024-07-25 08:00,8,-0.00019008
2024-07-25 16:00,8,-5.713e-05
2024-07-26 00:00,8,-0.00018866
2024-07-26 08:00,8,-0.00065098
2024-07-26 16:00,8,-4.306e-05
2024-07-27 00:00,8,-0.00046518
2024-07-27 08:00,8,-0.00088996
2024-07-27 16:00,8,-0.00109865
2024-07-28 00:00,8,-0.00013751
2024-07-28 08:00,8,-0.00011023
2024-07-28 16:00,8,0.0001
2024-07-29 00:00,8,0.0001
2024-07-29 08:00,8,-0.00013031
2024-07-29 16:00,8,-0.00020286
2024-07-30 00:00,8,7.941e-05
2024-07-30 08:00,8,0.0001
2024-07-30 16:00,8,7.903e-05
2024-07-31 00:00,8,7.805e-05
2024-07-31 08:00,8,3.031e-05
2024-07-31 16:00,8,9.832e-05
2024-08-01 00:00,8,3.633e-05
2024-08-01 08:00,8,-7.496e-05
2024-08-01 16:00,8,-5.527e-05
2024-08-02 00:00,8,-0.00027326
2024-08-02 08:00,8,3.987e-05
2024-08-02 16:00,8,7.228e-05
2024-08-03 00:00,8,-1.844e-05
2024-08-03 08:00,8,-0.00022122
2024-08-03 16:00,8,-0.0001801
2024-08-04 00:00,8,-0.00044797
2024-08-04 08:00,8,-0.00031262
2024-08-04 16:00,8,-0.00020501
2024-08-05 00:00,8,-0.000367
2024-08-05 08:00,8,-0.00041854
2024-08-05 16:00,8,-0.00036452
2024-08-06 00:00,8,2.585e-05
2024-08-06 08:00,8,-0.00045065
2024-08-06 16:00,8,-0.00022762
2024-08-07 00:00,8,-0.00021148
2024-08-07 08:00,8,-0.00026286
2024-08-07 16:00,8,-0.00034619
2024-08-08 00:00,8,-4.621e-05
2024-08-08 08:00,8,-9.238e-05
2024-08-08 16:00,8,-0.00013642
2024-08-09 00:00,8,-0.0001836
2024-08-09 08:00,8,-0.00016267
2024-08-09 16:00,8,-9.951e-05
2024-08-10 00:00,8,-0.00019833
2024-08-10 08:00,8,-2.001e-05
2024-08-10 16:00,8,-0.00012853
2024-08-11 00:00,8,-7.706e-05
2024-08-11 08:00,8,-0.00022385
2024-08-11 16:00,8,-0.00010678
2024-08-12 00:00,8,4.589e-05
2024-08-12 08:00,8,-0.00023561
2024-08-12 16:00,8,8.613e-05
2024-08-13 00:00,8,2.294e-05
2024-08-13 08:00,8,-0.00019073
2024-08-13 16:00,8,-6.51e-05
2024-08-14 00:00,8,0.0001
2024-08-14 08:00,8,-0.00014813
2024-08-14 16:00,8,-0.00018844
2024-08-15 00:00,8,5.126e-05
2024-08-15 08:00,8,-4.07e-05
2024-08-15 16:00,8,-0.00022796
2024-08-16 00:00,8,-0.00063344
2024-08-16 08:00,8,-0.00029231
2024-08-16 16:00,8,-0.00018175
2024-08-17 00:00,8,-0.00035996
2024-08-17 08:00,8,-0.00025924
2024-08-17 16:00,8,-0.00039529
2024-08-18 00:00,8,-0.00018644
2024-08-18 08:00,8,-0.00021783
2024-08-18 16:00,8,-0.00017651
2024-08-19 00:00,8,6.509e-05
2024-08-19 08:00,8,-0.00016708
2024-08-19 16:00,8,-1.885e-05
2024-08-20 00:00,8,0.0001
2024-08-20 08:00,8,-0.00015535
2024-08-20 16:00,8,7.508e-05
2024-08-21 00:00,8,6.587e-05
2024-08-21 08:00,8,2.292e-05
2024-08-21 16:00,8,3.448e-05
2024-08-22 00:00,8,0.0001
2024-08-22 08:00,8,0.0001
2024-08-22 16:00,8,-1.163e-05
2024-08-23 00:00,8,5.011e-05
2024-08-23 08:00,8,-0.00021683
2024-08-23 16:00,8,0.0001
2024-08-24 00:00,8,0.0001
2024-08-24 08:00,8,0.0001
2024-08-24 16:00,8,0.0001
2024-08-25 00:00,8,0.0001
2024-08-25 08:00,8,0.0001
2024-08-25 16:00,8,0.0001
2024-08-26 00:00,8,0.0001
2024-08-26 08:00,8,0.0001
2024-08-26 16:00,8,0.0001
2024-08-27 00:00,8,-1.05e-06
2024-08-27 08:00,8,6.132e-05
2024-08-27 16:00,8,4.536e-05
2024-08-28 00:00,8,-0.00017019
2024-08-28 08:00,8,-0.00019085
2024-08-28 16:00,8,-0.00020201
2024-08-29 00:00,8,-0.00026741
2024-08-29 08:00,8,-0.0003182
2024-08-29 16:00,8,-0.00028078
2024-08-30 00:00,8,-0.00010687
2024-08-30 08:00,8,5.373e-05
2024-08-30 16:00,8,-0.00023113
2024-08-31 00:00,8,0.0001
2024-08-31 08:00,8,9.022e-05
2024-08-31 16:00,8,5.936e-05
2024-09-01 00:00,8,-1.05e-06
2024-09-01 08:00,8,0.0001
2024-09-01 16:00,8,-6.381e-05
2024-09-02 00:00,8,-0.00027127
2024-09-02 08:00,8,-0.00014085
2024-09-02 16:00,8,4.709e-05
2024-09-03 00:00,8,-3.519e-05
2024-09-03 08:00,8,-0.00024923
2024-09-03 16:00,8,-9.921e-05
2024-09-04 00:00,8,-6.691e-05
2024-09-04 08:00,8,-0.00029136
2024-09-04 16:00,8,-0.00024311
2024-09-05 00:00,8,8.533e-05
2024-09-05 08:00,8,5.553e-05
2024-09-05 16:00,8,6.992e-05
2024-09-06 00:00,8,0.0001
2024-09-06 08:00,8,-2.43e-06
2024-09-06 16:00,8,7.412e-05
2024-09-07 00:00,8,-0.0001327
2024-09-07 08:00,8,-0.00011694
2024-09-07 16:00,8,-2.54e-06
2024-09-08 00:00,8,9.301e-05
2024-09-08 08:00,8,4.72e-05
2024-09-08 16:00,8,5.394e-05
2024-09-09 00:00,8,0.0001
2024-09-09 08:00,8,0.0001
2024-09-09 16:00,8,0.0001
2024-09-10 00:00,8,0.0001
2024-09-10 08:00,8,0.0001
2024-09-10 16:00,8,0.0001
2024-09-11 00:00,8,6.034e-05
2024-09-11 08:00,8,3.736e-05
2024-09-11 16:00,8,1.24e-06
2024-09-12 00:00,8,-2.81e-05
2024-09-12 08:00,8,-0.00029501
2024-09-12 16:00,8,-8.238e-05
2024-09-13 00:00,8,0.0001
2024-09-13 08:00,8,5.121e-05
2024-09-13 16:00,8,-0.00031519
2024-09-14 00:00,8,-0.00031785
2024-09-14 08:00,8,-2.501e-05
2024-09-14 16:00,8,-5.231e-05
2024-09-15 00:00,8,0.0001
2024-09-15 08:00,8,-2.133e-05
2024-09-15 16:00,8,5.322e-05
2024-09-16 00:00,8,-2.291e-05
2024-09-16 08:00,8,2.548e-05
2024-09-16 16:00,8,-0.00017202
2024-09-17 00:00,8,-9.397e-05
2024-09-17 08:00,8,-0.00012111
2024-09-17 16:00,8,-9.038e-05
2024-09-18 00:00,8,0.0001
2024-09-18 08:00,8,0.0001
2024-09-18 16:00,8,0.0001
2024-09-19 00:00,8,0.0001
2024-09-19 08:00,8,0.0001
2024-09-19 16:00,8,5.879e-05
2024-09-20 00:00,8,0.0001
2024-09-20 08:00,8,0.0001
2024-09-20 16:00,8,0.0001
2024-09-21 00:00,8,0.0001
2024-09-21 08:00,8,0.0001
2024-09-21 16:00,8,5.578e-05
2024-09-22 00:00,8,0.0001
2024-09-22 08:00,8,-4.291e-05
2024-09-22 16:00,8,6.452e-05
2024-09-23 00:00,8,-1.7e-05
2024-09-23 08:00,8,0.0001
2024-09-23 16:00,8,0.0001
2024-09-24 00:00,8,0.0001
2024-09-24 08:00,8,-1.422e-05
2024-09-24 16:00,8,0.0001
2024-09-25 00:00,8,0.0001
2024-09-25 08:00,8,0.0001
2024-09-25 16:00,8,0.0001
2024-09-26 00:00,8,0.0001
2024-09-26 08:00,8,0.0001
2024-09-26 16:00,8,0.0001
2024-09-27 00:00,8,0.0001
2024-09-27 08:00,8,0.0001
2024-09-27 16:00,8,0.0001
2024-09-28 00:00,8,0.0001
2024-09-28 08:00,8,0.0001
2024-09-28 16:00,8,0.0001
2024-09-29 00:00,8,0.0001
2024-09-29 08:00,8,0.0001
2024-09-29 16:00,8,0.0001
2024-09-30 00:00,8,0.0001
2024-09-30 08:00,8,0.0001
2024-09-30 16:00,8,0.0001
2024-10-01 00:00,8,0.0001
2024-10-01 08:00,8,0.0001
2024-10-01 16:00,8,0.0001
2024-10-02 00:00,8,0.0001
2024-10-02 08:00,8,-5.71e-06
2024-10-02 16:00,8,0.0001
2024-10-03 00:00,8,0.0001
2024-10-03 08:00,8,7.846e-05
2024-10-03 16:00,8,7.203e-05
2024-10-04 00:00,8,5.472e-05
2024-10-04 08:00,8,-4.959e-05
2024-10-04 16:00,8,0.0001
2024-10-05 00:00,8,0.0001
2024-10-05 08:00,8,8.247e-05
2024-10-05 16:00,8,0.0001
2024-10-06 00:00,8,0.0001
2024-10-06 08:00,8,2.874e-05
2024-10-06 16:00,8,-7.23e-06
2024-10-07 00:00,8,0.0001
2024-10-07 08:00,8,0.0001
2024-10-07 16:00,8,0.0001
2024-10-08 00:00,8,0.0001
2024-10-08 08:00,8,0.0001
2024-10-08 16:00,8,0.0001
2024-10-09 00:00,8,0.0001
2024-10-09 08:00,8,0.0001
2024-10-09 16:00,8,0.0001
2024-10-10 00:00,8,0.0001
2024-10-10 08:00,8,-5.476e-05
2024-10-10 16:00,8,0.0001
2024-10-11 00:00,8,0.0001
2024-10-11 08:00,8,-6.622e-05
2024-10-11 16:00,8,9.015e-05
2024-10-12 00:00,8,0.0001
2024-10-12 08:00,8,0.0001
2024-10-12 16:00,8,0.0001
2024-10-13 00:00,8,0.0001
2024-10-13 08:00,8,0.0001
2024-10-13 16:00,8,0.0001
2024-10-14 00:00,8,0.0001
2024-10-14 08:00,8,0.0001
2024-10-14 16:00,8,0.0001
2024-10-15 00:00,8,0.0001
2024-10-15 08:00,8,0.0001
2024-10-15 16:00,8,0.0001
2024-10-16 00:00,8,0.0001
2024-10-16 08:00,8,0.0001
2024-10-16 16:00,8,0.0001
2024-10-17 00:00,8,0.0001
2024-10-17 08:00,8,0.0001
2024-10-17 16:00,8,0.0001
2024-10-18 00:00,8,0.0001
2024-10-18 08:00,8,1.347e-05
2024-10-18 16:00,8,0.0001
2024-10-19 00:00,8,0.0001
2024-10-19 08:00,8,0.0001
2024-10-19 16:00,8,0.0001
2024-10-20 00:00,8,0.0001
2024-10-20 08:00,8,4.299e-05
2024-10-20 16:00,8,0.0001
2024-10-21 00:00,8,0.0001
2024-10-21 08:00,8,0.0001
2024-10-21 16:00,8,0.0001
2024-10-22 00:00,8,0.0001
2024-10-22 08:00,8,0.0001
2024-10-22 16:00,8,0.0001
2024-10-23 00:00,8,0.0001
2024-10-23 08:00,8,0.0001
2024-10-23 16:00,8,0.0001
2024-10-24 00:00,8,0.0001
2024-10-24 08:00,8,0.0001
2024-10-24 16:00,8,0.0001
2024-10-25 00:00,8,0.0001
2024-10-25 08:00,8,8.861e-05
2024-10-25 16:00,8,5.605e-05
2024-10-26 00:00,8,1.039e-05
2024-10-26 08:00,8,-0.00012781
2024-10-26 16:00,8,5.936e-05
2024-10-27 00:00,8,0.0001
2024-10-27 08:00,8,1.818e-05
2024-10-27 16:00,8,7.553e-05
2024-10-28 00:00,8,0.0001
2024-10-28 08:00,8,6.639e-05
2024-10-28 16:00,8,6.162e-05
2024-10-29 00:00,8,0.0001
2024-10-29 08:00,8,0.0001
2024-10-29 16:00,8,0.0001
2024-10-30 00:00,8,0.0001
2024-10-30 08:00,8,0.0001
2024-10-30 16:00,8,0.0001
2024-10-31 00:00,8,0.0001
2024-10-31 08:00,8,0.0001
2024-10-31 16:00,8,0.0001
2024-11-01 00:00,8,0.0001
2024-11-01 08:00,8,0.0001
2024-11-01 16:00,8,0.0001
2024-11-02 00:00,8,0.0001
2024-11-02 08:00,8,0.0001
2024-11-02 16:00,8,0.0001
2024-11-03 00:00,8,0.0001
2024-11-03 08:00,8,0.0001
2024-11-03 16:00,8,6.557e-05
2024-11-04 00:00,8,8.212e-05
2024-11-04 08:00,8,9.628e-05
2024-11-04 16:00,8,0.0001
2024-11-05 00:00,8,5.832e-05
2024-11-05 08:00,8,7.415e-05
2024-11-05 16:00,8,0.0001
2024-11-06 00:00,8,0.0001
2024-11-06 08:00,8,0.0001
2024-11-06 16:00,8,0.0001
2024-11-07 00:00,8,0.0001
2024-11-07 08:00,8,0.0001
2024-11-07 16:00,8,0.0001
2024-11-08 00:00,8,0.0001
2024-11-08 08:00,8,0.0001
2024-11-08 16:00,8,0.0001
2024-11-09 00:00,8,0.0001
2024-11-09 08:00,8,0.0001
2024-11-09 16:00,8,0.0001
2024-11-10 00:00,8,0.0001
2024-11-10 08:00,8,0.0001
2024-11-10 16:00,8,0.0001
2024-11-11 00:00,8,0.00014904
2024-11-11 08:00,8,0.00019331
2024-11-11 16:00,8,0.00011649
2024-11-12 00:00,8,0.00029732
2024-11-12 08:00,8,0.0004908
2024-11-12 16:00,8,0.00038947
2024-11-13 00:00,8,0.0001
2024-11-13 08:00,8,0.0001
2024-11-13 16:00,8,0.0001
2024-11-14 00:00,8,0.0001
2024-11-14 08:00,8,0.00018572
2024-11-14 16:00,8,0.00013711
2024-11-15 00:00,8,0.00022553
2024-11-15 08:00,8,0.00017568
2024-11-15 16:00,8,0.00010101
2024-11-16 00:00,8,0.00023803
2024-11-16 08:00,8,0.0003028
2024-11-16 16:00,8,0.00021694
2024-11-17 00:00,8,0.00035645
2024-11-17 08:00,8,0.00021483
2024-11-17 16:00,8,0.00012205
2024-11-18 00:00,8,0.0001
2024-11-18 08:00,8,0.00026512
2024-11-18 16:00,8,0.00018701
2024-11-19 00:00,8,0.00027817
2024-11-19 08:00,8,0.00023708
2024-11-19 16:00,8,0.0001
2024-11-20 00:00,8,0.0001
2024-11-20 08:00,8,0.0001
2024-11-20 16:00,8,0.0001
2024-11-21 00:00,8,0.0001
2024-11-21 08:00,8,0.0001
2024-11-21 16:00,8,0.0001
2024-11-22 00:00,8,0.00028849
2024-11-22 08:00,8,0.00033088
2024-11-22 16:00,8,0.00028882
2024-11-23 00:00,8,0.00029426
2024-11-23 08:00,8,0.00046809
2024-11-23 16:00,8,0.00058137
2024-11-24 00:00,8,0.00031248
2024-11-24 08:00,8,0.00026459
2024-11-24 16:00,8,0.00022285
2024-11-25 00:00,8,0.00014999
2024-11-25 08:00,8,0.00015122
2024-11-25 16:00,8,0.0001935
2024-11-26 00:00,8,0.0001
2024-11-26 08:00,8,0.00019036
2024-11-26 16:00,8,0.0001
2024-11-27 00:00,8,0.0001
2024-11-27 08:00,8,0.0001
2024-11-27 16:00,8,0.00012611
2024-11-28 00:00,8,0.00019778
2024-11-28 08:00,8,0.00024832
2024-11-28 16:00,8,0.00022807
2024-11-29 00:00,8,0.00033427
2024-11-29 08:00,8,0.00017785
2024-11-29 16:00,8,0.00022189
2024-11-30 00:00,8,0.00039107
2024-11-30 08:00,8,0.00028976
2024-11-30 16:00,8,0.00020673
2024-12-01 00:00,8,0.00040951
2024-12-01 08:00,8,0.00015926
2024-12-01 16:00,8,0.00023489
2024-12-02 00:00,8,0.00048201
2024-12-02 08:00,8,0.00036793
2024-12-02 16:00,8,0.00016752
2024-12-03 00:00,8,0.00030483
2024-12-03 08:00,8,0.0003273
2024-12-03 16:00,8,0.00027657
2024-12-04 00:00,8,0.00040855
2024-12-04 08:00,8,0.00055704
2024-12-04 16:00,8,0.00051333
2024-12-05 00:00,8,0.00040427
2024-12-05 08:00,8,0.00068421
2024-12-05 16:00,8,0.0005771
2024-12-06 00:00,8,0.00051227
2024-12-06 08:00,8,0.00047487
2024-12-06 16:00,8,0.00023915
2024-12-07 00:00,8,0.00044835
2024-12-07 08:00,8,0.0005339
2024-12-07 16:00,8,0.00043761
2024-12-08 00:00,8,0.00054629
2024-12-08 08:00,8,0.00041679
2024-12-08 16:00,8,0.00038596
2024-12-09 00:00,8,0.00040174
2024-12-09 08:00,8,0.00014156
2024-12-09 16:00,8,0.0001
2024-12-10 00:00,8,0.0001
2024-12-10 08:00,8,8.228e-05
2024-12-10 16:00,8,5.446e-05
2024-12-11 00:00,8,-7.122e-05
2024-12-11 08:00,8,5.872e-05
2024-12-11 16:00,8,-7.173e-05
2024-12-12 00:00,8,0.0001
2024-12-12 08:00,8,8.409e-05
2024-12-12 16:00,8,0.0001
2024-12-13 00:00,8,0.0001
2024-12-13 08:00,8,0.0001
2024-12-13 16:00,8,0.0001
2024-12-14 00:00,8,0.0001
2024-12-14 08:00,8,0.0001
2024-12-14 16:00,8,0.0001
2024-12-15 00:00,8,0.0001
2024-12-15 08:00,8,0.0001
2024-12-15 16:00,8,0.0001
2024-12-16 00:00,8,0.0001
2024-12-16 08:00,8,0.0001
2024-12-16 16:00,8,2.794e-05
2024-12-17 00:00,8,0.0001
2024-12-17 08:00,8,0.0001
2024-12-17 16:00,8,0.0001
2024-12-18 00:00,8,0.0001
2024-12-18 08:00,8,0.0001
2024-12-18 16:00,8,8.422e-05
2024-12-19 00:00,8,-1.597e-05
2024-12-19 08:00,8,-0.00013106
2024-12-19 16:00,8,-5.386e-05
2024-12-20 00:00,8,-0.00018313
2024-12-20 08:00,8,-9.563e-05
2024-12-20 16:00,8,-0.00037853
2024-12-21 00:00,8,1.624e-05
2024-12-21 08:00,8,4.647e-05
2024-12-21 16:00,8,0.0001
2024-12-22 00:00,8,9.19e-05
2024-12-22 08:00,8,2.617e-05
2024-12-22 16:00,8,-4.52e-05
2024-12-23 00:00,8,-3.22e-06
2024-12-23 08:00,8,7.102e-05
2024-12-23 16:00,8,0.0001
2024-12-24 00:00,8,0.0001
2024-12-24 08:00,8,0.0001
2024-12-24 16:00,8,0.0001
2024-12-25 00:00,8,0.0001
2024-12-25 08:00,8,0.0001
2024-12-25 16:00,8,0.0001
2024-12-26 00:00,8,0.0001
2024-12-26 08:00,8,0.0001
2024-12-26 16:00,8,0.0001
2024-12-27 00:00,8,0.0001
2024-12-27 08:00,8,8.792e-05
2024-12-27 16:00,8,0.0001
2024-12-28 00:00,8,0.0001
2024-12-28 08:00,8,0.0001
2024-12-28 16:00,8,0.0001
2024-12-29 00:00,8,0.0001
2024-12-29 08:00,8,0.0001
2024-12-29 16:00,8,0.0001
2024-12-30 00:00,8,7.009e-05
2024-12-30 08:00,8,0.0001
2024-12-30 16:00,8,0.0001
2024-12-31 00:00,8,0.0001
2024-12-31 08:00,8,0.0001
2024-12-31 16:00,8,0.0001
2025-01-01 00:00,8,0.0001
2025-01-01 08:00,8,0.0001
2025-01-01 16:00,8,0.0001
2025-01-02 00:00,8,0.0001
2025-01-02 08:00,8,0.0001
2025-01-02 16:00,8,0.0001
2025-01-03 00:00,8,0.0001
2025-01-03 08:00,8,0.0001
2025-01-03 16:00,8,0.0001
2025-01-04 00:00,8,0.0001
2025-01-04 08:00,8,0.0001
2025-01-04 16:00,8,0.0001
2025-01-05 00:00,8,0.0001
2025-01-05 08:00,8,0.0001
2025-01-05 16:00,8,0.0001
2025-01-06 00:00,8,0.0001
2025-01-06 08:00,8,0.0001
2025-01-06 16:00,8,0.0001
2025-01-07 00:00,8,0.0001
2025-01-07 08:00,8,0.0001
2025-01-07 16:00,8,0.0001
2025-01-08 00:00,8,0.0001
2025-01-08 08:00,8,0.0001
2025-01-08 16:00,8,2.279e-05
2025-01-09 00:00,8,-2.982e-05
2025-01-09 08:00,8,0.0001
2025-01-09 16:00,8,7.726e-05
2025-01-10 00:00,8,0.0001
2025-01-10 08:00,8,6.797e-05
2025-01-10 16:00,8,-4.231e-05
2025-01-11 00:00,8,0.0001
2025-01-11 08:00,8,0.0001
2025-01-11 16:00,8,0.0001
2025-01-12 00:00,8,0.0001
2025-01-12 08:00,8,0.0001
2025-01-12 16:00,8,0.0001
2025-01-13 00:00,8,0.0001
2025-01-13 08:00,8,0.0001
2025-01-13 16:00,8,-2.798e-05
2025-01-14 00:00,8,0.0001
2025-01-14 08:00,8,3.232e-05
2025-01-14 16:00,8,0.0001
2025-01-15 00:00,8,0.0001
2025-01-15 08:00,8,0.0001
2025-01-15 16:00,8,0.0001
2025-01-16 00:00,8,0.0001
2025-01-16 08:00,8,0.0001
2025-01-16 16:00,8,0.0001
2025-01-17 00:00,8,0.0001
2025-01-17 08:00,8,0.0001
2025-01-17 16:00,8,0.0001
2025-01-18 00:00,8,0.0001
2025-01-18 08:00,8,0.0001
2025-01-18 16:00,8,0.0001
2025-01-19 00:00,8,0.0001
2025-01-19 08:00,8,0.0001
2025-01-19 16:00,8,0.0001
2025-01-20 00:00,8,0.0001
2025-01-20 08:00,8,0.0001
2025-01-20 16:00,8,0.0001
2025-01-21 00:00,8,0.0001
2025-01-21 08:00,8,0.0001
2025-01-21 16:00,8,0.0001
2025-01-22 00:00,8,0.0001
2025-01-22 08:00,8,0.0001
2025-01-22 16:00,8,0.0001
2025-01-23 00:00,8,0.0001
2025-01-23 08:00,8,0.0001
2025-01-23 16:00,8,0.0001
2025-01-24 00:00,8,0.0001
2025-01-24 08:00,8,0.0001
2025-01-24 16:00,8,0.0001
2025-01-25 00:00,8,0.0001
2025-01-25 08:00,8,0.0001
2025-01-25 16:00,8,0.0001
2025-01-26 00:00,8,0.0001
2025-01-26 08:00,8,6.255e-05
2025-01-26 16:00,8,0.0001
2025-01-27 00:00,8,0.0001
2025-01-27 08:00,8,3.331e-05
2025-01-27 16:00,8,4.272e-05
2025-01-28 00:00,8,0.0001
2025-01-28 08:00,8,-6.46e-05
2025-01-28 16:00,8,8.2e-06
2025-01-29 00:00,8,2.424e-05
2025-01-29 08:00,8,1.385e-05
2025-01-29 16:00,8,0.0001
2025-01-30 00:00,8,0.0001
2025-01-30 08:00,8,0.0001
2025-01-30 16:00,8,0.0001
2025-01-31 00:00,8,0.0001
2025-01-31 08:00,8,0.0001
2025-01-31 16:00,8,0.0001
2025-02-01 00:00,8,0.0001
2025-02-01 08:00,8,0.0001
2025-02-01 16:00,8,0.0001
2025-02-02 00:00,8,0.0001
2025-02-02 08:00,8,6.649e-05
2025-02-02 16:00,8,0.0001
2025-02-03 00:00,8,-4.273e-05
2025-02-03 08:00,8,-0.00036336
2025-02-03 16:00,8,-2.54e-05
2025-02-04 00:00,8,2.665e-05
2025-02-04 08:00,8,-2.858e-05
2025-02-04 16:00,8,-1.278e-05
2025-02-05 00:00,8,3.992e-05
2025-02-05 08:00,8,5.445e-05
2025-02-05 16:00,8,6.975e-05
2025-02-06 00:00,8,2.599e-05
2025-02-06 08:00,8,-1.03e-06
2025-02-06 16:00,8,2.832e-05
2025-02-07 00:00,8,5.688e-05
2025-02-07 08:00,8,0.0001
2025-02-07 16:00,8,6.414e-05
2025-02-08 00:00,8,-4.435e-05
2025-02-08 08:00,8,6.207e-05
2025-02-08 16:00,8,3.917e-05
2025-02-09 00:00,8,0.0001
2025-02-09 08:00,8,-7.446e-05
2025-02-09 16:00,8,6.884e-05
2025-02-10 00:00,8,4.398e-05
2025-02-10 08:00,8,5.427e-05
2025-02-10 16:00,8,9.417e-05
2025-02-11 00:00,8,2.9e-06
2025-02-11 08:00,8,-0.00012865
2025-02-11 16:00,8,-6.145e-05
2025-02-12 00:00,8,8.44e-06
2025-02-12 08:00,8,-1.708e-05
2025-02-12 16:00,8,-4.458e-05
2025-02-13 00:00,8,0.0001
2025-02-13 08:00,8,0.0001
2025-02-13 16:00,8,-1.658e-05
2025-02-14 00:00,8,0.0001
2025-02-14 08:00,8,0.0001
2025-02-14 16:00,8,6.919e-05
2025-02-15 00:00,8,0.0001
2025-02-15 08:00,8,0.0001
2025-02-15 16:00,8,-3.97e-06
2025-02-16 00:00,8,-3.942e-05
2025-02-16 08:00,8,2.51e-06
2025-02-16 16:00,8,-1.483e-05
2025-02-17 00:00,8,-7.599e-05
2025-02-17 08:00,8,-1.75e-05
2025-02-17 16:00,8,0.0001
2025-02-18 00:00,8,7.477e-05
2025-02-18 08:00,8,-0.00016276
2025-02-18 16:00,8,-0.00013443
2025-02-19 00:00,8,1.436e-05
2025-02-19 08:00,8,0.0001
2025-02-19 16:00,8,0.0001
2025-02-20 00:00,8,0.0001
2025-02-20 08:00,8,2.973e-05
2025-02-20 16:00,8,0.0001
2025-02-21 00:00,8,0.0001
2025-02-21 08:00,8,0.0001
2025-02-21 16:00,8,0.0001
2025-02-22 00:00,8,0.0001
2025-02-22 08:00,8,0.0001
2025-02-22 16:00,8,0.0001
2025-02-23 00:00,8,0.0001
2025-02-23 08:00,8,0.0001
2025-02-23 16:00,8,0.0001
2025-02-24 00:00,8,0.0001
2025-02-24 08:00,8,-6.824e-05
2025-02-24 16:00,8,-5.353e-05
2025-02-25 00:00,8,-0.00013141
2025-02-25 08:00,8,-9.009e-05
2025-02-25 16:00,8,3.063e-05
2025-02-26 00:00,8,6.335e-05
2025-02-26 08:00,8,6.737e-05
2025-02-26 16:00,8,0.0001
2025-02-27 00:00,8,0.0001
2025-02-27 08:00,8,9.453e-05
2025-02-27 16:00,8,0.0001
2025-02-28 00:00,8,-7.567e-05
2025-02-28 08:00,8,6.572e-05
2025-02-28 16:00,8,-8.448e-05
2025-03-01 00:00,8,0.0001
2025-03-01 08:00,8,0.0001
2025-03-01 16:00,8,0.0001
2025-03-02 00:00,8,0.0001
2025-03-02 08:00,8,0.0001
2025-03-02 16:00,8,3.551e-05
2025-03-03 00:00,8,0.0001
2025-03-03 08:00,8,0.0001
2025-03-03 16:00,8,0.0001
2025-03-04 00:00,8,-0.00011046
2025-03-04 08:00,8,-0.0001214
2025-03-04 16:00,8,-0.0001376
2025-03-05 00:00,8,-8.424e-05
2025-03-05 08:00,8,-6.366e-05
2025-03-05 16:00,8,6.043e-05
2025-03-06 00:00,8,0.0001
2025-03-06 08:00,8,7.015e-05
2025-03-06 16:00,8,3.786e-05
2025-03-07 00:00,8,6.858e-05
2025-03-07 08:00,8,4.457e-05
2025-03-07 16:00,8,7.87e-05
2025-03-08 00:00,8,0.0001
2025-03-08 08:00,8,-8.745e-05
2025-03-08 16:00,8,6.311e-05
2025-03-09 00:00,8,0.0001
2025-03-09 08:00,8,-7.569e-05
2025-03-09 16:00,8,-1.634e-05
2025-03-10 00:00,8,0.0001
2025-03-10 08:00,8,-6.8e-07
2025-03-10 16:00,8,7.948e-05
2025-03-11 00:00,8,9.931e-05
2025-03-11 08:00,8,1.609e-05
2025-03-11 16:00,8,9.369e-05
2025-03-12 00:00,8,0.0001
2025-03-12 08:00,8,-9.196e-05
2025-03-12 16:00,8,4.587e-05
2025-03-13 00:00,8,0.0001
2025-03-13 08:00,8,0.0001
2025-03-13 16:00,8,0.0001
2025-03-14 00:00,8,0.0001
2025-03-14 08:00,8,0.0001
2025-03-14 16:00,8,0.0001
2025-03-15 00:00,8,0.0001
2025-03-15 08:00,8,0.0001
2025-03-15 16:00,8,0.0001
2025-03-16 00:00,8,0.0001
2025-03-16 08:00,8,6.425e-05
2025-03-16 16:00,8,1.15e-06
2025-03-17 00:00,8,-2.3e-07
2025-03-17 08:00,8,0.0001
2025-03-17 16:00,8,7.518e-05
2025-03-18 00:00,8,0.0001
2025-03-18 08:00,8,-9.681e-05
2025-03-18 16:00,8,7.033e-05
2025-03-19 00:00,8,0.0001
2025-03-19 08:00,8,0.0001
2025-03-19 16:00,8,0.0001
2025-03-20 00:00,8,0.0001
2025-03-20 08:00,8,0.0001
2025-03-20 16:00,8,0.0001
2025-03-21 00:00,8,4.869e-05
2025-03-21 08:00,8,0.0001
2025-03-21 16:00,8,-9.619e-05
2025-03-22 00:00,8,4.956e-05
2025-03-22 08:00,8,9.418e-05
2025-03-22 16:00,8,7.628e-05
2025-03-23 00:00,8,0.0001
2025-03-23 08:00,8,8.655e-05
2025-03-23 16:00,8,3.108e-05
2025-03-24 00:00,8,0.0001
2025-03-24 08:00,8,0.0001
2025-03-24 16:00,8,0.0001
2025-03-25 00:00,8,0.0001
2025-03-25 08:00,8,9.26e-06
2025-03-25 16:00,8,0.0001
2025-03-26 00:00,8,0.0001
2025-03-26 08:00,8,0.0001
2025-03-26 16:00,8,0.0001
2025-03-27 00:00,8,0.0001
2025-03-27 08:00,8,0.0001
2025-03-27 16:00,8,8.227e-05
2025-03-28 00:00,8,0.0001
2025-03-28 08:00,8,0.0001
2025-03-28 16:00,8,5.702e-05
2025-03-29 00:00,8,-0.00012432
2025-03-29 08:00,8,-2.4e-05
2025-03-29 16:00,8,-7.82e-05
2025-03-30 00:00,8,-4.325e-05
2025-03-30 08:00,8,-2.065e-05
2025-03-30 16:00,8,7.176e-05
2025-03-31 00:00,8,4.264e-05
2025-03-31 08:00,8,6.021e-05
2025-03-31 16:00,8,-4.183e-05
2025-04-01 00:00,8,8.804e-05
2025-04-01 08:00,8,-8.069e-05
2025-04-01 16:00,8,-0.00011777
2025-04-02 00:00,8,7.388e-05
2025-04-02 08:00,8,-0.00011071
2025-04-02 16:00,8,4.187e-05
2025-04-03 00:00,8,-7.469e-05
2025-04-03 08:00,8,6.155e-05
2025-04-03 16:00,8,-5.316e-05
2025-04-04 00:00,8,9.491e-05
2025-04-04 08:00,8,2.667e-05
2025-04-04 16:00,8,-4.11e-05
2025-04-05 00:00,8,0.0001
2025-04-05 08:00,8,0.0001
2025-04-05 16:00,8,8.347e-05
2025-04-06 00:00,8,0.0001
2025-04-06 08:00,8,1.23e-05
2025-04-06 16:00,8,-0.00020255
2025-04-07 00:00,8,9.58e-06
2025-04-07 08:00,8,6.623e-05
2025-04-07 16:00,8,5.787e-05
2025-04-08 00:00,8,0.0001
2025-04-08 08:00,8,0.0001
2025-04-08 16:00,8,0.0001
2025-04-09 00:00,8,0.0001
2025-04-09 08:00,8,0.0001
2025-04-09 16:00,8,0.0001
2025-04-10 00:00,8,0.0001
2025-04-10 08:00,8,0.0001
2025-04-10 16:00,8,0.0001
2025-04-11 00:00,8,0.0001
2025-04-11 08:00,8,4.52e-06
2025-04-11 16:00,8,0.0001
2025-04-12 00:00,8,6.547e-05
2025-04-12 08:00,8,2.526e-05
2025-04-12 16:00,8,4.249e-05
2025-04-13 00:00,8,8.464e-05
2025-04-13 08:00,8,0.0001
2025-04-13 16:00,8,0.0001
2025-04-14 00:00,8,0.0001
2025-04-14 08:00,8,-6.19e-05
2025-04-14 16:00,8,5.452e-05
2025-04-15 00:00,8,0.0001
2025-04-15 08:00,8,2.612e-05
2025-04-15 16:00,8,7.505e-05
2025-04-16 00:00,8,0.0001
2025-04-16 08:00,8,-1.644e-05
2025-04-16 16:00,8,-4.167e-05
2025-04-17 00:00,8,0.0001
2025-04-17 08:00,8,2.571e-05
2025-04-17 16:00,8,1.215e-05
2025-04-18 00:00,8,0.0001
2025-04-18 08:00,8,0.0001
2025-04-18 16:00,8,0.0001
2025-04-19 00:00,8,0.0001
2025-04-19 08:00,8,0.0001
2025-04-19 16:00,8,0.0001
2025-04-20 00:00,8,0.0001
2025-04-20 08:00,8,0.0001
2025-04-20 16:00,8,0.0001
2025-04-21 00:00,8,0.0001
2025-04-21 08:00,8,0.0001
2025-04-21 16:00,8,0.0001
2025-04-22 00:00,8,0.0001
2025-04-22 08:00,8,2.798e-05
2025-04-22 16:00,8,0.0001
2025-04-23 00:00,8,0.0001
2025-04-23 08:00,8,0.0001
2025-04-23 16:00,8,0.0001
2025-04-24 00:00,8,0.0001
2025-04-24 08:00,8,9.339e-05
2025-04-24 16:00,8,0.0001
2025-04-25 00:00,8,0.0001
2025-04-25 08:00,8,0.0001
2025-04-25 16:00,8,0.0001
2025-04-26 00:00,8,2.97e-06
2025-04-26 08:00,8,0.0001
2025-04-26 16:00,8,0.0001
2025-04-27 00:00,8,1.58e-06
2025-04-27 08:00,8,0.0001
2025-04-27 16:00,8,0.0001
2025-04-28 00:00,8,0.0001
2025-04-28 08:00,8,0.0001
2025-04-28 16:00,8,0.0001
2025-04-29 00:00,8,0.0001
2025-04-29 08:00,8,0.0001
2025-04-29 16:00,8,-8.856e-05
2025-04-30 00:00,8,8.017e-05
2025-04-30 08:00,8,3.729e-05
2025-04-30 16:00,8,0.0001
2025-05-01 00:00,8,0.0001
2025-05-01 08:00,8,-0.0001798
2025-05-01 16:00,8,7.686e-05
2025-05-02 00:00,8,-0.00021277
2025-05-02 08:00,8,-0.00023058
2025-05-02 16:00,8,-4.645e-05
2025-05-03 00:00,8,-6.743e-05
2025-05-03 08:00,8,9.064e-05
2025-05-03 16:00,8,0.0001
2025-05-04 00:00,8,0.0001
2025-05-04 08:00,8,-4.528e-05
2025-05-04 16:00,8,3.391e-05
2025-05-05 00:00,8,9.801e-05
2025-05-05 08:00,8,-0.00019987
2025-05-05 16:00,8,0.0001
2025-05-06 00:00,8,7.55e-06
2025-05-06 08:00,8,-7.295e-05
2025-05-06 16:00,8,7.317e-05
2025-05-07 00:00,8,-6.874e-05
2025-05-07 08:00,8,-7.893e-05
2025-05-07 16:00,8,1.46e-05
2025-05-08 00:00,8,-2.072e-05
2025-05-08 08:00,8,-0.00019125
2025-05-08 16:00,8,6.227e-05
2025-05-09 00:00,8,0.0001
2025-05-09 08:00,8,0.0001
2025-05-09 16:00,8,0.0001
2025-05-10 00:00,8,0.0001
2025-05-10 08:00,8,0.0001
2025-05-10 16:00,8,0.0001
2025-05-11 00:00,8,0.0001
2025-05-11 08:00,8,0.0001
2025-05-11 16:00,8,0.0001
2025-05-12 00:00,8,0.0001
2025-05-12 08:00,8,0.0001
2025-05-12 16:00,8,0.0001
2025-05-13 00:00,8,0.0001
2025-05-13 08:00,8,0.0001
2025-05-13 16:00,8,0.0001
2025-05-14 00:00,8,0.0001
2025-05-14 08:00,8,0.0001
2025-05-14 16:00,8,0.0001
2025-05-15 00:00,8,3.111e-05
2025-05-15 08:00,8,0.0001
2025-05-15 16:00,8,8.137e-05
2025-05-16 00:00,8,7.202e-05
2025-05-16 08:00,8,4.454e-05
2025-05-16 16:00,8,0.0001
2025-05-17 00:00,8,5.112e-05
2025-05-17 08:00,8,-3.191e-05
2025-05-17 16:00,8,0.0001
2025-05-18 00:00,8,0.0001
2025-05-18 08:00,8,-5.263e-05
2025-05-18 16:00,8,6.598e-05
2025-05-19 00:00,8,9.63e-06
2025-05-19 08:00,8,-7.951e-05
2025-05-19 16:00,8,-2.758e-05
2025-05-20 00:00,8,3.992e-05
2025-05-20 08:00,8,-2.583e-05
2025-05-20 16:00,8,-0.00010717
2025-05-21 00:00,8,5.551e-05
2025-05-21 08:00,8,-2.359e-05
2025-05-21 16:00,8,0.0001
2025-05-22 00:00,8,-0.00013068
2025-05-22 08:00,8,0.0001
2025-05-22 16:00,8,0.0001
2025-05-23 00:00,8,0.0001
2025-05-23 08:00,8,0.0001
2025-05-23 16:00,8,0.0001
2025-05-24 00:00,8,0.0001
2025-05-24 08:00,8,-6.198e-05
2025-05-24 16:00,8,2.488e-05
2025-05-25 00:00,8,3.495e-05
2025-05-25 08:00,8,2.671e-05
2025-05-25 16:00,8,-3.044e-05
2025-05-26 00:00,8,-5.965e-05
2025-05-26 08:00,8,4.77e-05
2025-05-26 16:00,8,3.016e-05
2025-05-27 00:00,8,-9.749e-05
2025-05-27 08:00,8,7.685e-05
2025-05-27 16:00,8,3.437e-05
2025-05-28 00:00,8,0.0001
2025-05-28 08:00,8,-0.00014444
2025-05-28 16:00,8,3.17e-06
2025-05-29 00:00,8,6.588e-05
2025-05-29 08:00,8,8.563e-05
2025-05-29 16:00,8,4.484e-05
2025-05-30 00:00,8,5.55e-05
2025-05-30 08:00,8,-0.00018219
2025-05-30 16:00,8,0.0001
2025-05-31 00:00,8,1.794e-05
2025-05-31 08:00,8,-0.00026446
2025-05-31 16:00,8,-0.00010695
2025-06-01 00:00,8,6.6e-05
2025-06-01 08:00,8,-8.881e-05
2025-06-01 16:00,8,8.511e-05
2025-06-02 00:00,8,-0.00011772
2025-06-02 08:00,8,4.681e-05
2025-06-02 16:00,8,6.193e-05
2025-06-03 00:00,8,5.327e-05
2025-06-03 08:00,8,9.77e-06
2025-06-03 16:00,8,3.519e-05
2025-06-04 00:00,8,0.0001
2025-06-04 08:00,8,9.045e-05
2025-06-04 16:00,8,4.844e-05
2025-06-05 00:00,8,9.423e-05
2025-06-05 08:00,8,7.64e-06
2025-06-05 16:00,8,6.499e-05
2025-06-06 00:00,8,-0.00017322
2025-06-06 08:00,8,-0.00018916
2025-06-06 16:00,8,-0.00010847
2025-06-07 00:00,8,3.22e-06
2025-06-07 08:00,8,5.447e-05
2025-06-07 16:00,8,0.0001
2025-06-08 00:00,8,-2.263e-05
2025-06-08 08:00,8,9.832e-05
2025-06-08 16:00,8,6.254e-05
2025-06-09 00:00,8,1.58e-05
2025-06-09 08:00,8,9.999e-05
2025-06-09 16:00,8,5.696e-05
2025-06-10 00:00,8,9.037e-05
2025-06-10 08:00,8,-0.00010219
2025-06-10 16:00,8,4.899e-05
2025-06-11 00:00,8,0.0001
2025-06-11 08:00,8,0.0001
2025-06-11 16:00,8,9.243e-05
2025-06-12 00:00,8,-9.159e-05
2025-06-12 08:00,8,-0.00026833
2025-06-12 16:00,8,-0.00024323
2025-06-13 00:00,8,-0.0003637
2025-06-13 08:00,8,-0.00033284
2025-06-13 16:00,8,-0.00018659
2025-06-14 00:00,8,-5.63e-06
2025-06-14 08:00,8,-5.964e-05
2025-06-14 16:00,8,0.0001
2025-06-15 00:00,8,0.0001
2025-06-15 08:00,8,6.66e-06
2025-06-15 16:00,8,9.901e-05
2025-06-16 00:00,8,8.126e-05
2025-06-16 08:00,8,2.888e-05
2025-06-16 16:00,8,7.691e-05
2025-06-17 00:00,8,0.0001
2025-06-17 08:00,8,-5.7e-06
2025-06-17 16:00,8,0.0001
2025-06-18 00:00,8,0.0001
2025-06-18 08:00,8,5.653e-05
2025-06-18 16:00,8,-3.433e-05
2025-06-19 00:00,8,-0.00011142
2025-06-19 08:00,8,-7.725e-05
2025-06-19 16:00,8,-0.00017099
2025-06-20 00:00,8,4.659e-05
2025-06-20 08:00,8,5.756e-05
2025-06-20 16:00,8,-2.774e-05
2025-06-21 00:00,8,-5.774e-05
2025-06-21 08:00,8,-0.00019863
2025-06-21 16:00,8,-6.554e-05
2025-06-22 00:00,8,-0.00026087
2025-06-22 08:00,8,-0.00010181
2025-06-22 16:00,8,7.667e-05
2025-06-23 00:00,8,-0.00013528
2025-06-23 08:00,8,3.96e-06
2025-06-23 16:00,8,-5.229e-05
2025-06-24 00:00,8,0.0001
2025-06-24 08:00,8,-0.00011494
2025-06-24 16:00,8,9.883e-05
2025-06-25 00:00,8,1.632e-05
2025-06-25 08:00,8,2.407e-05
2025-06-25 16:00,8,-3.347e-05
2025-06-26 00:00,8,3.976e-05
2025-06-26 08:00,8,-9.674e-05
2025-06-26 16:00,8,1.654e-05
2025-06-27 00:00,8,3.61e-06
2025-06-27 08:00,8,-8.503e-05
2025-06-27 16:00,8,3.24e-06
2025-06-28 00:00,8,2.368e-05
2025-06-28 08:00,8,-0.00016354
2025-06-28 16:00,8,0.0001
2025-06-29 00:00,8,0.0001
2025-06-29 08:00,8,8.537e-05
2025-06-29 16:00,8,0.0001
2025-06-30 00:00,8,0.0001
2025-06-30 08:00,8,-4.04e-06
2025-06-30 16:00,8,3.282e-05
2025-07-01 00:00,8,0.0001
2025-07-01 08:00,8,-1.273e-05
2025-07-01 16:00,8,-3.28e-05
2025-07-02 00:00,8,9.137e-05
2025-07-02 08:00,8,-9.09e-05
2025-07-02 16:00,8,0.0001
2025-07-03 00:00,8,0.0001
2025-07-03 08:00,8,0.0001
2025-07-03 16:00,8,0.0001
2025-07-04 00:00,8,0.0001
2025-07-04 08:00,8,0.0001
2025-07-04 16:00,8,-8.8e-07
2025-07-05 00:00,8,-5.019e-05
2025-07-05 08:00,8,-4.844e-05
2025-07-05 16:00,8,5.449e-05
2025-07-06 00:00,8,8.761e-05
2025-07-06 08:00,8,-4.033e-05
2025-07-06 16:00,8,5.32e-06
2025-07-07 00:00,8,0.0001
2025-07-07 08:00,8,0.0001
2025-07-07 16:00,8,0.0001
2025-07-08 00:00,8,-1.472e-05
2025-07-08 08:00,8,-7.846e-05
2025-07-08 16:00,8,-2.524e-05
2025-07-09 00:00,8,0.0001
2025-07-09 08:00,8,0.0001
2025-07-09 16:00,8,0.0001
2025-07-10 00:00,8,0.0001
2025-07-10 08:00,8,0.0001
2025-07-10 16:00,8,0.0001
2025-07-11 00:00,8,0.0001
2025-07-11 08:00,8,0.0001
2025-07-11 16:00,8,0.0001
2025-07-12 00:00,8,0.00011235
2025-07-12 08:00,8,0.0001
2025-07-12 16:00,8,0.0001
2025-07-13 00:00,8,0.0001
2025-07-13 08:00,8,0.0001
2025-07-13 16:00,8,0.0001
2025-07-14 00:00,8,0.0001
2025-07-14 08:00,8,0.0001
2025-07-14 16:00,8,0.0001
2025-07-15 00:00,8,0.0001
2025-07-15 08:00,8,0.0001
2025-07-15 16:00,8,0.0001
2025-07-16 00:00,8,0.0001
2025-07-16 08:00,8,0.0001
2025-07-16 16:00,8,0.0001
2025-07-17 00:00,8,0.0001
2025-07-17 08:00,8,0.0001
2025-07-17 16:00,8,0.00010427
2025-07-18 00:00,8,0.0001
2025-07-18 08:00,8,0.0002091
2025-07-18 16:00,8,0.0001
2025-07-19 00:00,8,0.0001
2025-07-19 08:00,8,0.0001
2025-07-19 16:00,8,0.0001
2025-07-20 00:00,8,0.0001
2025-07-20 08:00,8,0.0001
2025-07-20 16:00,8,0.0001
2025-07-21 00:00,8,0.0001
2025-07-21 08:00,8,0.0001
2025-07-21 16:00,8,0.0001
2025-07-22 00:00,8,0.0001
2025-07-22 08:00,8,0.0001
2025-07-22 16:00,8,0.0001
2025-07-23 00:00,8,0.0001
2025-07-23 08:00,8,0.0001
2025-07-23 16:00,8,4.205e-05
2025-07-24 00:00,8,-6.31e-06
2025-07-24 08:00,8,3.046e-05
2025-07-24 16:00,8,0.0001
2025-07-25 00:00,8,8.536e-05
2025-07-25 08:00,8,9.627e-05
2025-07-25 16:00,8,0.0001
2025-07-26 00:00,8,0.0001
2025-07-26 08:00,8,0.0001
2025-07-26 16:00,8,0.0001
2025-07-27 00:00,8,0.0001
2025-07-27 08:00,8,0.0001
2025-07-27 16:00,8,0.0001
2025-07-28 00:00,8,0.0001
2025-07-28 08:00,8,0.0001
2025-07-28 16:00,8,0.0001
2025-07-29 00:00,8,0.0001
2025-07-29 08:00,8,0.0001
2025-07-29 16:00,8,-1.487e-05
2025-07-30 00:00,8,2.64e-05
2025-07-30 08:00,8,5.647e-05
2025-07-30 16:00,8,6.157e-05
2025-07-31 00:00,8,0.0001
2025-07-31 08:00,8,0.0001
2025-07-31 16:00,8,0.0001
2025-08-01 00:00,8,0.0001
2025-08-01 08:00,8,3.923e-05
2025-08-01 16:00,8,5.531e-05
2025-08-02 00:00,8,0.0001
2025-08-02 08:00,8,0.0001
2025-08-02 16:00,8,0.0001
2025-08-03 00:00,8,0.0001
2025-08-03 08:00,8,3.483e-05
2025-08-03 16:00,8,0.0001
2025-08-04 00:00,8,2.238e-05
2025-08-04 08:00,8,0.0001
2025-08-04 16:00,8,0.0001
2025-08-05 00:00,8,0.0001
2025-08-05 08:00,8,0.0001
2025-08-05 16:00,8,-4.322e-05
2025-08-06 00:00,8,8.147e-05
2025-08-06 08:00,8,0.0001
2025-08-06 16:00,8,0.0001
2025-08-07 00:00,8,8.302e-05
2025-08-07 08:00,8,0.0001
2025-08-07 16:00,8,0.0001
2025-08-08 00:00,8,0.0001
2025-08-08 08:00,8,0.0001
2025-08-08 16:00,8,0.0001
2025-08-09 00:00,8,0.0001
2025-08-09 08:00,8,0.0001
2025-08-09 16:00,8,0.0001
2025-08-10 00:00,8,0.0001
2025-08-10 08:00,8,0.0001
2025-08-10 16:00,8,0.0001
2025-08-11 00:00,8,0.0001
2025-08-11 08:00,8,0.0001
2025-08-11 16:00,8,0.0001
2025-08-12 00:00,8,4.874e-05
2025-08-12 08:00,8,8.123e-05
2025-08-12 16:00,8,6.649e-05
2025-08-13 00:00,8,0.0001
2025-08-13 08:00,8,0.0001
2025-08-13 16:00,8,0.0001
2025-08-14 00:00,8,0.0001
2025-08-14 08:00,8,0.00020874
2025-08-14 16:00,8,0.0001
2025-08-15 00:00,8,3.39e-05
2025-08-15 08:00,8,0.0001
2025-08-15 16:00,8,-4.444e-05
2025-08-16 00:00,8,2.887e-05
2025-08-16 08:00,8,0.0001
2025-08-16 16:00,8,0.0001
2025-08-17 00:00,8,0.0001
2025-08-17 08:00,8,0.0001
2025-08-17 16:00,8,0.0001
2025-08-18 00:00,8,0.0001
2025-08-18 08:00,8,1.64e-06
2025-08-18 16:00,8,4.269e-05
2025-08-19 00:00,8,0.0001
2025-08-19 08:00,8,-4.536e-05
2025-08-19 16:00,8,5.826e-05
2025-08-20 00:00,8,-6.058e-05
2025-08-20 08:00,8,1.136e-05
2025-08-20 16:00,8,2.873e-05
2025-08-21 00:00,8,0.0001
2025-08-21 08:00,8,0.0001
2025-08-21 16:00,8,0.0001
2025-08-22 00:00,8,0.0001
2025-08-22 08:00,8,0.0001
2025-08-22 16:00,8,1.845e-05
2025-08-23 00:00,8,0.0001
2025-08-23 08:00,8,0.0001
2025-08-23 16:00,8,0.0001
2025-08-24 00:00,8,0.0001
2025-08-24 08:00,8,0.0001
2025-08-24 16:00,8,0.0001
2025-08-25 00:00,8,0.0001
2025-08-25 08:00,8,0.0001
2025-08-25 16:00,8,5.467e-05
2025-08-26 00:00,8,-0.00018497
2025-08-26 08:00,8,-8.453e-05
2025-08-26 16:00,8,0.0001
2025-08-27 00:00,8,0.0001
2025-08-27 08:00,8,0.0001
2025-08-27 16:00,8,0.0001
2025-08-28 00:00,8,0.0001
2025-08-28 08:00,8,0.0001
2025-08-28 16:00,8,0.0001
2025-08-29 00:00,8,0.0001
2025-08-29 08:00,8,0.0001
2025-08-29 16:00,8,0.0001
2025-08-30 00:00,8,0.0001
2025-08-30 08:00,8,0.0001
2025-08-30 16:00,8,0.0001
2025-08-31 00:00,8,0.0001
2025-08-31 08:00,8,0.0001
2025-08-31 16:00,8,0.0001
2025-09-01 00:00,8,0.0001
2025-09-01 08:00,8,6.063e-05
2025-09-01 16:00,8,0.0001
2025-09-02 00:00,8,-9.91e-06
2025-09-02 08:00,8,0.0001
2025-09-02 16:00,8,0.0001
2025-09-03 00:00,8,0.0001
2025-09-03 08:00,8,0.0001
2025-09-03 16:00,8,0.0001
2025-09-04 00:00,8,0.0001
2025-09-04 08:00,8,0.0001
2025-09-04 16:00,8,0.0001
2025-09-05 00:00,8,0.0001
2025-09-05 08:00,8,0.0001
2025-09-05 16:00,8,0.0001
2025-09-06 00:00,8,0.0001
2025-09-06 08:00,8,0.0001
2025-09-06 16:00,8,8.207e-05
2025-09-07 00:00,8,0.0001
2025-09-07 08:00,8,0.0001
2025-09-07 16:00,8,0.0001
2025-09-08 00:00,8,0.0001
2025-09-08 08:00,8,0.0001
2025-09-08 16:00,8,5.556e-05
2025-09-09 00:00,8,0.0001
2025-09-09 08:00,8,0.0001
2025-09-09 16:00,8,0.0001
2025-09-10 00:00,8,0.0001
2025-09-10 08:00,8,0.0001
2025-09-10 16:00,8,0.0001
2025-09-11 00:00,8,0.0001
2025-09-11 08:00,8,0.0001
2025-09-11 16:00,8,0.0001
2025-09-12 00:00,8,0.0001
2025-09-12 08:00,8,0.0001
2025-09-12 16:00,8,0.0001
2025-09-13 00:00,8,0.0001
2025-09-13 08:00,8,9.679e-05
2025-09-13 16:00,8,0.0001
2025-09-14 00:00,8,0.0001
2025-09-14 08:00,8,0.0001
2025-09-14 16:00,8,-0.00011098
2025-09-15 00:00,8,-0.00016174
2025-09-15 08:00,8,0.0001
2025-09-15 16:00,8,0.0001
2025-09-16 00:00,8,0.0001
2025-09-16 08:00,8,0.0001
2025-09-16 16:00,8,0.0001
2025-09-17 00:00,8,0.0001
2025-09-17 08:00,8,0.0001
2025-09-17 16:00,8,0.0001
2025-09-18 00:00,8,0.0001
2025-09-18 08:00,8,0.0001
2025-09-18 16:00,8,0.0001
2025-09-19 00:00,8,0.0001
2025-09-19 08:00,8,0.0001
2025-09-19 16:00,8,0.0001
2025-09-20 00:00,8,0.0001
2025-09-20 08:00,8,9.603e-05
2025-09-20 16:00,8,0.0001
2025-09-21 00:00,8,0.0001
2025-09-21 08:00,8,0.0001
2025-09-21 16:00,8,0.0001
2025-09-22 00:00,8,0.0001
2025-09-22 08:00,8,0.0001
2025-09-22 16:00,8,9.495e-05
2025-09-23 00:00,8,0.0001
2025-09-23 08:00,8,5.187e-05
2025-09-23 16:00,8,-1.522e-05
2025-09-24 00:00,8,0.0001
2025-09-24 08:00,8,0.0001
2025-09-24 16:00,8,0.0001
2025-09-25 00:00,8,0.0001
2025-09-25 08:00,8,1.934e-05
2025-09-25 16:00,8,0.0001
2025-09-26 00:00,8,0.0001
2025-09-26 08:00,8,0.0001
2025-09-26 16:00,8,0.0001
2025-09-27 00:00,8,0.0001
2025-09-27 08:00,8,0.0001
2025-09-27 16:00,8,4.904e-05
2025-09-28 00:00,8,1.743e-05
2025-09-28 08:00,8,4.938e-05
2025-09-28 16:00,8,6.966e-05
2025-09-29 00:00,8,0.0001
2025-09-29 08:00,8,0.0001
2025-09-29 16:00,8,2.717e-05
2025-09-30 00:00,8,0.0001
2025-09-30 08:00,8,-2.9e-07
2025-09-30 16:00,8,7.734e-05
2025-10-01 00:00,8,0.0001
2025-10-01 08:00,8,0.0001
2025-10-01 16:00,8,0.0001
2025-10-02 00:00,8,0.0001
2025-10-02 08:00,8,0.0001
2025-10-02 16:00,8,0.0001
2025-10-03 00:00,8,0.0001
2025-10-03 08:00,8,0.0001
2025-10-03 16:00,8,9.17e-05
2025-10-04 00:00,8,0.0001
2025-10-04 08:00,8,3.776e-05
2025-10-04 16:00,8,-8.7e-06
2025-10-05 00:00,8,-4.614e-05
2025-10-05 08:00,8,0.0001
2025-10-05 16:00,8,0.0001
2025-10-06 00:00,8,1.607e-05
2025-10-06 08:00,8,3.984e-05
2025-10-06 16:00,8,0.0001
2025-10-07 00:00,8,0.0001
2025-10-07 08:00,8,0.0001
2025-10-07 16:00,8,-3.39e-06
2025-10-08 00:00,8,-5.988e-05
2025-10-08 08:00,8,1.335e-05
2025-10-08 16:00,8,0.0001
2025-10-09 00:00,8,0.0001
2025-10-09 08:00,8,0.0001
2025-10-09 16:00,8,0.0001
2025-10-10 00:00,8,0.0001
2025-10-10 08:00,8,0.0001
2025-10-10 16:00,8,0.0001
2025-10-11 00:00,8,-0.00115651
2025-10-11 08:00,8,5.484e-05
2025-10-11 16:00,8,6.673e-05
2025-10-12 00:00,8,-0.00015306
2025-10-12 08:00,8,1.33e-06
2025-10-12 16:00,8,5.64e-05
2025-10-13 00:00,8,0.0001
2025-10-13 08:00,8,-5.949e-05
2025-10-13 16:00,8,9.649e-05
2025-10-14 00:00,8,0.0001
2025-10-14 08:00,8,-3.383e-05
2025-10-14 16:00,8,6.309e-05
2025-10-15 00:00,8,0.0001
2025-10-15 08:00,8,3.472e-05
2025-10-15 16:00,8,-4.023e-05
2025-10-16 00:00,8,-5.403e-05
2025-10-16 08:00,8,-1.104e-05
2025-10-16 16:00,8,-2.608e-05
2025-10-17 00:00,8,-0.00021355
2025-10-17 08:00,8,5.544e-05
2025-10-17 16:00,8,-5.079e-05
2025-10-18 00:00,8,4.899e-05
2025-10-18 08:00,8,-0.0002254
2025-10-18 16:00,8,-0.00021961
2025-10-19 00:00,8,-5.563e-05
2025-10-19 08:00,8,-0.00020504
2025-10-19 16:00,8,-7.055e-05
2025-10-20 00:00,8,0.0001
2025-10-20 08:00,8,-5.48e-06
2025-10-20 16:00,8,0.0001
2025-10-21 00:00,8,0.0001
2025-10-21 08:00,8,-8.724e-05
2025-10-21 16:00,8,0.0001
2025-10-22 00:00,8,0.0001
2025-10-22 08:00,8,-0.00024696
2025-10-22 16:00,8,2.612e-05
2025-10-23 00:00,8,-0.00017963
2025-10-23 08:00,8,-0.00027648
2025-10-23 16:00,8,-1.558e-05
2025-10-24 00:00,8,-0.00013602
2025-10-24 08:00,8,0.0001
2025-10-24 16:00,8,0.0001
2025-10-25 00:00,8,0.0001
2025-10-25 08:00,8,1.659e-05
2025-10-25 16:00,8,0.0001
2025-10-26 00:00,8,0.0001
2025-10-26 08:00,8,0.0001
2025-10-26 16:00,8,0.0001
2025-10-27 00:00,8,0.0001
2025-10-27 08:00,8,0.0001
2025-10-27 16:00,8,7.428e-05
2025-10-28 00:00,8,3.838e-05
2025-10-28 08:00,8,-1.314e-05
2025-10-28 16:00,8,3.259e-05
2025-10-29 00:00,8,-8.996e-05
2025-10-29 08:00,8,-0.00020858
2025-10-29 16:00,8,0.0001
2025-10-30 00:00,8,0.0001
2025-10-30 08:00,8,-0.00017651
2025-10-30 16:00,8,-0.000319
2025-10-31 00:00,8,-0.00041725
2025-10-31 08:00,8,-8.684e-05
2025-10-31 16:00,8,-3.885e-05
2025-11-01 00:00,8,-8.602e-05
2025-11-01 08:00,8,-0.00017462
2025-11-01 16:00,8,-0.00013779
2025-11-02 00:00,8,0.0001
2025-11-02 08:00,8,-0.00027783
2025-11-02 16:00,8,-5.28e-06
2025-11-03 00:00,8,-0.0003314
2025-11-03 08:00,8,-0.00034435
2025-11-03 16:00,8,-0.00040896
2025-11-04 00:00,8,-0.00059903
2025-11-04 08:00,8,-4.63e-06
2025-11-04 16:00,8,2.236e-05
2025-11-05 00:00,8,5.565e-05
2025-11-05 08:00,8,-0.00010204
2025-11-05 16:00,8,-0.00019445
2025-11-06 00:00,8,-0.00018086
2025-11-06 08:00,8,-7.012e-05
2025-11-06 16:00,8,-0.00011118
2025-11-07 00:00,8,-0.00010574
2025-11-07 08:00,8,-0.00024002
2025-11-07 16:00,8,0.0001
2025-11-08 00:00,8,0.0001
2025-11-08 08:00,8,0.0001
2025-11-08 16:00,8,0.0001
2025-11-09 00:00,8,5.411e-05
2025-11-09 08:00,8,1.091e-05
2025-11-09 16:00,8,5.935e-05
2025-11-10 00:00,8,5.165e-05
2025-11-10 08:00,8,-0.00011229
2025-11-10 16:00,8,0.0001
2025-11-11 00:00,8,0.0001
2025-11-11 08:00,8,-0.0001684
2025-11-11 16:00,8,-3.984e-05
2025-11-12 00:00,8,-9.716e-05
2025-11-12 08:00,8,-0.00012305
2025-11-12 16:00,8,5.668e-05
2025-11-13 00:00,8,-0.00022913
2025-11-13 08:00,8,-9.91e-06
2025-11-13 16:00,8,-1.776e-05
2025-11-14 00:00,8,-0.00038871
2025-11-14 08:00,8,-0.00023312
2025-11-14 16:00,8,-0.00020835
2025-11-15 00:00,8,-0.00012223
2025-11-15 08:00,8,0.0001
2025-11-15 16:00,8,4.69e-06
2025-11-16 00:00,8,-0.00011141
2025-11-16 08:00,8,0.0001
2025-11-16 16:00,8,-0.00051575
2025-11-17 00:00,8,-0.00030479
2025-11-17 08:00,8,-3.503e-05
2025-11-17 16:00,8,-6.431e-05
2025-11-18 00:00,8,-0.00030342
2025-11-18 08:00,8,-6.022e-05
2025-11-18 16:00,8,-0.00011331
2025-11-19 00:00,8,7.215e-05
2025-11-19 08:00,8,9.666e-05
2025-11-19 16:00,8,-8.891e-05
2025-11-20 00:00,8,-0.00031343
2025-11-20 08:00,8,0.0001
2025-11-20 16:00,8,0.0001
2025-11-21 00:00,8,-0.00035205
2025-11-21 08:00,8,-0.0004098
2025-11-21 16:00,8,-0.00043584
2025-11-22 00:00,8,-0.00043215
2025-11-22 08:00,8,-0.0003424
2025-11-22 16:00,8,-0.00029038
2025-11-23 00:00,8,-0.00023272
2025-11-23 08:00,8,-0.00027621
2025-11-23 16:00,8,-0.0001039
2025-11-24 00:00,8,-0.00010305
2025-11-24 08:00,8,-8.56e-05
2025-11-24 16:00,8,-8.729e-05
2025-11-25 00:00,8,0.0001
2025-11-25 08:00,8,-3.717e-05
2025-11-25 16:00,8,-0.00013814
2025-11-26 00:00,8,-5.598e-05
2025-11-26 08:00,8,-0.00013091
2025-11-26 16:00,8,-9.949e-05
2025-11-27 00:00,8,0.0001
2025-11-27 08:00,8,4.016e-05
2025-11-27 16:00,8,-3.227e-05
2025-11-28 00:00,8,3.983e-05
2025-11-28 08:00,8,-2.982e-05
2025-11-28 16:00,8,0.0001
2025-11-29 00:00,8,-0.0002576
2025-11-29 08:00,8,-4.889e-05
2025-11-29 16:00,8,-9.463e-05
2025-11-30 00:00,8,0.0001
2025-11-30 08:00,8,0.0001
2025-11-30 16:00,8,5.813e-05
2025-12-01 00:00,8,-0.00019356
2025-12-01 08:00,8,-0.00045648
2025-12-01 16:00,8,-0.00024094
2025-12-02 00:00,8,-0.00017789
2025-12-02 08:00,8,-0.00016694
2025-12-02 16:00,8,0.0001
2025-12-03 00:00,8,0.0001
2025-12-03 08:00,8,2.477e-05
2025-12-03 16:00,8,4.253e-05
2025-12-04 00:00,8,5.624e-05
2025-12-04 08:00,8,0.0001
2025-12-04 16:00,8,6.143e-05
2025-12-05 00:00,8,7.686e-05
2025-12-05 08:00,8,2.479e-05
2025-12-05 16:00,8,-4.139e-05
2025-12-06 00:00,8,-0.00061157
2025-12-06 08:00,8,-0.00027389
2025-12-06 16:00,8,-0.00015196
2025-12-07 00:00,8,-9.211e-05
2025-12-07 08:00,8,-0.00014097
2025-12-07 16:00,8,-0.00011828
2025-12-08 00:00,8,-0.00016225
2025-12-08 08:00,8,4.092e-05
2025-12-08 16:00,8,0.0001
2025-12-09 00:00,8,3.338e-05
2025-12-09 08:00,8,5.304e-05
2025-12-09 16:00,8,1.41e-05
2025-12-10 00:00,8,0.0001
2025-12-10 08:00,8,5.782e-05
2025-12-10 16:00,8,-1.923e-05
2025-12-11 00:00,8,6.795e-05
2025-12-11 08:00,8,-1.432e-05
2025-12-11 16:00,8,4.966e-05
2025-12-12 00:00,8,1.6e-07
2025-12-12 08:00,8,-2.9e-07
2025-12-12 16:00,8,4.37e-06
2025-12-13 00:00,8,7.926e-05
2025-12-13 08:00,8,8.123e-05
2025-12-13 16:00,8,7.904e-05
2025-12-14 00:00,8,3.808e-05
2025-12-14 08:00,8,-7.722e-05
2025-12-14 16:00,8,-0.00010166
2025-12-15 00:00,8,-0.00013475
2025-12-15 08:00,8,-8.1e-05
2025-12-15 16:00,8,-5.724e-05
2025-12-16 00:00,8,-0.00024819
2025-12-16 08:00,8,-0.00013969
2025-12-16 16:00,8,2.51e-05
2025-12-17 00:00,8,-2.471e-05
2025-12-17 08:00,8,-6.303e-05
2025-12-17 16:00,8,-0.00010415
2025-12-18 00:00,8,-0.00011743
2025-12-18 08:00,8,-0.00011496
2025-12-18 16:00,8,4.729e-05
2025-12-19 00:00,8,-0.00015343
2025-12-19 08:00,8,-0.0001311
2025-12-19 16:00,8,5.964e-05
2025-12-20 00:00,8,0.0001
2025-12-20 08:00,8,0.0001
2025-12-20 16:00,8,5.657e-05
2025-12-21 00:00,8,6.249e-05
2025-12-21 08:00,8,9.006e-05
2025-12-21 16:00,8,-2.62e-06
2025-12-22 00:00,8,-2.212e-05
2025-12-22 08:00,8,-5.372e-05
2025-12-22 16:00,8,-6.5e-06
2025-12-23 00:00,8,-0.00010767
2025-12-23 08:00,8,-0.00020272
2025-12-23 16:00,8,-2.735e-05
2025-12-24 00:00,8,3.38e-06
2025-12-24 08:00,8,-0.00011713
2025-12-24 16:00,8,-0.00011135
2025-12-25 00:00,8,-8.033e-05
2025-12-25 08:00,8,-3.068e-05
2025-12-25 16:00,8,-3.157e-05
2025-12-26 00:00,8,-5.817e-05
2025-12-26 08:00,8,1.909e-05
2025-12-26 16:00,8,0.0001
2025-12-27 00:00,8,7.968e-05
2025-12-27 08:00,8,-4.03e-05
2025-12-27 16:00,8,7.765e-05
2025-12-28 00:00,8,0.0001
2025-12-28 08:00,8,0.0001
2025-12-28 16:00,8,0.0001
2025-12-29 00:00,8,6.599e-05
2025-12-29 08:00,8,0.0001
2025-12-29 16:00,8,-7.064e-05
2025-12-30 00:00,8,-3.655e-05
2025-12-30 08:00,8,-0.00010365
2025-12-30 16:00,8,9.01e-06
2025-12-31 00:00,8,-8.245e-05
2025-12-31 08:00,8,-0.00015215
2025-12-31 16:00,8,3.382e-05
2026-01-01 00:00,8,-5.405e-05
2026-01-01 08:00,8,1.835e-05
2026-01-01 16:00,8,0.0001
2026-01-02 00:00,8,0.0001
2026-01-02 08:00,8,0.0001
2026-01-02 16:00,8,0.0001
2026-01-03 00:00,8,0.0001
2026-01-03 08:00,8,9.218e-05
2026-01-03 16:00,8,-4.35e-06
2026-01-04 00:00,8,8.404e-05
2026-01-04 08:00,8,7.364e-05
2026-01-04 16:00,8,6.969e-05
2026-01-05 00:00,8,4.901e-05
2026-01-05 08:00,8,9.338e-05
2026-01-05 16:00,8,0.0001
2026-01-06 00:00,8,5.332e-05
2026-01-06 08:00,8,2.677e-05
2026-01-06 16:00,8,5.995e-05
2026-01-07 00:00,8,0.0001
2026-01-07 08:00,8,0.0001
2026-01-07 16:00,8,5.375e-05
2026-01-08 00:00,8,7.733e-05
2026-01-08 08:00,8,0.0001
2026-01-08 16:00,8,0.0001
2026-01-09 00:00,8,5.136e-05
2026-01-09 08:00,8,5.699e-05
2026-01-09 16:00,8,2.054e-05
2026-01-10 00:00,8,6.27e-06
2026-01-10 08:00,8,1.21e-06
2026-01-10 16:00,8,8.101e-05
2026-01-11 00:00,8,5.81e-05
2026-01-11 08:00,8,7.93e-05
2026-01-11 16:00,8,3.94e-06
2026-01-12 00:00,8,4.854e-05
2026-01-12 08:00,8,2.09e-06
2026-01-12 16:00,8,-5.428e-05
2026-01-13 00:00,8,6.089e-05
2026-01-13 08:00,8,7.42e-05
2026-01-13 16:00,8,9.722e-05
2026-01-14 00:00,8,0.0001
2026-01-14 08:00,8,0.0001
2026-01-14 16:00,8,7.364e-05
2026-01-15 00:00,8,0.0001
2026-01-15 08:00,8,1.035e-05
2026-01-15 16:00,8,9.71e-06
2026-01-16 00:00,8,1.32e-06
2026-01-16 08:00,8,-6.967e-05
2026-01-16 16:00,8,0.0001
2026-01-17 00:00,8,0.0001
2026-01-17 08:00,8,3.851e-05
2026-01-17 16:00,8,-1.477e-05
2026-01-18 00:00,8,0.0001
2026-01-18 08:00,8,-1.1e-05
2026-01-18 16:00,8,-4.307e-05
2026-01-19 00:00,8,8.212e-05
2026-01-19 08:00,8,-0.00011234
2026-01-19 16:00,8,1.824e-05
2026-01-20 00:00,8,0.0001
2026-01-20 08:00,8,0.0001
2026-01-20 16:00,8,9.12e-06
2026-01-21 00:00,8,-8.367e-05
2026-01-21 08:00,8,-3.333e-05
2026-01-21 16:00,8,-3.022e-05
2026-01-22 00:00,8,3.475e-05
2026-01-22 08:00,8,-6.56e-06
2026-01-22 16:00,8,-4.829e-05
2026-01-23 00:00,8,-6.985e-05
2026-01-23 08:00,8,5.062e-05
2026-01-23 16:00,8,-0.00014003
2026-01-24 00:00,8,-8.243e-05
2026-01-24 08:00,8,-6.882e-05
2026-01-24 16:00,8,6.295e-05
2026-01-25 00:00,8,4.263e-05
2026-01-25 08:00,8,-6.427e-05
2026-01-25 16:00,8,-0.00026082
2026-01-26 00:00,8,-8.287e-05
2026-01-26 08:00,8,4.185e-05
2026-01-26 16:00,8,6.983e-05
2026-01-27 00:00,8,0.0001
2026-01-27 08:00,8,-4.979e-05
2026-01-27 16:00,8,-9.37e-05
2026-01-28 00:00,8,0.0001
2026-01-28 08:00,8,0.0001
2026-01-28 16:00,8,0.0001
2026-01-29 00:00,8,3.526e-05
2026-01-29 08:00,8,-0.0003542
2026-01-29 16:00,8,-0.00045422
2026-01-30 00:00,8,-0.0006565
2026-01-30 08:00,8,-0.00038264
2026-01-30 16:00,8,-0.0001541
2026-01-31 00:00,8,5.294e-05
2026-01-31 08:00,8,-0.00015911
2026-01-31 16:00,8,-0.00030149
2026-02-01 00:00,8,-0.00040029
2026-02-01 08:00,8,-6.716e-05
2026-02-01 16:00,8,-7.323e-05
2026-02-02 00:00,8,-0.00017849
2026-02-02 08:00,8,-0.00011842
2026-02-02 16:00,8,-0.00010628
2026-02-03 00:00,8,-1.48e-06
2026-02-03 08:00,8,-9.752e-05
2026-02-03 16:00,8,7.522e-05
2026-02-04 00:00,8,-7.118e-05
2026-02-04 08:00,8,-0.00010008
2026-02-04 16:00,8,-0.00014776
2026-02-05 00:00,8,1.092e-05
2026-02-05 08:00,8,-0.00015677
2026-02-05 16:00,8,-9.99e-05
2026-02-06 00:00,8,-0.00012392
2026-02-06 08:00,8,-0.00010505
2026-02-06 16:00,8,-0.00046728
2026-02-07 00:00,8,7.37e-06
2026-02-07 08:00,8,1.565e-05
2026-02-07 16:00,8,-3.967e-05
2026-02-08 00:00,8,-0.00010332
2026-02-08 08:00,8,-0.00020076
2026-02-08 16:00,8,8.82e-06
2026-02-09 00:00,8,-2.716e-05
2026-02-09 08:00,8,-0.00010753
2026-02-09 16:00,8,-5.259e-05
2026-02-10 00:00,8,-9.37e-05
2026-02-10 08:00,8,-0.00013727
2026-02-10 16:00,8,-2.469e-05
2026-02-11 00:00,8,1.537e-05
2026-02-11 08:00,8,-4.032e-05
2026-02-11 16:00,8,-6.774e-05
2026-02-12 00:00,8,-8.65e-05
2026-02-12 08:00,8,-0.00020947
2026-02-12 16:00,8,5.759e-05
2026-02-13 00:00,8,0.0001
2026-02-13 08:00,8,1.427e-05
2026-02-13 16:00,8,-4.611e-05
2026-02-14 00:00,8,0.0001
2026-02-14 08:00,8,-6.44e-06
2026-02-14 16:00,8,0.0001
2026-02-15 00:00,8,6.539e-05
2026-02-15 08:00,8,-3.712e-05
2026-02-15 16:00,8,0.0001
2026-02-16 00:00,8,9.377e-05
2026-02-16 08:00,8,7.913e-05
2026-02-16 16:00,8,2.83e-05
2026-02-17 00:00,8,-2.325e-05
2026-02-17 08:00,8,1.852e-05
2026-02-17 16:00,8,1.026e-05
2026-02-18 00:00,8,-2.078e-05
2026-02-18 08:00,8,8.506e-05
2026-02-18 16:00,8,-9.079e-05
2026-02-19 00:00,8,-4.14e-05
2026-02-19 08:00,8,-3.94e-05
2026-02-19 16:00,8,-4.128e-05
2026-02-20 00:00,8,0.0001
2026-02-20 08:00,8,8.581e-05
2026-02-20 16:00,8,0.0001
2026-02-21 00:00,8,0.0001
2026-02-21 08:00,8,6.22e-05
2026-02-21 16:00,8,-1.43e-05
2026-02-22 00:00,8,5.313e-05
2026-02-22 08:00,8,-2.407e-05
2026-02-22 16:00,8,0.0001
2026-02-23 00:00,8,-3.488e-05
2026-02-23 08:00,8,6.897e-05
2026-02-23 16:00,8,6.236e-05
2026-02-24 00:00,8,6.033e-05
2026-02-24 08:00,8,-5.042e-05
2026-02-24 16:00,8,0.0001
2026-02-25 00:00,8,7.308e-05
2026-02-25 08:00,8,7.2e-06
2026-02-25 16:00,8,9.93e-06
2026-02-26 00:00,8,0.0001
2026-02-26 08:00,8,-6.77e-06
2026-02-26 16:00,8,3.647e-05
2026-02-27 00:00,8,7.914e-05
2026-02-27 08:00,8,1.28e-05
2026-02-27 16:00,8,4.968e-05
2026-02-28 00:00,8,6.228e-05
2026-02-28 08:00,8,-9.057e-05
2026-02-28 16:00,8,5.216e-05
2026-03-01 00:00,8,3.54e-05
2026-03-01 08:00,8,1.7e-05
2026-03-01 16:00,8,-8.363e-05
2026-03-02 00:00,8,3.934e-05
2026-03-02 08:00,8,7.119e-05
2026-03-02 16:00,8,1.665e-05
2026-03-03 00:00,8,0.0001
2026-03-03 08:00,8,6.809e-05
2026-03-03 16:00,8,-3.596e-05
2026-03-04 00:00,8,1.07e-06
2026-03-04 08:00,8,-2.459e-05
2026-03-04 16:00,8,0.0001
2026-03-05 00:00,8,0.0001
2026-03-05 08:00,8,7.831e-05
2026-03-05 16:00,8,-5.075e-05
2026-03-06 00:00,8,-1.082e-05
2026-03-06 08:00,8,1.027e-05
2026-03-06 16:00,8,-0.0001614
2026-03-07 00:00,8,6.78e-06
2026-03-07 08:00,8,5.422e-05
2026-03-07 16:00,8,-8.927e-05
2026-03-08 00:00,8,1.491e-05
2026-03-08 08:00,8,-2.311e-05
2026-03-08 16:00,8,-7.883e-05
2026-03-09 00:00,8,-6.002e-05
2026-03-09 08:00,8,-4.07e-06
2026-03-09 16:00,8,-4.112e-05
2026-03-10 00:00,8,-0.00012456
2026-03-10 08:00,8,-7.541e-05
2026-03-10 16:00,8,-6.322e-05
2026-03-11 00:00,8,-0.0002995
2026-03-11 08:00,8,-4.04e-05
2026-03-11 16:00,8,-1.572e-05
2026-03-12 00:00,8,-9.092e-05
2026-03-12 08:00,8,-0.00014159
2026-03-12 16:00,8,-0.00021359
2026-03-13 00:00,8,7.166e-05
2026-03-13 08:00,8,0.0001
2026-03-13 16:00,8,0.0001
2026-03-14 00:00,8,-1.6e-06
2026-03-14 08:00,8,2.345e-05
2026-03-14 16:00,8,-7.379e-05
2026-03-15 00:00,8,2.25e-05
2026-03-15 08:00,8,2.475e-05
2026-03-15 16:00,8,9.046e-05
2026-03-16 00:00,8,6.475e-05
2026-03-16 08:00,8,0.0001
2026-03-16 16:00,8,0.0001
2026-03-17 00:00,8,0.0001
2026-03-17 08:00,8,0.0001
2026-03-17 16:00,8,0.0001
2026-03-18 00:00,8,0.0001
2026-03-18 08:00,8,0.0001
2026-03-18 16:00,8,-9.169e-05
2026-03-19 00:00,8,6.403e-05
2026-03-19 08:00,8,-0.00021976
2026-03-19 16:00,8,-0.00044016
2026-03-20 00:00,8,-0.00028806
2026-03-20 08:00,8,-0.00035436
2026-03-20 16:00,8,-0.00062581
2026-03-21 00:00,8,-2.736e-05
2026-03-21 08:00,8,7.143e-05
2026-03-21 16:00,8,-0.00010113
2026-03-22 00:00,8,0.0001
2026-03-22 08:00,8,-8.744e-05
2026-03-22 16:00,8,-4.214e-05
2026-03-23 00:00,8,-6.581e-05
2026-03-23 08:00,8,7.852e-05
2026-03-23 16:00,8,-5.473e-05
2026-03-24 00:00,8,0.0001
2026-03-24 08:00,8,5.768e-05
2026-03-24 16:00,8,-7.64e-05
2026-03-25 00:00,8,3.515e-05
2026-03-25 08:00,8,-0.00014289
2026-03-25 16:00,8,3.858e-05
2026-03-26 00:00,8,-0.00017629
2026-03-26 08:00,8,-0.000344
2026-03-26 16:00,8,-0.00021217
2026-03-27 00:00,8,-0.00033521
2026-03-27 08:00,8,-0.00028278
2026-03-27 16:00,8,1.34e-05
2026-03-28 00:00,8,-9.1e-06
2026-03-28 08:00,8,3.818e-05
2026-03-28 16:00,8,5.233e-05
2026-03-29 00:00,8,7.664e-05
2026-03-29 08:00,8,8.294e-05
2026-03-29 16:00,8,0.0001
2026-03-30 00:00,8,8.513e-05
2026-03-30 08:00,8,5.12e-05
2026-03-30 16:00,8,7.693e-05
2026-03-31 00:00,8,2.615e-05
2026-03-31 08:00,8,8.89e-06
2026-03-31 16:00,8,4.846e-05
2026-04-01 00:00,8,7.726e-05
2026-04-01 08:00,8,2.367e-05
2026-04-01 16:00,8,0.0001
2026-04-02 00:00,8,6.112e-05
2026-04-02 08:00,8,-5.805e-05
2026-04-02 16:00,8,6.983e-05
2026-04-03 00:00,8,1.537e-05
2026-04-03 08:00,8,-1.79e-06
2026-04-03 16:00,8,7.911e-05
2026-04-04 00:00,8,-4.617e-05
2026-04-04 08:00,8,2.35e-06
2026-04-04 16:00,8,2.54e-06
2026-04-05 00:00,8,-2.059e-05
2026-04-05 08:00,8,-9.208e-05
2026-04-05 16:00,8,-0.00016386
2026-04-06 00:00,8,-5.963e-05
2026-04-06 08:00,8,-9.641e-05
2026-04-06 16:00,8,4.232e-05
2026-04-07 00:00,8,-3.649e-05
2026-04-07 08:00,8,-4.94e-05
2026-04-07 16:00,8,3.191e-05
2026-04-08 00:00,8,0.0001
2026-04-08 08:00,8,5.63e-06
2026-04-08 16:00,8,6.666e-05
2026-04-09 00:00,8,9.918e-05
2026-04-09 08:00,8,0.0001
2026-04-09 16:00,8,-0.00011139
2026-04-10 00:00,8,0.0001
2026-04-10 08:00,8,4.33e-05
2026-04-10 16:00,8,0.0001
2026-04-11 00:00,8,0.0001
2026-04-11 08:00,8,8.359e-05
2026-04-11 16:00,8,6.309e-05
2026-04-12 00:00,8,9.48e-06
2026-04-12 08:00,8,5.31e-05
2026-04-12 16:00,8,7.962e-05
2026-04-13 00:00,8,8.512e-05
2026-04-13 08:00,8,-4.016e-05
2026-04-13 16:00,8,3.801e-05
2026-04-14 00:00,8,5.567e-05
2026-04-14 08:00,8,8.135e-05
2026-04-14 16:00,8,6.821e-05
2026-04-15 00:00,8,4.697e-05
2026-04-15 08:00,8,0.0001
2026-04-15 16:00,8,3.222e-05
2026-04-16 00:00,8,5.022e-05
2026-04-16 08:00,8,0.0001
2026-04-16 16:00,8,7.214e-05
2026-04-17 00:00,8,9.172e-05
2026-04-17 08:00,8,-4.004e-05
2026-04-17 16:00,8,-0.00038136
2026-04-18 00:00,8,-0.00064069
2026-04-18 08:00,8,-0.00095862
2026-04-18 16:00,8,-0.00126282
2026-04-19 00:00,8,-0.00116779
2026-04-19 08:00,8,-0.00053378
2026-04-19 16:00,8,-0.00124038
2026-04-20 00:00,8,-0.00062165
2026-04-20 08:00,8,-0.00101671
2026-04-20 16:00,8,-0.00115079
2026-04-21 00:00,8,-0.00126628
2026-04-21 08:00,8,-0.00080728
2026-04-21 16:00,8,-0.00116511
2026-04-22 00:00,8,-0.00123904
2026-04-22 08:00,8,-0.00063642
2026-04-22 16:00,8,-0.0005111
2026-04-23 00:00,8,-5.072e-05
2026-04-23 08:00,8,-0.00031398
2026-04-23 16:00,8,-0.00025036
2026-04-24 00:00,8,-0.00068373
2026-04-24 08:00,8,-0.00018407
2026-04-24 16:00,8,-9.825e-05
2026-04-25 00:00,8,-0.00017095
2026-04-25 08:00,8,-0.00013577
2026-04-25 16:00,8,-0.00012321
2026-04-26 00:00,8,-0.00044847
2026-04-26 08:00,8,-0.00014921
2026-04-26 16:00,8,-0.00017754
2026-04-27 00:00,8,-0.00030991
2026-04-27 08:00,8,-0.00035621
2026-04-27 16:00,8,-0.00082931
2026-04-28 00:00,8,-0.00061602
2026-04-28 08:00,8,-0.00032151
2026-04-28 16:00,8,-0.00079281
2026-04-29 00:00,8,-0.00029715
2026-04-29 08:00,8,-0.00045047
2026-04-29 16:00,8,-0.00044814
2026-04-30 00:00,8,-0.00118976
2026-04-30 08:00,8,-0.00028568
2026-04-30 16:00,8,-0.0008061
2026-05-01 00:00,8,-0.00016545
2026-05-01 08:00,8,9.952e-05
2026-05-01 16:00,8,-0.00054051
2026-05-02 00:00,8,-0.0006438
2026-05-02 08:00,8,-0.00064894
2026-05-02 16:00,8,-0.00048255
2026-05-03 00:00,8,9.438e-05
2026-05-03 08:00,8,-9.516e-05
2026-05-03 16:00,8,-0.00051595
2026-05-04 00:00,8,-0.00026525
2026-05-04 08:00,8,-2.823e-05
2026-05-04 16:00,8,-0.00042601
2026-05-05 00:00,8,-0.0002296
2026-05-05 08:00,8,-0.00010278
2026-05-05 16:00,8,0.0001
2026-05-06 00:00,8,-0.00020425
2026-05-06 08:00,8,-8.442e-05
2026-05-06 16:00,8,7.145e-05
2026-05-07 00:00,8,4.504e-05
2026-05-07 08:00,8,-9.189e-05
2026-05-07 16:00,8,-2.049e-05
2026-05-08 00:00,8,-0.00020468
2026-05-08 08:00,8,-7.566e-05
2026-05-08 16:00,8,-3.489e-05
2026-05-09 00:00,8,9.939e-05
2026-05-09 08:00,8,7.778e-05
2026-05-09 16:00,8,2.555e-05
2026-05-10 00:00,8,1.13e-05
2026-05-10 08:00,8,-3.149e-05
2026-05-10 16:00,8,-2.32e-06
2026-05-11 00:00,8,-0.0003764
2026-05-11 08:00,8,-0.00019529
2026-05-11 16:00,8,-0.0002538
2026-05-12 00:00,8,-4.923e-05
2026-05-12 08:00,8,-4.39e-05
2026-05-12 16:00,8,-0.00017661
2026-05-13 00:00,8,-9.174e-05
2026-05-13 08:00,8,4.242e-05
2026-05-13 16:00,8,-0.00035254
2026-05-14 00:00,8,-0.00033175
2026-05-14 08:00,8,-0.00021529
2026-05-14 16:00,8,-0.00015772
2026-05-15 00:00,8,3.012e-05
2026-05-15 08:00,8,-0.00034794
2026-05-15 16:00,8,-0.00056362
2026-05-16 00:00,8,-0.00046522
2026-05-16 08:00,8,-0.00072544
2026-05-16 16:00,8,-0.00084771
2026-05-17 00:00,8,-0.00046667
2026-05-17 08:00,8,-0.00050773
2026-05-17 16:00,8,-0.00049843
2026-05-18 00:00,8,-0.00048302
2026-05-18 08:00,8,-0.00073337
2026-05-18 16:00,8,-0.00054505
2026-05-19 00:00,8,-0.00078104
2026-05-19 08:00,8,-0.00062563
2026-05-19 16:00,8,-0.00049302
2026-05-20 00:00,8,-0.00036903
2026-05-20 08:00,8,-0.00012061
2026-05-20 16:00,8,-0.00038951
2026-05-21 00:00,8,-0.00017539
2026-05-21 08:00,8,-1.459e-05
2026-05-21 16:00,8,-2.987e-05
2026-05-22 00:00,8,3.416e-05
2026-05-22 08:00,8,-5.399e-05
2026-05-22 16:00,8,4.191e-05
2026-05-23 00:00,8,9.316e-05
2026-05-23 08:00,8,1.289e-05
2026-05-23 16:00,8,3.712e-05
2026-05-24 00:00,8,6.614e-05
2026-05-24 08:00,8,-4.014e-05
2026-05-24 16:00,8,-8.342e-05
2026-05-25 00:00,8,5.16e-05
2026-05-25 08:00,8,6.519e-05
2026-05-25 16:00,8,1.768e-05
2026-05-26 00:00,8,-3.85e-06
2026-05-26 08:00,8,-0.00010413
2026-05-26 16:00,8,9.939e-05
2026-05-27 00:00,8,0.0001
2026-05-27 08:00,8,-5.13e-06
2026-05-27 16:00,8,-0.00010759
2026-05-28 00:00,8,8.173e-05
2026-05-28 08:00,8,-2.259e-05
2026-05-28 16:00,8,-0.00027255
2026-05-29 00:00,8,-0.0003881
2026-05-29 08:00,8,-0.0005243
2026-05-29 16:00,8,-0.00046595
2026-05-30 00:00,8,-3.001e-05
2026-05-30 08:00,8,-6.2e-07
2026-05-30 16:00,8,4.7e-06
2026-05-31 00:00,8,0.0001
2026-05-31 08:00,8,2.356e-05
2026-05-31 16:00,8,7.91e-06
2026-06-01 00:00,8,-3.927e-05
2026-06-01 08:00,8,9.124e-05
2026-06-01 16:00,8,0.0001
2026-06-02 00:00,8,0.0001
2026-06-02 08:00,8,6.922e-05
2026-06-02 16:00,8,4.557e-05
2026-06-03 00:00,8,3.747e-05
2026-06-03 08:00,8,5.7e-05
2026-06-03 16:00,8,0.0001
2026-06-04 00:00,8,0.0001
2026-06-04 08:00,8,6.748e-05
2026-06-04 16:00,8,2.36e-05
2026-06-05 00:00,8,-2.864e-05
2026-06-05 08:00,8,-0.00025442
2026-06-05 16:00,8,-0.00024046
2026-06-06 00:00,8,-7.87e-06
2026-06-06 08:00,8,-0.00065062
2026-06-06 16:00,8,-0.00062985
2026-06-07 00:00,8,-0.00071254
2026-06-07 08:00,8,-0.00050311
2026-06-07 16:00,8,-0.00052803
2026-06-08 00:00,8,-0.00019116
2026-06-08 08:00,8,-0.00014984
2026-06-08 16:00,8,-0.00012058
2026-06-09 00:00,8,0.0001
2026-06-09 08:00,8,-0.00017539
2026-06-09 16:00,8,-9.29e-06
2026-06-10 00:00,8,-0.00010385
2026-06-10 08:00,8,-0.00025509
2026-06-10 16:00,8,-0.0002382
2026-06-11 00:00,8,-0.00056465
2026-06-11 08:00,8,-0.00031088
2026-06-11 16:00,8,4.189e-05
2026-06-12 00:00,8,-1.921e-05
2026-06-12 08:00,8,-6.395e-05
2026-06-12 16:00,8,-0.00017962
2026-06-13 00:00,8,-0.00024833
2026-06-13 08:00,8,-6.725e-05
2026-06-13 16:00,8,0.0001
2026-06-14 00:00,8,0.0001
2026-06-14 08:00,8,-1.45e-06
2026-06-14 16:00,8,-0.00014476
2026-06-15 00:00,8,0.0001
2026-06-15 08:00,8,0.0001
2026-06-15 16:00,8,0.0001
2026-06-16 00:00,8,0.0001
2026-06-16 08:00,8,0.0001
2026-06-16 16:00,8,0.0001
2026-06-17 00:00,8,0.0001
2026-06-17 08:00,8,3.685e-05
2026-06-17 16:00,8,-4.257e-05
2026-06-18 00:00,8,-2.38e-05
2026-06-18 08:00,8,-1.805e-05
2026-06-18 16:00,8,1.511e-05
2026-06-19 00:00,8,-4.45e-06
2026-06-19 08:00,8,-4.669e-05
2026-06-19 16:00,8,-8.569e-05
2026-06-20 00:00,8,3.453e-05
2026-06-20 08:00,8,1.426e-05
2026-06-20 16:00,8,-6.9e-07
2026-06-21 00:00,8,3.541e-05
2026-06-21 08:00,8,8.99e-06
2026-06-21 16:00,8,1.308e-05
2026-06-22 00:00,8,-2.872e-05
2026-06-22 08:00,8,8.566e-05
2026-06-22 16:00,8,2.677e-05
2026-06-23 00:00,8,-0.00011387
2026-06-23 08:00,8,-0.00014748
2026-06-23 16:00,8,1.373e-05
2026-06-24 00:00,8,-0.00015081
2026-06-24 08:00,8,2.414e-05
2026-06-24 16:00,8,5.503e-05
2026-06-25 00:00,8,3.317e-05
2026-06-25 08:00,8,4.57e-06
2026-06-25 16:00,8,1.943e-05
2026-06-26 00:00,8,8.427e-05
2026-06-26 08:00,8,9.121e-05
2026-06-26 16:00,8,2.273e-05
2026-06-27 00:00,8,0.0001
2026-06-27 08:00,8,-9.08e-06
2026-06-27 16:00,8,5.445e-05
2026-06-28 00:00,8,2.395e-05
2026-06-28 08:00,8,9.717e-05
2026-06-28 16:00,8,4.027e-05
2026-06-29 00:00,8,5.812e-05
2026-06-29 08:00,8,3.799e-05
2026-06-29 16:00,8,8.422e-05
2026-06-30 00:00,8,3.057e-05
2026-06-30 08:00,8,0.0001
2026-06-30 16:00,8,7.02e-05
2026-07-01 00:00,8,0.0001
2026-07-01 08:00,8,1.747e-05
2026-07-01 16:00,8,0.0001
2026-07-02 00:00,8,3.129e-05
2026-07-02 08:00,8,2.62e-05
2026-07-02 16:00,8,-9.26e-06
2026-07-03 00:00,8,1.379e-05
2026-07-03 08:00,8,-1.899e-05
2026-07-03 16:00,8,5.38e-06
2026-07-04 00:00,8,-6.45e-05
2026-07-04 08:00,8,-0.00010372
2026-07-04 16:00,8,2.8e-07
2026-07-05 00:00,8,-2.406e-05
2026-07-05 08:00,8,8.649e-05
2026-07-05 16:00,8,-4.28e-05
2026-07-06 00:00,8,7.084e-05
2026-07-06 08:00,8,8.641e-05
2026-07-06 16:00,8,0.0001
2026-07-07 00:00,8,1.925e-05
2026-07-07 08:00,8,-0.00010457
2026-07-07 16:00,8,-8.268e-05
2026-07-08 00:00,8,3.843e-05
2026-07-08 08:00,8,5.752e-05
2026-07-08 16:00,8,2.36e-06
2026-07-09 00:00,8,8.587e-05
2026-07-09 08:00,8,5.19e-06
2026-07-09 16:00,8,2.326e-05
2026-07-10 00:00,8,-5.28e-06
2026-07-10 08:00,8,0.0001
2026-07-10 16:00,8,6.887e-05
2026-07-11 00:00,8,-2.776e-05
2026-07-11 08:00,8,6.05e-05
2026-07-11 16:00,8,0.0001
2026-07-12 00:00,8,0.0001
2026-07-12 08:00,8,1.12e-05
2026-07-12 16:00,8,0.0001
2026-07-13 00:00,8,9.414e-05
2026-07-13 08:00,8,5.97e-06
2026-07-13 16:00,8,-2.652e-05
2026-07-14 00:00,8,-0.00018875
2026-07-14 08:00,8,-8.008e-05
2026-07-14 16:00,8,7.049e-05
2026-07-15 00:00,8,-1.713e-05
2026-07-15 08:00,8,-2.66e-06
2026-07-15 16:00,8,-2.487e-05
2026-07-16 00:00,8,3.834e-05
2026-07-16 08:00,8,-0.00016026
2026-07-16 16:00,8,-2.58e-06
2026-07-17 00:00,8,-7.268e-05
2026-07-17 08:00,8,-0.00021999
2026-07-17 16:00,8,-1.945e-05
2026-07-18 00:00,8,9.345e-05
2026-07-18 08:00,8,5.118e-05
2026-07-18 16:00,8,-0.00026687
2026-07-19 00:00,8,-1.262e-05
2026-07-19 08:00,8,-3.45e-05
2026-07-19 16:00,8,-2.922e-05
2026-07-20 00:00,8,-0.0004664
2026-07-20 08:00,8,1.633e-05
2026-07-20 16:00,8,3.563e-05
2026-07-21 00:00,8,5.57e-05
2026-07-21 08:00,8,5.861e-05
2026-07-21 16:00,8,6.201e-05
2026-07-22 00:00,8,0.0001
2026-07-22 08:00,8,6.18e-05
2026-07-22 16:00,8,1.077e-05
2026-07-23 00:00,8,1.093e-05
2026-07-23 08:00,8,4.98e-05
2026-07-23 16:00,8,7.39e-06
2026-07-24 00:00,8,8.623e-05
2026-07-24 08:00,8,2.969e-05
2026-07-24 16:00,8,-0.00012832
2026-07-25 00:00,8,-0.00046502
2026-07-25 08:00,8,-0.00044601
2026-07-25 16:00,8,-0.0003105
2026-07-26 00:00,8,-0.00018182
2026-07-26 08:00,8,-0.00028035
2026-07-26 16:00,8,-0.00039666
2026-07-27 00:00,8,6.016e-05
2026-07-27 08:00,8,0.0001
2026-07-27 16:00,8,7.723e-05
2026-07-28 00:00,8,3.917e-05
2026-07-28 08:00,8,-9.709e-05
2026-07-28 16:00,8,-0.00018614
2026-07-29 00:00,8,-8.577e-05
2026-07-29 08:00,8,-0.00014071
2026-07-29 16:00,8,-2.512e-05
2026-07-30 00:00,8,-0.00011715
2026-07-30 08:00,8,7.528e-05
2026-07-30 16:00,8,-0.0001162
2026-07-31 00:00,8,-4.689e-05
2026-07-31 08:00,8,7e-07
2026-07-31 16:00,8,-6.861e-05
2026-08-01 00:00,8,-0.00016706
2026-08-01 08:00,8,-2.085e-05
2026-08-01 16:00,8,2.768e-05
2026-08-02 00:00,8,-6.395e-05
2026-08-02 08:00,8,8.47e-06
2026-08-02 16:00,8,7.177e-05
2026-08-03 00:00,8,-1.59e-06
2026-08-03 08:00,8,2.51e-06
2026-08-03 16:00,8,2.107e-05
2026-08-04 00:00,8,0.0001
2026-08-04 08:00,8,5.918e-05
2026-08-04 16:00,8,2.267e-05
2026-08-05 00:00,8,0.0001
2026-08-05 08:00,8,5.641e-05
2026-08-05 16:00,8,-3.74e-05
2026-08-06 00:00,8,-1.814e-05
2026-08-06 08:00,8,5.4e-07
2026-08-06 16:00,8,-0.00059963
2026-08-07 00:00,8,-0.0003926
2026-08-07 08:00,8,-0.00021341
2026-08-07 16:00,8,-3.991e-05
2026-08-08 00:00,8,-5.098e-05
2026-08-08 08:00,8,-3.256e-05
2026-08-08 16:00,8,-0.00015864
2026-08-09 00:00,8,-0.0001176
2026-08-09 08:00,8,-0.0001062
2026-08-09 16:00,8,9.897e-05
2026-08-10 00:00,8,0.0001
2026-08-10 08:00,8,5.433e-05
2026-08-10 16:00,8,5.559e-05
2026-08-11 00:00,8,1.804e-05
2026-08-11 08:00,8,6.571e-05
2026-08-11 16:00,8,-2.274e-05
2026-08-12 00:00,8,-6.2e-07
2026-08-12 08:00,8,-1.646e-05
2026-08-12 16:00,8,2.108e-05
2026-08-13 00:00,8,-8.004e-05
2026-08-13 08:00,8,4.831e-05
2026-08-13 16:00,8,6.914e-05
2026-08-14 00:00,8,-6.601e-05
2026-08-14 08:00,8,-5.325e-05
2026-08-14 16:00,8,1.48e-05
2026-08-15 00:00,8,6.657e-05
2026-08-15 08:00,8,3.853e-05
2026-08-15 16:00,8,-3.838e-05
2026-08-16 00:00,8,1.312e-05
2026-08-16 08:00,8,1.98e-06
2026-08-16 16:00,8,4.56e-06
2026-08-17 00:00,8,1.88e-06
2026-08-17 08:00,8,0.0001
2026-08-17 16:00,8,-0.00011383
2026-08-18 00:00,8,-7.201e-05
2026-08-18 08:00,8,-0.00050875
2026-08-18 16:00,8,-0.00028188
2026-08-19 00:00,8,-7.751e-05
2026-08-19 08:00,8,-4.636e-05
2026-08-19 16:00,8,-0.00015666
2026-08-20 00:00,8,0.0001
2026-08-20 08:00,8,0.0001
2026-08-20 16:00,8,0.0001
2026-08-21 00:00,8,0.0001
2026-08-21 08:00,8,0.0001
2026-08-21 16:00,8,0.0001
2026-08-22 00:00,8,0.0001
2026-08-22 08:00,8,0.0001
2026-08-22 16:00,8,0.0001
2026-08-23 00:00,8,0.0001
2026-08-23 08:00,8,0.0001
2026-08-23 16:00,8,0.0001
2026-08-24 00:00,8,7.664e-05
2026-08-24 08:00,8,0.0001
2026-08-24 16:00,8,4.156e-05
2026-08-25 00:00,8,6.733e-05
2026-08-25 08:00,8,0.0001
2026-08-25 16:00,8,2.596e-05
2026-08-26 00:00,8,4.631e-05
2026-08-26 08:00,8,2.082e-05
2026-08-26 16:00,8,9.237e-05
2026-08-27 00:00,8,0.0001
2026-08-27 08:00,8,0.0001
2026-08-27 16:00,8,6.588e-05
2026-08-28 00:00,8,7.11e-05
2026-08-28 08:00,8,-5.333e-05
2026-08-28 16:00,8,-6.765e-05
2026-08-29 00:00,8,-0.00026672
2026-08-29 08:00,8,-0.00030469
2026-08-29 16:00,8,-0.00022881
2026-08-30 00:00,8,-0.00027443
2026-08-30 08:00,8,-0.00017468
2026-08-30 16:00,8,-0.00023837
2026-08-31 00:00,8,-0.00031667
2026-08-31 08:00,8,-0.00029037
2026-08-31 16:00,8,-0.0001367
2026-09-01 00:00,8,5.676e-05
2026-09-01 08:00,8,5.033e-05
2026-09-01 16:00,8,9.937e-05
2026-09-02 00:00,8,-3.848e-05
2026-09-02 08:00,8,9.285e-05
2026-09-02 16:00,8,-9.881e-05
2026-09-03 00:00,8,2.001e-05
2026-09-03 08:00,8,0.0001
2026-09-03 16:00,8,0.0001
2026-09-04 00:00,8,0.0001
2026-09-04 08:00,8,0.0001
2026-09-04 16:00,8,6.957e-05
2026-09-05 00:00,8,9.839e-05
2026-09-05 08:00,8,0.0001
2026-09-05 16:00,8,0.0001
2026-09-06 00:00,8,0.0001
2026-09-06 08:00,8,0.0001
2026-09-06 16:00,8,0.0001
2026-09-07 00:00,8,1.173e-05
2026-09-07 08:00,8,9.849e-05
2026-09-07 16:00,8,0.0001
2026-09-08 00:00,8,3.659e-05
2026-09-08 08:00,8,0.0001
2026-09-08 16:00,8,0.0001
2026-09-09 00:00,8,-1.306e-05
2026-09-09 08:00,8,0.0001
2026-09-09 16:00,8,1.069e-05
2026-09-10 00:00,8,-6.122e-05
2026-09-10 08:00,8,-1.874e-05
2026-09-10 16:00,8,-6.81e-06
2026-09-11 00:00,8,3.612e-05
2026-09-11 08:00,8,-8.5e-07
2026-09-11 16:00,8,-3.072e-05
2026-09-12 00:00,8,-6.665e-05
2026-09-12 08:00,8,4.633e-05
2026-09-12 16:00,8,-0.00010873
2026-09-13 00:00,8,-0.00010067
2026-09-13 08:00,8,-5.81e-06
2026-09-13 16:00,8,-0.00010423
2026-09-14 00:00,8,-0.00018248
2026-09-14 08:00,8,-1.028e-05
2026-09-14 16:00,8,-0.00016131
2026-09-15 00:00,8,-0.00010624
2026-09-15 08:00,8,-0.00012092
2026-09-15 16:00,8,-2.545e-05
2026-09-16 00:00,8,3.836e-05
2026-09-16 08:00,8,-6.687e-05
2026-09-16 16:00,8,-9.597e-05
2026-09-17 00:00,8,0.0001
2026-09-17 08:00,8,0.0001
2026-09-17 16:00,8,0.0001
2026-09-18 00:00,8,0.0001
2026-09-18 08:00,8,0.0001
2026-09-18 16:00,8,0.0001
2026-09-19 00:00,8,0.0001
2026-09-19 08:00,8,5.768e-05
2026-09-19 16:00,8,5.492e-05
2026-09-20 00:00,8,0.0001
2026-09-20 08:00,8,0.0001
2026-09-20 16:00,8,3.046e-05
2026-09-21 00:00,8,7.901e-05
2026-09-21 08:00,8,0.0001
2026-09-21 16:00,8,-4.356e-05
2026-09-22 00:00,8,0.0001
2026-09-22 08:00,8,0.0001
2026-09-22 16:00,8,0.0001
2026-09-23 00:00,8,0.0001
2026-09-23 08:00,8,0.0001
2026-09-23 16:00,8,0.0001
2026-09-24 00:00,8,-0.00014666
2026-09-24 08:00,8,-0.00020782
2026-09-24 16:00,8,0.0001
2026-09-25 00:00,8,0.0001
2026-09-25 08:00,8,1.88e-06
2026-09-25 16:00,8,6.635e-05
2026-09-26 00:00,8,0.0001
2026-09-26 08:00,8,0.0001
2026-09-26 16:00,8,0.0001
2026-09-27 00:00,8,0.0001
2026-09-27 08:00,8,0.0001
2026-09-27 16:00,8,0.0001
2026-09-28 00:00,8,0.0001
2026-09-28 08:00,8,0.0001
2026-09-28 16:00,8,2.501e-05
2026-09-29 00:00,8,2.518e-05
2026-09-29 08:00,8,4.828e-05
2026-09-29 16:00,8,8.788e-05
2026-09-30 00:00,8,1.444e-05
2026-09-30 08:00,8,6.336e-05
2026-09-30 16:00,8,0.0001
